[
    {
        "value": 9.0,
        "flagInfo": {
            "hasFlags": false
        },
        "parameter": {
            "id": 2,
            "name": "pm25",
            "units": "\u00b5g/m\u00b3",
            "displayName": null
        },
        "period": {
            "label": "raw",
            "interval": "01:00:00",
            "datetimeFrom": {
                "utc": "2017-11-23T22:00:00Z",
                "local": "2017-11-23T14:00:00-08:00"
            },
            "datetimeTo": {
                "utc": "2017-11-23T23:00:00Z",
                "local": "2017-11-23T15:00:00-08:00"
            }
        },
        "coordinates": null,
        "summary": null,
        "coverage": {
            "expectedCount": 1,
            "expectedInterval": "01:00:00",
            "observedCount": 1,
            "observedInterval": "01:00:00",
            "percentComplete": 100.0,
            "percentCoverage": 100.0,
            "datetimeFrom": {
                "utc": "2017-11-23T22:00:00Z",
                "local": "2017-11-23T14:00:00-08:00"
            },
            "datetimeTo": {
                "utc": "2017-11-23T23:00:00Z",
                "local": "2017-11-23T15:00:00-08:00"
            }
        }
    },
    {
        "value": 11.0,
        "flagInfo": {
            "hasFlags": false
        },
        "parameter": {
            "id": 2,
            "name": "pm25",
            "units": "\u00b5g/m\u00b3",
            "displayName": null
        },
        "period": {
            "label": "raw",
            "interval": "01:00:00",
            "datetimeFrom": {
                "utc": "2017-11-24T01:00:00Z",
                "local": "2017-11-23T17:00:00-08:00"
            },
            "datetimeTo": {
                "utc": "2017-11-24T02:00:00Z",
                "local": "2017-11-23T18:00:00-08:00"
            }
        },
        "coordinates": null,
        "summary": null,
        "coverage": {
            "expectedCount": 1,
            "expectedInterval": "01:00:00",
            "observedCount": 1,
            "observedInterval": "01:00:00",
            "percentComplete": 100.0,
            "percentCoverage": 100.0,
            "datetimeFrom": {
                "utc": "2017-11-24T01:00:00Z",
                "local": "2017-11-23T17:00:00-08:00"
            },
            "datetimeTo": {
                "utc": "2017-11-24T02:00:00Z",
                "local": "2017-11-23T18:00:00-08:00"
            }
        }
    },
    {
        "value": 4.0,
        "flagInfo": {
            "hasFlags": false
        },
        "parameter": {
            "id": 2,
            "name": "pm25",
            "units": "\u00b5g/m\u00b3",
            "displayName": null
        },
        "period": {
            "label": "raw",
            "interval": "01:00:00",
            "datetimeFrom": {
                "utc": "2017-11-25T05:00:00Z",
                "local": "2017-11-24T21:00:00-08:00"
            },
            "datetimeTo": {
                "utc": "2017-11-25T06:00:00Z",
                "local": "2017-11-24T22:00:00-08:00"
            }
        },
        "coordinates": null,
        "summary": null,
        "coverage": {
            "expectedCount": 1,
            "expectedInterval": "01:00:00",
            "observedCount": 1,
            "observedInterval": "01:00:00",
            "percentComplete": 100.0,
            "percentCoverage": 100.0,
            "datetimeFrom": {
                "utc": "2017-11-25T05:00:00Z",
                "local": "2017-11-24T21:00:00-08:00"
            },
            "datetimeTo": {
                "utc": "2017-11-25T06:00:00Z",
                "local": "2017-11-24T22:00:00-08:00"
            }
        }
    },
    {
        "value": 4.0,
        "flagInfo": {
            "hasFlags": false
        },
        "parameter": {
            "id": 2,
            "name": "pm25",
            "units": "\u00b5g/m\u00b3",
            "displayName": null
        },
        "period": {
            "label": "raw",
            "interval": "01:00:00",
            "datetimeFrom": {
                "utc": "2017-11-28T22:00:00Z",
                "local": "2017-11-28T14:00:00-08:00"
            },
            "datetimeTo": {
                "utc": "2017-11-28T23:00:00Z",
                "local": "2017-11-28T15:00:00-08:00"
            }
        },
        "coordinates": null,
        "summary": null,
        "coverage": {
            "expectedCount": 1,
            "expectedInterval": "01:00:00",
            "observedCount": 1,
            "observedInterval": "01:00:00",
            "percentComplete": 100.0,
            "percentCoverage": 100.0,
            "datetimeFrom": {
                "utc": "2017-11-28T22:00:00Z",
                "local": "2017-11-28T14:00:00-08:00"
            },
            "datetimeTo": {
                "utc": "2017-11-28T23:00:00Z",
                "local": "2017-11-28T15:00:00-08:00"
            }
        }
    },
    {
        "value": 0.0,
        "flagInfo": {
            "hasFlags": false
        },
        "parameter": {
            "id": 2,
            "name": "pm25",
            "units": "\u00b5g/m\u00b3",
            "displayName": null
        },
        "period": {
            "label": "raw",
            "interval": "01:00:00",
            "datetimeFrom": {
                "utc": "2017-12-01T02:00:00Z",
                "local": "2017-11-30T18:00:00-08:00"
            },
            "datetimeTo": {
                "utc": "2017-12-01T03:00:00Z",
                "local": "2017-11-30T19:00:00-08:00"
            }
        },
        "coordinates": null,
        "summary": null,
        "coverage": {
            "expectedCount": 1,
            "expectedInterval": "01:00:00",
            "observedCount": 1,
            "observedInterval": "01:00:00",
            "percentComplete": 100.0,
            "percentCoverage": 100.0,
            "datetimeFrom": {
                "utc": "2017-12-01T02:00:00Z",
                "local": "2017-11-30T18:00:00-08:00"
            },
            "datetimeTo": {
                "utc": "2017-12-01T03:00:00Z",
                "local": "2017-11-30T19:00:00-08:00"
            }
        }
    },
    {
        "value": 6.0,
        "flagInfo": {
            "hasFlags": false
        },
        "parameter": {
            "id": 2,
            "name": "pm25",
            "units": "\u00b5g/m\u00b3",
            "displayName": null
        },
        "period": {
            "label": "raw",
            "interval": "01:00:00",
            "datetimeFrom": {
                "utc": "2017-12-01T11:00:00Z",
                "local": "2017-12-01T03:00:00-08:00"
            },
            "datetimeTo": {
                "utc": "2017-12-01T12:00:00Z",
                "local": "2017-12-01T04:00:00-08:00"
            }
        },
        "coordinates": null,
        "summary": null,
        "coverage": {
            "expectedCount": 1,
            "expectedInterval": "01:00:00",
            "observedCount": 1,
            "observedInterval": "01:00:00",
            "percentComplete": 100.0,
            "percentCoverage": 100.0,
            "datetimeFrom": {
                "utc": "2017-12-01T11:00:00Z",
                "local": "2017-12-01T03:00:00-08:00"
            },
            "datetimeTo": {
                "utc": "2017-12-01T12:00:00Z",
                "local": "2017-12-01T04:00:00-08:00"
            }
        }
    },
    {
        "value": 12.0,
        "flagInfo": {
            "hasFlags": false
        },
        "parameter": {
            "id": 2,
            "name": "pm25",
            "units": "\u00b5g/m\u00b3",
            "displayName": null
        },
        "period": {
            "label": "raw",
            "interval": "01:00:00",
            "datetimeFrom": {
                "utc": "2017-12-01T21:00:00Z",
                "local": "2017-12-01T13:00:00-08:00"
            },
            "datetimeTo": {
                "utc": "2017-12-01T22:00:00Z",
                "local": "2017-12-01T14:00:00-08:00"
            }
        },
        "coordinates": null,
        "summary": null,
        "coverage": {
            "expectedCount": 1,
            "expectedInterval": "01:00:00",
            "observedCount": 1,
            "observedInterval": "01:00:00",
            "percentComplete": 100.0,
            "percentCoverage": 100.0,
            "datetimeFrom": {
                "utc": "2017-12-01T21:00:00Z",
                "local": "2017-12-01T13:00:00-08:00"
            },
            "datetimeTo": {
                "utc": "2017-12-01T22:00:00Z",
                "local": "2017-12-01T14:00:00-08:00"
            }
        }
    },
    {
        "value": 15.0,
        "flagInfo": {
            "hasFlags": false
        },
        "parameter": {
            "id": 2,
            "name": "pm25",
            "units": "\u00b5g/m\u00b3",
            "displayName": null
        },
        "period": {
            "label": "raw",
            "interval": "01:00:00",
            "datetimeFrom": {
                "utc": "2017-12-02T09:00:00Z",
                "local": "2017-12-02T01:00:00-08:00"
            },
            "datetimeTo": {
                "utc": "2017-12-02T10:00:00Z",
                "local": "2017-12-02T02:00:00-08:00"
            }
        },
        "coordinates": null,
        "summary": null,
        "coverage": {
            "expectedCount": 1,
            "expectedInterval": "01:00:00",
            "observedCount": 1,
            "observedInterval": "01:00:00",
            "percentComplete": 100.0,
            "percentCoverage": 100.0,
            "datetimeFrom": {
                "utc": "2017-12-02T09:00:00Z",
                "local": "2017-12-02T01:00:00-08:00"
            },
            "datetimeTo": {
                "utc": "2017-12-02T10:00:00Z",
                "local": "2017-12-02T02:00:00-08:00"
            }
        }
    },
    {
        "value": 1.0,
        "flagInfo": {
            "hasFlags": false
        },
        "parameter": {
            "id": 2,
            "name": "pm25",
            "units": "\u00b5g/m\u00b3",
            "displayName": null
        },
        "period": {
            "label": "raw",
            "interval": "01:00:00",
            "datetimeFrom": {
                "utc": "2017-12-03T23:00:00Z",
                "local": "2017-12-03T15:00:00-08:00"
            },
            "datetimeTo": {
                "utc": "2017-12-04T00:00:00Z",
                "local": "2017-12-03T16:00:00-08:00"
            }
        },
        "coordinates": null,
        "summary": null,
        "coverage": {
            "expectedCount": 1,
            "expectedInterval": "01:00:00",
            "observedCount": 1,
            "observedInterval": "01:00:00",
            "percentComplete": 100.0,
            "percentCoverage": 100.0,
            "datetimeFrom": {
                "utc": "2017-12-03T23:00:00Z",
                "local": "2017-12-03T15:00:00-08:00"
            },
            "datetimeTo": {
                "utc": "2017-12-04T00:00:00Z",
                "local": "2017-12-03T16:00:00-08:00"
            }
        }
    },
    {
        "value": 2.0,
        "flagInfo": {
            "hasFlags": false
        },
        "parameter": {
            "id": 2,
            "name": "pm25",
            "units": "\u00b5g/m\u00b3",
            "displayName": null
        },
        "period": {
            "label": "raw",
            "interval": "01:00:00",
            "datetimeFrom": {
                "utc": "2017-12-04T00:00:00Z",
                "local": "2017-12-03T16:00:00-08:00"
            },
            "datetimeTo": {
                "utc": "2017-12-04T01:00:00Z",
                "local": "2017-12-03T17:00:00-08:00"
            }
        },
        "coordinates": null,
        "summary": null,
        "coverage": {
            "expectedCount": 1,
            "expectedInterval": "01:00:00",
            "observedCount": 1,
            "observedInterval": "01:00:00",
            "percentComplete": 100.0,
            "percentCoverage": 100.0,
            "datetimeFrom": {
                "utc": "2017-12-04T00:00:00Z",
                "local": "2017-12-03T16:00:00-08:00"
            },
            "datetimeTo": {
                "utc": "2017-12-04T01:00:00Z",
                "local": "2017-12-03T17:00:00-08:00"
            }
        }
    },
    {
        "value": -2.0,
        "flagInfo": {
            "hasFlags": false
        },
        "parameter": {
            "id": 2,
            "name": "pm25",
            "units": "\u00b5g/m\u00b3",
            "displayName": null
        },
        "period": {
            "label": "raw",
            "interval": "01:00:00",
            "datetimeFrom": {
                "utc": "2017-12-04T02:00:00Z",
                "local": "2017-12-03T18:00:00-08:00"
            },
            "datetimeTo": {
                "utc": "2017-12-04T03:00:00Z",
                "local": "2017-12-03T19:00:00-08:00"
            }
        },
        "coordinates": null,
        "summary": null,
        "coverage": {
            "expectedCount": 1,
            "expectedInterval": "01:00:00",
            "observedCount": 1,
            "observedInterval": "01:00:00",
            "percentComplete": 100.0,
            "percentCoverage": 100.0,
            "datetimeFrom": {
                "utc": "2017-12-04T02:00:00Z",
                "local": "2017-12-03T18:00:00-08:00"
            },
            "datetimeTo": {
                "utc": "2017-12-04T03:00:00Z",
                "local": "2017-12-03T19:00:00-08:00"
            }
        }
    },
    {
        "value": 4.0,
        "flagInfo": {
            "hasFlags": false
        },
        "parameter": {
            "id": 2,
            "name": "pm25",
            "units": "\u00b5g/m\u00b3",
            "displayName": null
        },
        "period": {
            "label": "raw",
            "interval": "01:00:00",
            "datetimeFrom": {
                "utc": "2017-12-04T04:00:00Z",
                "local": "2017-12-03T20:00:00-08:00"
            },
            "datetimeTo": {
                "utc": "2017-12-04T05:00:00Z",
                "local": "2017-12-03T21:00:00-08:00"
            }
        },
        "coordinates": null,
        "summary": null,
        "coverage": {
            "expectedCount": 1,
            "expectedInterval": "01:00:00",
            "observedCount": 1,
            "observedInterval": "01:00:00",
            "percentComplete": 100.0,
            "percentCoverage": 100.0,
            "datetimeFrom": {
                "utc": "2017-12-04T04:00:00Z",
                "local": "2017-12-03T20:00:00-08:00"
            },
            "datetimeTo": {
                "utc": "2017-12-04T05:00:00Z",
                "local": "2017-12-03T21:00:00-08:00"
            }
        }
    }
]