[
    {
        "value": 101.0,
        "flagInfo": {
            "hasFlags": false
        },
        "parameter": {
            "id": 2,
            "name": "pm25",
            "units": "\u00b5g/m\u00b3",
            "displayName": null
        },
        "period": {
            "label": "raw",
            "interval": "01:00:00",
            "datetimeFrom": {
                "utc": "2017-12-15T08:00:00Z",
                "local": "2017-12-15T00:00:00-08:00"
            },
            "datetimeTo": {
                "utc": "2017-12-15T09:00:00Z",
                "local": "2017-12-15T01:00:00-08:00"
            }
        },
        "coordinates": null,
        "summary": null,
        "coverage": {
            "expectedCount": 1,
            "expectedInterval": "01:00:00",
            "observedCount": 1,
            "observedInterval": "01:00:00",
            "percentComplete": 100.0,
            "percentCoverage": 100.0,
            "datetimeFrom": {
                "utc": "2017-12-15T08:00:00Z",
                "local": "2017-12-15T00:00:00-08:00"
            },
            "datetimeTo": {
                "utc": "2017-12-15T09:00:00Z",
                "local": "2017-12-15T01:00:00-08:00"
            }
        }
    },
    {
        "value": 131.0,
        "flagInfo": {
            "hasFlags": false
        },
        "parameter": {
            "id": 2,
            "name": "pm25",
            "units": "\u00b5g/m\u00b3",
            "displayName": null
        },
        "period": {
            "label": "raw",
            "interval": "01:00:00",
            "datetimeFrom": {
                "utc": "2017-12-15T17:00:00Z",
                "local": "2017-12-15T09:00:00-08:00"
            },
            "datetimeTo": {
                "utc": "2017-12-15T18:00:00Z",
                "local": "2017-12-15T10:00:00-08:00"
            }
        },
        "coordinates": null,
        "summary": null,
        "coverage": {
            "expectedCount": 1,
            "expectedInterval": "01:00:00",
            "observedCount": 1,
            "observedInterval": "01:00:00",
            "percentComplete": 100.0,
            "percentCoverage": 100.0,
            "datetimeFrom": {
                "utc": "2017-12-15T17:00:00Z",
                "local": "2017-12-15T09:00:00-08:00"
            },
            "datetimeTo": {
                "utc": "2017-12-15T18:00:00Z",
                "local": "2017-12-15T10:00:00-08:00"
            }
        }
    },
    {
        "value": 36.0,
        "flagInfo": {
            "hasFlags": false
        },
        "parameter": {
            "id": 2,
            "name": "pm25",
            "units": "\u00b5g/m\u00b3",
            "displayName": null
        },
        "period": {
            "label": "raw",
            "interval": "01:00:00",
            "datetimeFrom": {
                "utc": "2017-12-15T21:00:00Z",
                "local": "2017-12-15T13:00:00-08:00"
            },
            "datetimeTo": {
                "utc": "2017-12-15T22:00:00Z",
                "local": "2017-12-15T14:00:00-08:00"
            }
        },
        "coordinates": null,
        "summary": null,
        "coverage": {
            "expectedCount": 1,
            "expectedInterval": "01:00:00",
            "observedCount": 1,
            "observedInterval": "01:00:00",
            "percentComplete": 100.0,
            "percentCoverage": 100.0,
            "datetimeFrom": {
                "utc": "2017-12-15T21:00:00Z",
                "local": "2017-12-15T13:00:00-08:00"
            },
            "datetimeTo": {
                "utc": "2017-12-15T22:00:00Z",
                "local": "2017-12-15T14:00:00-08:00"
            }
        }
    },
    {
        "value": 28.0,
        "flagInfo": {
            "hasFlags": false
        },
        "parameter": {
            "id": 2,
            "name": "pm25",
            "units": "\u00b5g/m\u00b3",
            "displayName": null
        },
        "period": {
            "label": "raw",
            "interval": "01:00:00",
            "datetimeFrom": {
                "utc": "2017-12-15T22:00:00Z",
                "local": "2017-12-15T14:00:00-08:00"
            },
            "datetimeTo": {
                "utc": "2017-12-15T23:00:00Z",
                "local": "2017-12-15T15:00:00-08:00"
            }
        },
        "coordinates": null,
        "summary": null,
        "coverage": {
            "expectedCount": 1,
            "expectedInterval": "01:00:00",
            "observedCount": 1,
            "observedInterval": "01:00:00",
            "percentComplete": 100.0,
            "percentCoverage": 100.0,
            "datetimeFrom": {
                "utc": "2017-12-15T22:00:00Z",
                "local": "2017-12-15T14:00:00-08:00"
            },
            "datetimeTo": {
                "utc": "2017-12-15T23:00:00Z",
                "local": "2017-12-15T15:00:00-08:00"
            }
        }
    },
    {
        "value": 36.0,
        "flagInfo": {
            "hasFlags": false
        },
        "parameter": {
            "id": 2,
            "name": "pm25",
            "units": "\u00b5g/m\u00b3",
            "displayName": null
        },
        "period": {
            "label": "raw",
            "interval": "01:00:00",
            "datetimeFrom": {
                "utc": "2017-12-16T05:00:00Z",
                "local": "2017-12-15T21:00:00-08:00"
            },
            "datetimeTo": {
                "utc": "2017-12-16T06:00:00Z",
                "local": "2017-12-15T22:00:00-08:00"
            }
        },
        "coordinates": null,
        "summary": null,
        "coverage": {
            "expectedCount": 1,
            "expectedInterval": "01:00:00",
            "observedCount": 1,
            "observedInterval": "01:00:00",
            "percentComplete": 100.0,
            "percentCoverage": 100.0,
            "datetimeFrom": {
                "utc": "2017-12-16T05:00:00Z",
                "local": "2017-12-15T21:00:00-08:00"
            },
            "datetimeTo": {
                "utc": "2017-12-16T06:00:00Z",
                "local": "2017-12-15T22:00:00-08:00"
            }
        }
    },
    {
        "value": 31.0,
        "flagInfo": {
            "hasFlags": false
        },
        "parameter": {
            "id": 2,
            "name": "pm25",
            "units": "\u00b5g/m\u00b3",
            "displayName": null
        },
        "period": {
            "label": "raw",
            "interval": "01:00:00",
            "datetimeFrom": {
                "utc": "2017-12-16T11:00:00Z",
                "local": "2017-12-16T03:00:00-08:00"
            },
            "datetimeTo": {
                "utc": "2017-12-16T12:00:00Z",
                "local": "2017-12-16T04:00:00-08:00"
            }
        },
        "coordinates": null,
        "summary": null,
        "coverage": {
            "expectedCount": 1,
            "expectedInterval": "01:00:00",
            "observedCount": 1,
            "observedInterval": "01:00:00",
            "percentComplete": 100.0,
            "percentCoverage": 100.0,
            "datetimeFrom": {
                "utc": "2017-12-16T11:00:00Z",
                "local": "2017-12-16T03:00:00-08:00"
            },
            "datetimeTo": {
                "utc": "2017-12-16T12:00:00Z",
                "local": "2017-12-16T04:00:00-08:00"
            }
        }
    },
    {
        "value": 28.0,
        "flagInfo": {
            "hasFlags": false
        },
        "parameter": {
            "id": 2,
            "name": "pm25",
            "units": "\u00b5g/m\u00b3",
            "displayName": null
        },
        "period": {
            "label": "raw",
            "interval": "01:00:00",
            "datetimeFrom": {
                "utc": "2017-12-16T13:00:00Z",
                "local": "2017-12-16T05:00:00-08:00"
            },
            "datetimeTo": {
                "utc": "2017-12-16T14:00:00Z",
                "local": "2017-12-16T06:00:00-08:00"
            }
        },
        "coordinates": null,
        "summary": null,
        "coverage": {
            "expectedCount": 1,
            "expectedInterval": "01:00:00",
            "observedCount": 1,
            "observedInterval": "01:00:00",
            "percentComplete": 100.0,
            "percentCoverage": 100.0,
            "datetimeFrom": {
                "utc": "2017-12-16T13:00:00Z",
                "local": "2017-12-16T05:00:00-08:00"
            },
            "datetimeTo": {
                "utc": "2017-12-16T14:00:00Z",
                "local": "2017-12-16T06:00:00-08:00"
            }
        }
    },
    {
        "value": 38.0,
        "flagInfo": {
            "hasFlags": false
        },
        "parameter": {
            "id": 2,
            "name": "pm25",
            "units": "\u00b5g/m\u00b3",
            "displayName": null
        },
        "period": {
            "label": "raw",
            "interval": "01:00:00",
            "datetimeFrom": {
                "utc": "2017-12-16T15:00:00Z",
                "local": "2017-12-16T07:00:00-08:00"
            },
            "datetimeTo": {
                "utc": "2017-12-16T16:00:00Z",
                "local": "2017-12-16T08:00:00-08:00"
            }
        },
        "coordinates": null,
        "summary": null,
        "coverage": {
            "expectedCount": 1,
            "expectedInterval": "01:00:00",
            "observedCount": 1,
            "observedInterval": "01:00:00",
            "percentComplete": 100.0,
            "percentCoverage": 100.0,
            "datetimeFrom": {
                "utc": "2017-12-16T15:00:00Z",
                "local": "2017-12-16T07:00:00-08:00"
            },
            "datetimeTo": {
                "utc": "2017-12-16T16:00:00Z",
                "local": "2017-12-16T08:00:00-08:00"
            }
        }
    },
    {
        "value": 46.0,
        "flagInfo": {
            "hasFlags": false
        },
        "parameter": {
            "id": 2,
            "name": "pm25",
            "units": "\u00b5g/m\u00b3",
            "displayName": null
        },
        "period": {
            "label": "raw",
            "interval": "01:00:00",
            "datetimeFrom": {
                "utc": "2017-12-16T17:00:00Z",
                "local": "2017-12-16T09:00:00-08:00"
            },
            "datetimeTo": {
                "utc": "2017-12-16T18:00:00Z",
                "local": "2017-12-16T10:00:00-08:00"
            }
        },
        "coordinates": null,
        "summary": null,
        "coverage": {
            "expectedCount": 1,
            "expectedInterval": "01:00:00",
            "observedCount": 1,
            "observedInterval": "01:00:00",
            "percentComplete": 100.0,
            "percentCoverage": 100.0,
            "datetimeFrom": {
                "utc": "2017-12-16T17:00:00Z",
                "local": "2017-12-16T09:00:00-08:00"
            },
            "datetimeTo": {
                "utc": "2017-12-16T18:00:00Z",
                "local": "2017-12-16T10:00:00-08:00"
            }
        }
    },
    {
        "value": 44.0,
        "flagInfo": {
            "hasFlags": false
        },
        "parameter": {
            "id": 2,
            "name": "pm25",
            "units": "\u00b5g/m\u00b3",
            "displayName": null
        },
        "period": {
            "label": "raw",
            "interval": "01:00:00",
            "datetimeFrom": {
                "utc": "2017-12-16T18:00:00Z",
                "local": "2017-12-16T10:00:00-08:00"
            },
            "datetimeTo": {
                "utc": "2017-12-16T19:00:00Z",
                "local": "2017-12-16T11:00:00-08:00"
            }
        },
        "coordinates": null,
        "summary": null,
        "coverage": {
            "expectedCount": 1,
            "expectedInterval": "01:00:00",
            "observedCount": 1,
            "observedInterval": "01:00:00",
            "percentComplete": 100.0,
            "percentCoverage": 100.0,
            "datetimeFrom": {
                "utc": "2017-12-16T18:00:00Z",
                "local": "2017-12-16T10:00:00-08:00"
            },
            "datetimeTo": {
                "utc": "2017-12-16T19:00:00Z",
                "local": "2017-12-16T11:00:00-08:00"
            }
        }
    },
    {
        "value": 34.0,
        "flagInfo": {
            "hasFlags": false
        },
        "parameter": {
            "id": 2,
            "name": "pm25",
            "units": "\u00b5g/m\u00b3",
            "displayName": null
        },
        "period": {
            "label": "raw",
            "interval": "01:00:00",
            "datetimeFrom": {
                "utc": "2017-12-16T20:00:00Z",
                "local": "2017-12-16T12:00:00-08:00"
            },
            "datetimeTo": {
                "utc": "2017-12-16T21:00:00Z",
                "local": "2017-12-16T13:00:00-08:00"
            }
        },
        "coordinates": null,
        "summary": null,
        "coverage": {
            "expectedCount": 1,
            "expectedInterval": "01:00:00",
            "observedCount": 1,
            "observedInterval": "01:00:00",
            "percentComplete": 100.0,
            "percentCoverage": 100.0,
            "datetimeFrom": {
                "utc": "2017-12-16T20:00:00Z",
                "local": "2017-12-16T12:00:00-08:00"
            },
            "datetimeTo": {
                "utc": "2017-12-16T21:00:00Z",
                "local": "2017-12-16T13:00:00-08:00"
            }
        }
    },
    {
        "value": 50.0,
        "flagInfo": {
            "hasFlags": false
        },
        "parameter": {
            "id": 2,
            "name": "pm25",
            "units": "\u00b5g/m\u00b3",
            "displayName": null
        },
        "period": {
            "label": "raw",
            "interval": "01:00:00",
            "datetimeFrom": {
                "utc": "2017-12-17T05:00:00Z",
                "local": "2017-12-16T21:00:00-08:00"
            },
            "datetimeTo": {
                "utc": "2017-12-17T06:00:00Z",
                "local": "2017-12-16T22:00:00-08:00"
            }
        },
        "coordinates": null,
        "summary": null,
        "coverage": {
            "expectedCount": 1,
            "expectedInterval": "01:00:00",
            "observedCount": 1,
            "observedInterval": "01:00:00",
            "percentComplete": 100.0,
            "percentCoverage": 100.0,
            "datetimeFrom": {
                "utc": "2017-12-17T05:00:00Z",
                "local": "2017-12-16T21:00:00-08:00"
            },
            "datetimeTo": {
                "utc": "2017-12-17T06:00:00Z",
                "local": "2017-12-16T22:00:00-08:00"
            }
        }
    },
    {
        "value": 19.0,
        "flagInfo": {
            "hasFlags": false
        },
        "parameter": {
            "id": 2,
            "name": "pm25",
            "units": "\u00b5g/m\u00b3",
            "displayName": null
        },
        "period": {
            "label": "raw",
            "interval": "01:00:00",
            "datetimeFrom": {
                "utc": "2017-12-17T12:00:00Z",
                "local": "2017-12-17T04:00:00-08:00"
            },
            "datetimeTo": {
                "utc": "2017-12-17T13:00:00Z",
                "local": "2017-12-17T05:00:00-08:00"
            }
        },
        "coordinates": null,
        "summary": null,
        "coverage": {
            "expectedCount": 1,
            "expectedInterval": "01:00:00",
            "observedCount": 1,
            "observedInterval": "01:00:00",
            "percentComplete": 100.0,
            "percentCoverage": 100.0,
            "datetimeFrom": {
                "utc": "2017-12-17T12:00:00Z",
                "local": "2017-12-17T04:00:00-08:00"
            },
            "datetimeTo": {
                "utc": "2017-12-17T13:00:00Z",
                "local": "2017-12-17T05:00:00-08:00"
            }
        }
    },
    {
        "value": 25.0,
        "flagInfo": {
            "hasFlags": false
        },
        "parameter": {
            "id": 2,
            "name": "pm25",
            "units": "\u00b5g/m\u00b3",
            "displayName": null
        },
        "period": {
            "label": "raw",
            "interval": "01:00:00",
            "datetimeFrom": {
                "utc": "2017-12-17T13:00:00Z",
                "local": "2017-12-17T05:00:00-08:00"
            },
            "datetimeTo": {
                "utc": "2017-12-17T14:00:00Z",
                "local": "2017-12-17T06:00:00-08:00"
            }
        },
        "coordinates": null,
        "summary": null,
        "coverage": {
            "expectedCount": 1,
            "expectedInterval": "01:00:00",
            "observedCount": 1,
            "observedInterval": "01:00:00",
            "percentComplete": 100.0,
            "percentCoverage": 100.0,
            "datetimeFrom": {
                "utc": "2017-12-17T13:00:00Z",
                "local": "2017-12-17T05:00:00-08:00"
            },
            "datetimeTo": {
                "utc": "2017-12-17T14:00:00Z",
                "local": "2017-12-17T06:00:00-08:00"
            }
        }
    },
    {
        "value": 30.0,
        "flagInfo": {
            "hasFlags": false
        },
        "parameter": {
            "id": 2,
            "name": "pm25",
            "units": "\u00b5g/m\u00b3",
            "displayName": null
        },
        "period": {
            "label": "raw",
            "interval": "01:00:00",
            "datetimeFrom": {
                "utc": "2017-12-17T18:00:00Z",
                "local": "2017-12-17T10:00:00-08:00"
            },
            "datetimeTo": {
                "utc": "2017-12-17T19:00:00Z",
                "local": "2017-12-17T11:00:00-08:00"
            }
        },
        "coordinates": null,
        "summary": null,
        "coverage": {
            "expectedCount": 1,
            "expectedInterval": "01:00:00",
            "observedCount": 1,
            "observedInterval": "01:00:00",
            "percentComplete": 100.0,
            "percentCoverage": 100.0,
            "datetimeFrom": {
                "utc": "2017-12-17T18:00:00Z",
                "local": "2017-12-17T10:00:00-08:00"
            },
            "datetimeTo": {
                "utc": "2017-12-17T19:00:00Z",
                "local": "2017-12-17T11:00:00-08:00"
            }
        }
    },
    {
        "value": 16.0,
        "flagInfo": {
            "hasFlags": false
        },
        "parameter": {
            "id": 2,
            "name": "pm25",
            "units": "\u00b5g/m\u00b3",
            "displayName": null
        },
        "period": {
            "label": "raw",
            "interval": "01:00:00",
            "datetimeFrom": {
                "utc": "2017-12-18T01:00:00Z",
                "local": "2017-12-17T17:00:00-08:00"
            },
            "datetimeTo": {
                "utc": "2017-12-18T02:00:00Z",
                "local": "2017-12-17T18:00:00-08:00"
            }
        },
        "coordinates": null,
        "summary": null,
        "coverage": {
            "expectedCount": 1,
            "expectedInterval": "01:00:00",
            "observedCount": 1,
            "observedInterval": "01:00:00",
            "percentComplete": 100.0,
            "percentCoverage": 100.0,
            "datetimeFrom": {
                "utc": "2017-12-18T01:00:00Z",
                "local": "2017-12-17T17:00:00-08:00"
            },
            "datetimeTo": {
                "utc": "2017-12-18T02:00:00Z",
                "local": "2017-12-17T18:00:00-08:00"
            }
        }
    },
    {
        "value": 39.0,
        "flagInfo": {
            "hasFlags": false
        },
        "parameter": {
            "id": 2,
            "name": "pm25",
            "units": "\u00b5g/m\u00b3",
            "displayName": null
        },
        "period": {
            "label": "raw",
            "interval": "01:00:00",
            "datetimeFrom": {
                "utc": "2017-12-18T03:00:00Z",
                "local": "2017-12-17T19:00:00-08:00"
            },
            "datetimeTo": {
                "utc": "2017-12-18T04:00:00Z",
                "local": "2017-12-17T20:00:00-08:00"
            }
        },
        "coordinates": null,
        "summary": null,
        "coverage": {
            "expectedCount": 1,
            "expectedInterval": "01:00:00",
            "observedCount": 1,
            "observedInterval": "01:00:00",
            "percentComplete": 100.0,
            "percentCoverage": 100.0,
            "datetimeFrom": {
                "utc": "2017-12-18T03:00:00Z",
                "local": "2017-12-17T19:00:00-08:00"
            },
            "datetimeTo": {
                "utc": "2017-12-18T04:00:00Z",
                "local": "2017-12-17T20:00:00-08:00"
            }
        }
    },
    {
        "value": 32.0,
        "flagInfo": {
            "hasFlags": false
        },
        "parameter": {
            "id": 2,
            "name": "pm25",
            "units": "\u00b5g/m\u00b3",
            "displayName": null
        },
        "period": {
            "label": "raw",
            "interval": "01:00:00",
            "datetimeFrom": {
                "utc": "2017-12-18T08:00:00Z",
                "local": "2017-12-18T00:00:00-08:00"
            },
            "datetimeTo": {
                "utc": "2017-12-18T09:00:00Z",
                "local": "2017-12-18T01:00:00-08:00"
            }
        },
        "coordinates": null,
        "summary": null,
        "coverage": {
            "expectedCount": 1,
            "expectedInterval": "01:00:00",
            "observedCount": 1,
            "observedInterval": "01:00:00",
            "percentComplete": 100.0,
            "percentCoverage": 100.0,
            "datetimeFrom": {
                "utc": "2017-12-18T08:00:00Z",
                "local": "2017-12-18T00:00:00-08:00"
            },
            "datetimeTo": {
                "utc": "2017-12-18T09:00:00Z",
                "local": "2017-12-18T01:00:00-08:00"
            }
        }
    },
    {
        "value": 20.0,
        "flagInfo": {
            "hasFlags": false
        },
        "parameter": {
            "id": 2,
            "name": "pm25",
            "units": "\u00b5g/m\u00b3",
            "displayName": null
        },
        "period": {
            "label": "raw",
            "interval": "01:00:00",
            "datetimeFrom": {
                "utc": "2017-12-18T09:00:00Z",
                "local": "2017-12-18T01:00:00-08:00"
            },
            "datetimeTo": {
                "utc": "2017-12-18T10:00:00Z",
                "local": "2017-12-18T02:00:00-08:00"
            }
        },
        "coordinates": null,
        "summary": null,
        "coverage": {
            "expectedCount": 1,
            "expectedInterval": "01:00:00",
            "observedCount": 1,
            "observedInterval": "01:00:00",
            "percentComplete": 100.0,
            "percentCoverage": 100.0,
            "datetimeFrom": {
                "utc": "2017-12-18T09:00:00Z",
                "local": "2017-12-18T01:00:00-08:00"
            },
            "datetimeTo": {
                "utc": "2017-12-18T10:00:00Z",
                "local": "2017-12-18T02:00:00-08:00"
            }
        }
    },
    {
        "value": 20.0,
        "flagInfo": {
            "hasFlags": false
        },
        "parameter": {
            "id": 2,
            "name": "pm25",
            "units": "\u00b5g/m\u00b3",
            "displayName": null
        },
        "period": {
            "label": "raw",
            "interval": "01:00:00",
            "datetimeFrom": {
                "utc": "2017-12-18T14:00:00Z",
                "local": "2017-12-18T06:00:00-08:00"
            },
            "datetimeTo": {
                "utc": "2017-12-18T15:00:00Z",
                "local": "2017-12-18T07:00:00-08:00"
            }
        },
        "coordinates": null,
        "summary": null,
        "coverage": {
            "expectedCount": 1,
            "expectedInterval": "01:00:00",
            "observedCount": 1,
            "observedInterval": "01:00:00",
            "percentComplete": 100.0,
            "percentCoverage": 100.0,
            "datetimeFrom": {
                "utc": "2017-12-18T14:00:00Z",
                "local": "2017-12-18T06:00:00-08:00"
            },
            "datetimeTo": {
                "utc": "2017-12-18T15:00:00Z",
                "local": "2017-12-18T07:00:00-08:00"
            }
        }
    },
    {
        "value": 19.0,
        "flagInfo": {
            "hasFlags": false
        },
        "parameter": {
            "id": 2,
            "name": "pm25",
            "units": "\u00b5g/m\u00b3",
            "displayName": null
        },
        "period": {
            "label": "raw",
            "interval": "01:00:00",
            "datetimeFrom": {
                "utc": "2017-12-18T17:00:00Z",
                "local": "2017-12-18T09:00:00-08:00"
            },
            "datetimeTo": {
                "utc": "2017-12-18T18:00:00Z",
                "local": "2017-12-18T10:00:00-08:00"
            }
        },
        "coordinates": null,
        "summary": null,
        "coverage": {
            "expectedCount": 1,
            "expectedInterval": "01:00:00",
            "observedCount": 1,
            "observedInterval": "01:00:00",
            "percentComplete": 100.0,
            "percentCoverage": 100.0,
            "datetimeFrom": {
                "utc": "2017-12-18T17:00:00Z",
                "local": "2017-12-18T09:00:00-08:00"
            },
            "datetimeTo": {
                "utc": "2017-12-18T18:00:00Z",
                "local": "2017-12-18T10:00:00-08:00"
            }
        }
    },
    {
        "value": 33.0,
        "flagInfo": {
            "hasFlags": false
        },
        "parameter": {
            "id": 2,
            "name": "pm25",
            "units": "\u00b5g/m\u00b3",
            "displayName": null
        },
        "period": {
            "label": "raw",
            "interval": "01:00:00",
            "datetimeFrom": {
                "utc": "2017-12-21T07:00:00Z",
                "local": "2017-12-20T23:00:00-08:00"
            },
            "datetimeTo": {
                "utc": "2017-12-21T08:00:00Z",
                "local": "2017-12-21T00:00:00-08:00"
            }
        },
        "coordinates": null,
        "summary": null,
        "coverage": {
            "expectedCount": 1,
            "expectedInterval": "01:00:00",
            "observedCount": 1,
            "observedInterval": "01:00:00",
            "percentComplete": 100.0,
            "percentCoverage": 100.0,
            "datetimeFrom": {
                "utc": "2017-12-21T07:00:00Z",
                "local": "2017-12-20T23:00:00-08:00"
            },
            "datetimeTo": {
                "utc": "2017-12-21T08:00:00Z",
                "local": "2017-12-21T00:00:00-08:00"
            }
        }
    },
    {
        "value": 15.0,
        "flagInfo": {
            "hasFlags": false
        },
        "parameter": {
            "id": 2,
            "name": "pm25",
            "units": "\u00b5g/m\u00b3",
            "displayName": null
        },
        "period": {
            "label": "raw",
            "interval": "01:00:00",
            "datetimeFrom": {
                "utc": "2017-12-21T08:00:00Z",
                "local": "2017-12-21T00:00:00-08:00"
            },
            "datetimeTo": {
                "utc": "2017-12-21T09:00:00Z",
                "local": "2017-12-21T01:00:00-08:00"
            }
        },
        "coordinates": null,
        "summary": null,
        "coverage": {
            "expectedCount": 1,
            "expectedInterval": "01:00:00",
            "observedCount": 1,
            "observedInterval": "01:00:00",
            "percentComplete": 100.0,
            "percentCoverage": 100.0,
            "datetimeFrom": {
                "utc": "2017-12-21T08:00:00Z",
                "local": "2017-12-21T00:00:00-08:00"
            },
            "datetimeTo": {
                "utc": "2017-12-21T09:00:00Z",
                "local": "2017-12-21T01:00:00-08:00"
            }
        }
    },
    {
        "value": 7.0,
        "flagInfo": {
            "hasFlags": false
        },
        "parameter": {
            "id": 2,
            "name": "pm25",
            "units": "\u00b5g/m\u00b3",
            "displayName": null
        },
        "period": {
            "label": "raw",
            "interval": "01:00:00",
            "datetimeFrom": {
                "utc": "2017-12-21T09:00:00Z",
                "local": "2017-12-21T01:00:00-08:00"
            },
            "datetimeTo": {
                "utc": "2017-12-21T10:00:00Z",
                "local": "2017-12-21T02:00:00-08:00"
            }
        },
        "coordinates": null,
        "summary": null,
        "coverage": {
            "expectedCount": 1,
            "expectedInterval": "01:00:00",
            "observedCount": 1,
            "observedInterval": "01:00:00",
            "percentComplete": 100.0,
            "percentCoverage": 100.0,
            "datetimeFrom": {
                "utc": "2017-12-21T09:00:00Z",
                "local": "2017-12-21T01:00:00-08:00"
            },
            "datetimeTo": {
                "utc": "2017-12-21T10:00:00Z",
                "local": "2017-12-21T02:00:00-08:00"
            }
        }
    },
    {
        "value": 11.0,
        "flagInfo": {
            "hasFlags": false
        },
        "parameter": {
            "id": 2,
            "name": "pm25",
            "units": "\u00b5g/m\u00b3",
            "displayName": null
        },
        "period": {
            "label": "raw",
            "interval": "01:00:00",
            "datetimeFrom": {
                "utc": "2017-12-21T21:00:00Z",
                "local": "2017-12-21T13:00:00-08:00"
            },
            "datetimeTo": {
                "utc": "2017-12-21T22:00:00Z",
                "local": "2017-12-21T14:00:00-08:00"
            }
        },
        "coordinates": null,
        "summary": null,
        "coverage": {
            "expectedCount": 1,
            "expectedInterval": "01:00:00",
            "observedCount": 1,
            "observedInterval": "01:00:00",
            "percentComplete": 100.0,
            "percentCoverage": 100.0,
            "datetimeFrom": {
                "utc": "2017-12-21T21:00:00Z",
                "local": "2017-12-21T13:00:00-08:00"
            },
            "datetimeTo": {
                "utc": "2017-12-21T22:00:00Z",
                "local": "2017-12-21T14:00:00-08:00"
            }
        }
    },
    {
        "value": 10.0,
        "flagInfo": {
            "hasFlags": false
        },
        "parameter": {
            "id": 2,
            "name": "pm25",
            "units": "\u00b5g/m\u00b3",
            "displayName": null
        },
        "period": {
            "label": "raw",
            "interval": "01:00:00",
            "datetimeFrom": {
                "utc": "2017-12-23T13:00:00Z",
                "local": "2017-12-23T05:00:00-08:00"
            },
            "datetimeTo": {
                "utc": "2017-12-23T14:00:00Z",
                "local": "2017-12-23T06:00:00-08:00"
            }
        },
        "coordinates": null,
        "summary": null,
        "coverage": {
            "expectedCount": 1,
            "expectedInterval": "01:00:00",
            "observedCount": 1,
            "observedInterval": "01:00:00",
            "percentComplete": 100.0,
            "percentCoverage": 100.0,
            "datetimeFrom": {
                "utc": "2017-12-23T13:00:00Z",
                "local": "2017-12-23T05:00:00-08:00"
            },
            "datetimeTo": {
                "utc": "2017-12-23T14:00:00Z",
                "local": "2017-12-23T06:00:00-08:00"
            }
        }
    },
    {
        "value": 15.0,
        "flagInfo": {
            "hasFlags": false
        },
        "parameter": {
            "id": 2,
            "name": "pm25",
            "units": "\u00b5g/m\u00b3",
            "displayName": null
        },
        "period": {
            "label": "raw",
            "interval": "01:00:00",
            "datetimeFrom": {
                "utc": "2017-12-23T17:00:00Z",
                "local": "2017-12-23T09:00:00-08:00"
            },
            "datetimeTo": {
                "utc": "2017-12-23T18:00:00Z",
                "local": "2017-12-23T10:00:00-08:00"
            }
        },
        "coordinates": null,
        "summary": null,
        "coverage": {
            "expectedCount": 1,
            "expectedInterval": "01:00:00",
            "observedCount": 1,
            "observedInterval": "01:00:00",
            "percentComplete": 100.0,
            "percentCoverage": 100.0,
            "datetimeFrom": {
                "utc": "2017-12-23T17:00:00Z",
                "local": "2017-12-23T09:00:00-08:00"
            },
            "datetimeTo": {
                "utc": "2017-12-23T18:00:00Z",
                "local": "2017-12-23T10:00:00-08:00"
            }
        }
    },
    {
        "value": 23.0,
        "flagInfo": {
            "hasFlags": false
        },
        "parameter": {
            "id": 2,
            "name": "pm25",
            "units": "\u00b5g/m\u00b3",
            "displayName": null
        },
        "period": {
            "label": "raw",
            "interval": "01:00:00",
            "datetimeFrom": {
                "utc": "2017-12-23T18:00:00Z",
                "local": "2017-12-23T10:00:00-08:00"
            },
            "datetimeTo": {
                "utc": "2017-12-23T19:00:00Z",
                "local": "2017-12-23T11:00:00-08:00"
            }
        },
        "coordinates": null,
        "summary": null,
        "coverage": {
            "expectedCount": 1,
            "expectedInterval": "01:00:00",
            "observedCount": 1,
            "observedInterval": "01:00:00",
            "percentComplete": 100.0,
            "percentCoverage": 100.0,
            "datetimeFrom": {
                "utc": "2017-12-23T18:00:00Z",
                "local": "2017-12-23T10:00:00-08:00"
            },
            "datetimeTo": {
                "utc": "2017-12-23T19:00:00Z",
                "local": "2017-12-23T11:00:00-08:00"
            }
        }
    },
    {
        "value": 1.0,
        "flagInfo": {
            "hasFlags": false
        },
        "parameter": {
            "id": 2,
            "name": "pm25",
            "units": "\u00b5g/m\u00b3",
            "displayName": null
        },
        "period": {
            "label": "raw",
            "interval": "01:00:00",
            "datetimeFrom": {
                "utc": "2017-12-24T11:00:00Z",
                "local": "2017-12-24T03:00:00-08:00"
            },
            "datetimeTo": {
                "utc": "2017-12-24T12:00:00Z",
                "local": "2017-12-24T04:00:00-08:00"
            }
        },
        "coordinates": null,
        "summary": null,
        "coverage": {
            "expectedCount": 1,
            "expectedInterval": "01:00:00",
            "observedCount": 1,
            "observedInterval": "01:00:00",
            "percentComplete": 100.0,
            "percentCoverage": 100.0,
            "datetimeFrom": {
                "utc": "2017-12-24T11:00:00Z",
                "local": "2017-12-24T03:00:00-08:00"
            },
            "datetimeTo": {
                "utc": "2017-12-24T12:00:00Z",
                "local": "2017-12-24T04:00:00-08:00"
            }
        }
    },
    {
        "value": 11.0,
        "flagInfo": {
            "hasFlags": false
        },
        "parameter": {
            "id": 2,
            "name": "pm25",
            "units": "\u00b5g/m\u00b3",
            "displayName": null
        },
        "period": {
            "label": "raw",
            "interval": "01:00:00",
            "datetimeFrom": {
                "utc": "2017-12-24T14:00:00Z",
                "local": "2017-12-24T06:00:00-08:00"
            },
            "datetimeTo": {
                "utc": "2017-12-24T15:00:00Z",
                "local": "2017-12-24T07:00:00-08:00"
            }
        },
        "coordinates": null,
        "summary": null,
        "coverage": {
            "expectedCount": 1,
            "expectedInterval": "01:00:00",
            "observedCount": 1,
            "observedInterval": "01:00:00",
            "percentComplete": 100.0,
            "percentCoverage": 100.0,
            "datetimeFrom": {
                "utc": "2017-12-24T14:00:00Z",
                "local": "2017-12-24T06:00:00-08:00"
            },
            "datetimeTo": {
                "utc": "2017-12-24T15:00:00Z",
                "local": "2017-12-24T07:00:00-08:00"
            }
        }
    },
    {
        "value": 10.0,
        "flagInfo": {
            "hasFlags": false
        },
        "parameter": {
            "id": 2,
            "name": "pm25",
            "units": "\u00b5g/m\u00b3",
            "displayName": null
        },
        "period": {
            "label": "raw",
            "interval": "01:00:00",
            "datetimeFrom": {
                "utc": "2017-12-27T15:00:00Z",
                "local": "2017-12-27T07:00:00-08:00"
            },
            "datetimeTo": {
                "utc": "2017-12-27T16:00:00Z",
                "local": "2017-12-27T08:00:00-08:00"
            }
        },
        "coordinates": null,
        "summary": null,
        "coverage": {
            "expectedCount": 1,
            "expectedInterval": "01:00:00",
            "observedCount": 1,
            "observedInterval": "01:00:00",
            "percentComplete": 100.0,
            "percentCoverage": 100.0,
            "datetimeFrom": {
                "utc": "2017-12-27T15:00:00Z",
                "local": "2017-12-27T07:00:00-08:00"
            },
            "datetimeTo": {
                "utc": "2017-12-27T16:00:00Z",
                "local": "2017-12-27T08:00:00-08:00"
            }
        }
    },
    {
        "value": 1.0,
        "flagInfo": {
            "hasFlags": false
        },
        "parameter": {
            "id": 2,
            "name": "pm25",
            "units": "\u00b5g/m\u00b3",
            "displayName": null
        },
        "period": {
            "label": "raw",
            "interval": "01:00:00",
            "datetimeFrom": {
                "utc": "2017-12-28T15:00:00Z",
                "local": "2017-12-28T07:00:00-08:00"
            },
            "datetimeTo": {
                "utc": "2017-12-28T16:00:00Z",
                "local": "2017-12-28T08:00:00-08:00"
            }
        },
        "coordinates": null,
        "summary": null,
        "coverage": {
            "expectedCount": 1,
            "expectedInterval": "01:00:00",
            "observedCount": 1,
            "observedInterval": "01:00:00",
            "percentComplete": 100.0,
            "percentCoverage": 100.0,
            "datetimeFrom": {
                "utc": "2017-12-28T15:00:00Z",
                "local": "2017-12-28T07:00:00-08:00"
            },
            "datetimeTo": {
                "utc": "2017-12-28T16:00:00Z",
                "local": "2017-12-28T08:00:00-08:00"
            }
        }
    },
    {
        "value": 22.0,
        "flagInfo": {
            "hasFlags": false
        },
        "parameter": {
            "id": 2,
            "name": "pm25",
            "units": "\u00b5g/m\u00b3",
            "displayName": null
        },
        "period": {
            "label": "raw",
            "interval": "01:00:00",
            "datetimeFrom": {
                "utc": "2017-12-28T18:00:00Z",
                "local": "2017-12-28T10:00:00-08:00"
            },
            "datetimeTo": {
                "utc": "2017-12-28T19:00:00Z",
                "local": "2017-12-28T11:00:00-08:00"
            }
        },
        "coordinates": null,
        "summary": null,
        "coverage": {
            "expectedCount": 1,
            "expectedInterval": "01:00:00",
            "observedCount": 1,
            "observedInterval": "01:00:00",
            "percentComplete": 100.0,
            "percentCoverage": 100.0,
            "datetimeFrom": {
                "utc": "2017-12-28T18:00:00Z",
                "local": "2017-12-28T10:00:00-08:00"
            },
            "datetimeTo": {
                "utc": "2017-12-28T19:00:00Z",
                "local": "2017-12-28T11:00:00-08:00"
            }
        }
    },
    {
        "value": 2.0,
        "flagInfo": {
            "hasFlags": false
        },
        "parameter": {
            "id": 2,
            "name": "pm25",
            "units": "\u00b5g/m\u00b3",
            "displayName": null
        },
        "period": {
            "label": "raw",
            "interval": "01:00:00",
            "datetimeFrom": {
                "utc": "2017-12-30T12:00:00Z",
                "local": "2017-12-30T04:00:00-08:00"
            },
            "datetimeTo": {
                "utc": "2017-12-30T13:00:00Z",
                "local": "2017-12-30T05:00:00-08:00"
            }
        },
        "coordinates": null,
        "summary": null,
        "coverage": {
            "expectedCount": 1,
            "expectedInterval": "01:00:00",
            "observedCount": 1,
            "observedInterval": "01:00:00",
            "percentComplete": 100.0,
            "percentCoverage": 100.0,
            "datetimeFrom": {
                "utc": "2017-12-30T12:00:00Z",
                "local": "2017-12-30T04:00:00-08:00"
            },
            "datetimeTo": {
                "utc": "2017-12-30T13:00:00Z",
                "local": "2017-12-30T05:00:00-08:00"
            }
        }
    },
    {
        "value": 21.0,
        "flagInfo": {
            "hasFlags": false
        },
        "parameter": {
            "id": 2,
            "name": "pm25",
            "units": "\u00b5g/m\u00b3",
            "displayName": null
        },
        "period": {
            "label": "raw",
            "interval": "01:00:00",
            "datetimeFrom": {
                "utc": "2017-12-31T11:00:00Z",
                "local": "2017-12-31T03:00:00-08:00"
            },
            "datetimeTo": {
                "utc": "2017-12-31T12:00:00Z",
                "local": "2017-12-31T04:00:00-08:00"
            }
        },
        "coordinates": null,
        "summary": null,
        "coverage": {
            "expectedCount": 1,
            "expectedInterval": "01:00:00",
            "observedCount": 1,
            "observedInterval": "01:00:00",
            "percentComplete": 100.0,
            "percentCoverage": 100.0,
            "datetimeFrom": {
                "utc": "2017-12-31T11:00:00Z",
                "local": "2017-12-31T03:00:00-08:00"
            },
            "datetimeTo": {
                "utc": "2017-12-31T12:00:00Z",
                "local": "2017-12-31T04:00:00-08:00"
            }
        }
    },
    {
        "value": 18.0,
        "flagInfo": {
            "hasFlags": false
        },
        "parameter": {
            "id": 2,
            "name": "pm25",
            "units": "\u00b5g/m\u00b3",
            "displayName": null
        },
        "period": {
            "label": "raw",
            "interval": "01:00:00",
            "datetimeFrom": {
                "utc": "2017-12-31T14:00:00Z",
                "local": "2017-12-31T06:00:00-08:00"
            },
            "datetimeTo": {
                "utc": "2017-12-31T15:00:00Z",
                "local": "2017-12-31T07:00:00-08:00"
            }
        },
        "coordinates": null,
        "summary": null,
        "coverage": {
            "expectedCount": 1,
            "expectedInterval": "01:00:00",
            "observedCount": 1,
            "observedInterval": "01:00:00",
            "percentComplete": 100.0,
            "percentCoverage": 100.0,
            "datetimeFrom": {
                "utc": "2017-12-31T14:00:00Z",
                "local": "2017-12-31T06:00:00-08:00"
            },
            "datetimeTo": {
                "utc": "2017-12-31T15:00:00Z",
                "local": "2017-12-31T07:00:00-08:00"
            }
        }
    },
    {
        "value": 18.0,
        "flagInfo": {
            "hasFlags": false
        },
        "parameter": {
            "id": 2,
            "name": "pm25",
            "units": "\u00b5g/m\u00b3",
            "displayName": null
        },
        "period": {
            "label": "raw",
            "interval": "01:00:00",
            "datetimeFrom": {
                "utc": "2017-12-31T16:00:00Z",
                "local": "2017-12-31T08:00:00-08:00"
            },
            "datetimeTo": {
                "utc": "2017-12-31T17:00:00Z",
                "local": "2017-12-31T09:00:00-08:00"
            }
        },
        "coordinates": null,
        "summary": null,
        "coverage": {
            "expectedCount": 1,
            "expectedInterval": "01:00:00",
            "observedCount": 1,
            "observedInterval": "01:00:00",
            "percentComplete": 100.0,
            "percentCoverage": 100.0,
            "datetimeFrom": {
                "utc": "2017-12-31T16:00:00Z",
                "local": "2017-12-31T08:00:00-08:00"
            },
            "datetimeTo": {
                "utc": "2017-12-31T17:00:00Z",
                "local": "2017-12-31T09:00:00-08:00"
            }
        }
    },
    {
        "value": 7.0,
        "flagInfo": {
            "hasFlags": false
        },
        "parameter": {
            "id": 2,
            "name": "pm25",
            "units": "\u00b5g/m\u00b3",
            "displayName": null
        },
        "period": {
            "label": "raw",
            "interval": "01:00:00",
            "datetimeFrom": {
                "utc": "2018-01-01T02:00:00Z",
                "local": "2017-12-31T18:00:00-08:00"
            },
            "datetimeTo": {
                "utc": "2018-01-01T03:00:00Z",
                "local": "2017-12-31T19:00:00-08:00"
            }
        },
        "coordinates": null,
        "summary": null,
        "coverage": {
            "expectedCount": 1,
            "expectedInterval": "01:00:00",
            "observedCount": 1,
            "observedInterval": "01:00:00",
            "percentComplete": 100.0,
            "percentCoverage": 100.0,
            "datetimeFrom": {
                "utc": "2018-01-01T02:00:00Z",
                "local": "2017-12-31T18:00:00-08:00"
            },
            "datetimeTo": {
                "utc": "2018-01-01T03:00:00Z",
                "local": "2017-12-31T19:00:00-08:00"
            }
        }
    },
    {
        "value": 8.0,
        "flagInfo": {
            "hasFlags": false
        },
        "parameter": {
            "id": 2,
            "name": "pm25",
            "units": "\u00b5g/m\u00b3",
            "displayName": null
        },
        "period": {
            "label": "raw",
            "interval": "01:00:00",
            "datetimeFrom": {
                "utc": "2018-01-01T12:00:00Z",
                "local": "2018-01-01T04:00:00-08:00"
            },
            "datetimeTo": {
                "utc": "2018-01-01T13:00:00Z",
                "local": "2018-01-01T05:00:00-08:00"
            }
        },
        "coordinates": null,
        "summary": null,
        "coverage": {
            "expectedCount": 1,
            "expectedInterval": "01:00:00",
            "observedCount": 1,
            "observedInterval": "01:00:00",
            "percentComplete": 100.0,
            "percentCoverage": 100.0,
            "datetimeFrom": {
                "utc": "2018-01-01T12:00:00Z",
                "local": "2018-01-01T04:00:00-08:00"
            },
            "datetimeTo": {
                "utc": "2018-01-01T13:00:00Z",
                "local": "2018-01-01T05:00:00-08:00"
            }
        }
    },
    {
        "value": 2.0,
        "flagInfo": {
            "hasFlags": false
        },
        "parameter": {
            "id": 2,
            "name": "pm25",
            "units": "\u00b5g/m\u00b3",
            "displayName": null
        },
        "period": {
            "label": "raw",
            "interval": "01:00:00",
            "datetimeFrom": {
                "utc": "2018-01-01T14:00:00Z",
                "local": "2018-01-01T06:00:00-08:00"
            },
            "datetimeTo": {
                "utc": "2018-01-01T15:00:00Z",
                "local": "2018-01-01T07:00:00-08:00"
            }
        },
        "coordinates": null,
        "summary": null,
        "coverage": {
            "expectedCount": 1,
            "expectedInterval": "01:00:00",
            "observedCount": 1,
            "observedInterval": "01:00:00",
            "percentComplete": 100.0,
            "percentCoverage": 100.0,
            "datetimeFrom": {
                "utc": "2018-01-01T14:00:00Z",
                "local": "2018-01-01T06:00:00-08:00"
            },
            "datetimeTo": {
                "utc": "2018-01-01T15:00:00Z",
                "local": "2018-01-01T07:00:00-08:00"
            }
        }
    },
    {
        "value": 12.0,
        "flagInfo": {
            "hasFlags": false
        },
        "parameter": {
            "id": 2,
            "name": "pm25",
            "units": "\u00b5g/m\u00b3",
            "displayName": null
        },
        "period": {
            "label": "raw",
            "interval": "01:00:00",
            "datetimeFrom": {
                "utc": "2018-01-01T17:00:00Z",
                "local": "2018-01-01T09:00:00-08:00"
            },
            "datetimeTo": {
                "utc": "2018-01-01T18:00:00Z",
                "local": "2018-01-01T10:00:00-08:00"
            }
        },
        "coordinates": null,
        "summary": null,
        "coverage": {
            "expectedCount": 1,
            "expectedInterval": "01:00:00",
            "observedCount": 1,
            "observedInterval": "01:00:00",
            "percentComplete": 100.0,
            "percentCoverage": 100.0,
            "datetimeFrom": {
                "utc": "2018-01-01T17:00:00Z",
                "local": "2018-01-01T09:00:00-08:00"
            },
            "datetimeTo": {
                "utc": "2018-01-01T18:00:00Z",
                "local": "2018-01-01T10:00:00-08:00"
            }
        }
    },
    {
        "value": 17.0,
        "flagInfo": {
            "hasFlags": false
        },
        "parameter": {
            "id": 2,
            "name": "pm25",
            "units": "\u00b5g/m\u00b3",
            "displayName": null
        },
        "period": {
            "label": "raw",
            "interval": "01:00:00",
            "datetimeFrom": {
                "utc": "2018-01-01T20:00:00Z",
                "local": "2018-01-01T12:00:00-08:00"
            },
            "datetimeTo": {
                "utc": "2018-01-01T21:00:00Z",
                "local": "2018-01-01T13:00:00-08:00"
            }
        },
        "coordinates": null,
        "summary": null,
        "coverage": {
            "expectedCount": 1,
            "expectedInterval": "01:00:00",
            "observedCount": 1,
            "observedInterval": "01:00:00",
            "percentComplete": 100.0,
            "percentCoverage": 100.0,
            "datetimeFrom": {
                "utc": "2018-01-01T20:00:00Z",
                "local": "2018-01-01T12:00:00-08:00"
            },
            "datetimeTo": {
                "utc": "2018-01-01T21:00:00Z",
                "local": "2018-01-01T13:00:00-08:00"
            }
        }
    },
    {
        "value": 17.0,
        "flagInfo": {
            "hasFlags": false
        },
        "parameter": {
            "id": 2,
            "name": "pm25",
            "units": "\u00b5g/m\u00b3",
            "displayName": null
        },
        "period": {
            "label": "raw",
            "interval": "01:00:00",
            "datetimeFrom": {
                "utc": "2018-01-01T21:00:00Z",
                "local": "2018-01-01T13:00:00-08:00"
            },
            "datetimeTo": {
                "utc": "2018-01-01T22:00:00Z",
                "local": "2018-01-01T14:00:00-08:00"
            }
        },
        "coordinates": null,
        "summary": null,
        "coverage": {
            "expectedCount": 1,
            "expectedInterval": "01:00:00",
            "observedCount": 1,
            "observedInterval": "01:00:00",
            "percentComplete": 100.0,
            "percentCoverage": 100.0,
            "datetimeFrom": {
                "utc": "2018-01-01T21:00:00Z",
                "local": "2018-01-01T13:00:00-08:00"
            },
            "datetimeTo": {
                "utc": "2018-01-01T22:00:00Z",
                "local": "2018-01-01T14:00:00-08:00"
            }
        }
    },
    {
        "value": 6.0,
        "flagInfo": {
            "hasFlags": false
        },
        "parameter": {
            "id": 2,
            "name": "pm25",
            "units": "\u00b5g/m\u00b3",
            "displayName": null
        },
        "period": {
            "label": "raw",
            "interval": "01:00:00",
            "datetimeFrom": {
                "utc": "2018-01-01T22:00:00Z",
                "local": "2018-01-01T14:00:00-08:00"
            },
            "datetimeTo": {
                "utc": "2018-01-01T23:00:00Z",
                "local": "2018-01-01T15:00:00-08:00"
            }
        },
        "coordinates": null,
        "summary": null,
        "coverage": {
            "expectedCount": 1,
            "expectedInterval": "01:00:00",
            "observedCount": 1,
            "observedInterval": "01:00:00",
            "percentComplete": 100.0,
            "percentCoverage": 100.0,
            "datetimeFrom": {
                "utc": "2018-01-01T22:00:00Z",
                "local": "2018-01-01T14:00:00-08:00"
            },
            "datetimeTo": {
                "utc": "2018-01-01T23:00:00Z",
                "local": "2018-01-01T15:00:00-08:00"
            }
        }
    },
    {
        "value": 9.0,
        "flagInfo": {
            "hasFlags": false
        },
        "parameter": {
            "id": 2,
            "name": "pm25",
            "units": "\u00b5g/m\u00b3",
            "displayName": null
        },
        "period": {
            "label": "raw",
            "interval": "01:00:00",
            "datetimeFrom": {
                "utc": "2018-01-02T05:00:00Z",
                "local": "2018-01-01T21:00:00-08:00"
            },
            "datetimeTo": {
                "utc": "2018-01-02T06:00:00Z",
                "local": "2018-01-01T22:00:00-08:00"
            }
        },
        "coordinates": null,
        "summary": null,
        "coverage": {
            "expectedCount": 1,
            "expectedInterval": "01:00:00",
            "observedCount": 1,
            "observedInterval": "01:00:00",
            "percentComplete": 100.0,
            "percentCoverage": 100.0,
            "datetimeFrom": {
                "utc": "2018-01-02T05:00:00Z",
                "local": "2018-01-01T21:00:00-08:00"
            },
            "datetimeTo": {
                "utc": "2018-01-02T06:00:00Z",
                "local": "2018-01-01T22:00:00-08:00"
            }
        }
    },
    {
        "value": 12.0,
        "flagInfo": {
            "hasFlags": false
        },
        "parameter": {
            "id": 2,
            "name": "pm25",
            "units": "\u00b5g/m\u00b3",
            "displayName": null
        },
        "period": {
            "label": "raw",
            "interval": "01:00:00",
            "datetimeFrom": {
                "utc": "2018-01-02T07:00:00Z",
                "local": "2018-01-01T23:00:00-08:00"
            },
            "datetimeTo": {
                "utc": "2018-01-02T08:00:00Z",
                "local": "2018-01-02T00:00:00-08:00"
            }
        },
        "coordinates": null,
        "summary": null,
        "coverage": {
            "expectedCount": 1,
            "expectedInterval": "01:00:00",
            "observedCount": 1,
            "observedInterval": "01:00:00",
            "percentComplete": 100.0,
            "percentCoverage": 100.0,
            "datetimeFrom": {
                "utc": "2018-01-02T07:00:00Z",
                "local": "2018-01-01T23:00:00-08:00"
            },
            "datetimeTo": {
                "utc": "2018-01-02T08:00:00Z",
                "local": "2018-01-02T00:00:00-08:00"
            }
        }
    },
    {
        "value": 41.0,
        "flagInfo": {
            "hasFlags": false
        },
        "parameter": {
            "id": 2,
            "name": "pm25",
            "units": "\u00b5g/m\u00b3",
            "displayName": null
        },
        "period": {
            "label": "raw",
            "interval": "01:00:00",
            "datetimeFrom": {
                "utc": "2018-01-02T08:00:00Z",
                "local": "2018-01-02T00:00:00-08:00"
            },
            "datetimeTo": {
                "utc": "2018-01-02T09:00:00Z",
                "local": "2018-01-02T01:00:00-08:00"
            }
        },
        "coordinates": null,
        "summary": null,
        "coverage": {
            "expectedCount": 1,
            "expectedInterval": "01:00:00",
            "observedCount": 1,
            "observedInterval": "01:00:00",
            "percentComplete": 100.0,
            "percentCoverage": 100.0,
            "datetimeFrom": {
                "utc": "2018-01-02T08:00:00Z",
                "local": "2018-01-02T00:00:00-08:00"
            },
            "datetimeTo": {
                "utc": "2018-01-02T09:00:00Z",
                "local": "2018-01-02T01:00:00-08:00"
            }
        }
    },
    {
        "value": 7.0,
        "flagInfo": {
            "hasFlags": false
        },
        "parameter": {
            "id": 2,
            "name": "pm25",
            "units": "\u00b5g/m\u00b3",
            "displayName": null
        },
        "period": {
            "label": "raw",
            "interval": "01:00:00",
            "datetimeFrom": {
                "utc": "2018-01-02T09:00:00Z",
                "local": "2018-01-02T01:00:00-08:00"
            },
            "datetimeTo": {
                "utc": "2018-01-02T10:00:00Z",
                "local": "2018-01-02T02:00:00-08:00"
            }
        },
        "coordinates": null,
        "summary": null,
        "coverage": {
            "expectedCount": 1,
            "expectedInterval": "01:00:00",
            "observedCount": 1,
            "observedInterval": "01:00:00",
            "percentComplete": 100.0,
            "percentCoverage": 100.0,
            "datetimeFrom": {
                "utc": "2018-01-02T09:00:00Z",
                "local": "2018-01-02T01:00:00-08:00"
            },
            "datetimeTo": {
                "utc": "2018-01-02T10:00:00Z",
                "local": "2018-01-02T02:00:00-08:00"
            }
        }
    },
    {
        "value": 8.0,
        "flagInfo": {
            "hasFlags": false
        },
        "parameter": {
            "id": 2,
            "name": "pm25",
            "units": "\u00b5g/m\u00b3",
            "displayName": null
        },
        "period": {
            "label": "raw",
            "interval": "01:00:00",
            "datetimeFrom": {
                "utc": "2018-01-02T12:00:00Z",
                "local": "2018-01-02T04:00:00-08:00"
            },
            "datetimeTo": {
                "utc": "2018-01-02T13:00:00Z",
                "local": "2018-01-02T05:00:00-08:00"
            }
        },
        "coordinates": null,
        "summary": null,
        "coverage": {
            "expectedCount": 1,
            "expectedInterval": "01:00:00",
            "observedCount": 1,
            "observedInterval": "01:00:00",
            "percentComplete": 100.0,
            "percentCoverage": 100.0,
            "datetimeFrom": {
                "utc": "2018-01-02T12:00:00Z",
                "local": "2018-01-02T04:00:00-08:00"
            },
            "datetimeTo": {
                "utc": "2018-01-02T13:00:00Z",
                "local": "2018-01-02T05:00:00-08:00"
            }
        }
    },
    {
        "value": 14.0,
        "flagInfo": {
            "hasFlags": false
        },
        "parameter": {
            "id": 2,
            "name": "pm25",
            "units": "\u00b5g/m\u00b3",
            "displayName": null
        },
        "period": {
            "label": "raw",
            "interval": "01:00:00",
            "datetimeFrom": {
                "utc": "2018-01-02T13:00:00Z",
                "local": "2018-01-02T05:00:00-08:00"
            },
            "datetimeTo": {
                "utc": "2018-01-02T14:00:00Z",
                "local": "2018-01-02T06:00:00-08:00"
            }
        },
        "coordinates": null,
        "summary": null,
        "coverage": {
            "expectedCount": 1,
            "expectedInterval": "01:00:00",
            "observedCount": 1,
            "observedInterval": "01:00:00",
            "percentComplete": 100.0,
            "percentCoverage": 100.0,
            "datetimeFrom": {
                "utc": "2018-01-02T13:00:00Z",
                "local": "2018-01-02T05:00:00-08:00"
            },
            "datetimeTo": {
                "utc": "2018-01-02T14:00:00Z",
                "local": "2018-01-02T06:00:00-08:00"
            }
        }
    },
    {
        "value": 10.0,
        "flagInfo": {
            "hasFlags": false
        },
        "parameter": {
            "id": 2,
            "name": "pm25",
            "units": "\u00b5g/m\u00b3",
            "displayName": null
        },
        "period": {
            "label": "raw",
            "interval": "01:00:00",
            "datetimeFrom": {
                "utc": "2018-01-02T19:00:00Z",
                "local": "2018-01-02T11:00:00-08:00"
            },
            "datetimeTo": {
                "utc": "2018-01-02T20:00:00Z",
                "local": "2018-01-02T12:00:00-08:00"
            }
        },
        "coordinates": null,
        "summary": null,
        "coverage": {
            "expectedCount": 1,
            "expectedInterval": "01:00:00",
            "observedCount": 1,
            "observedInterval": "01:00:00",
            "percentComplete": 100.0,
            "percentCoverage": 100.0,
            "datetimeFrom": {
                "utc": "2018-01-02T19:00:00Z",
                "local": "2018-01-02T11:00:00-08:00"
            },
            "datetimeTo": {
                "utc": "2018-01-02T20:00:00Z",
                "local": "2018-01-02T12:00:00-08:00"
            }
        }
    },
    {
        "value": 18.0,
        "flagInfo": {
            "hasFlags": false
        },
        "parameter": {
            "id": 2,
            "name": "pm25",
            "units": "\u00b5g/m\u00b3",
            "displayName": null
        },
        "period": {
            "label": "raw",
            "interval": "01:00:00",
            "datetimeFrom": {
                "utc": "2018-01-02T23:00:00Z",
                "local": "2018-01-02T15:00:00-08:00"
            },
            "datetimeTo": {
                "utc": "2018-01-03T00:00:00Z",
                "local": "2018-01-02T16:00:00-08:00"
            }
        },
        "coordinates": null,
        "summary": null,
        "coverage": {
            "expectedCount": 1,
            "expectedInterval": "01:00:00",
            "observedCount": 1,
            "observedInterval": "01:00:00",
            "percentComplete": 100.0,
            "percentCoverage": 100.0,
            "datetimeFrom": {
                "utc": "2018-01-02T23:00:00Z",
                "local": "2018-01-02T15:00:00-08:00"
            },
            "datetimeTo": {
                "utc": "2018-01-03T00:00:00Z",
                "local": "2018-01-02T16:00:00-08:00"
            }
        }
    },
    {
        "value": 8.0,
        "flagInfo": {
            "hasFlags": false
        },
        "parameter": {
            "id": 2,
            "name": "pm25",
            "units": "\u00b5g/m\u00b3",
            "displayName": null
        },
        "period": {
            "label": "raw",
            "interval": "01:00:00",
            "datetimeFrom": {
                "utc": "2018-01-03T01:00:00Z",
                "local": "2018-01-02T17:00:00-08:00"
            },
            "datetimeTo": {
                "utc": "2018-01-03T02:00:00Z",
                "local": "2018-01-02T18:00:00-08:00"
            }
        },
        "coordinates": null,
        "summary": null,
        "coverage": {
            "expectedCount": 1,
            "expectedInterval": "01:00:00",
            "observedCount": 1,
            "observedInterval": "01:00:00",
            "percentComplete": 100.0,
            "percentCoverage": 100.0,
            "datetimeFrom": {
                "utc": "2018-01-03T01:00:00Z",
                "local": "2018-01-02T17:00:00-08:00"
            },
            "datetimeTo": {
                "utc": "2018-01-03T02:00:00Z",
                "local": "2018-01-02T18:00:00-08:00"
            }
        }
    },
    {
        "value": 14.0,
        "flagInfo": {
            "hasFlags": false
        },
        "parameter": {
            "id": 2,
            "name": "pm25",
            "units": "\u00b5g/m\u00b3",
            "displayName": null
        },
        "period": {
            "label": "raw",
            "interval": "01:00:00",
            "datetimeFrom": {
                "utc": "2018-01-03T03:00:00Z",
                "local": "2018-01-02T19:00:00-08:00"
            },
            "datetimeTo": {
                "utc": "2018-01-03T04:00:00Z",
                "local": "2018-01-02T20:00:00-08:00"
            }
        },
        "coordinates": null,
        "summary": null,
        "coverage": {
            "expectedCount": 1,
            "expectedInterval": "01:00:00",
            "observedCount": 1,
            "observedInterval": "01:00:00",
            "percentComplete": 100.0,
            "percentCoverage": 100.0,
            "datetimeFrom": {
                "utc": "2018-01-03T03:00:00Z",
                "local": "2018-01-02T19:00:00-08:00"
            },
            "datetimeTo": {
                "utc": "2018-01-03T04:00:00Z",
                "local": "2018-01-02T20:00:00-08:00"
            }
        }
    },
    {
        "value": 11.0,
        "flagInfo": {
            "hasFlags": false
        },
        "parameter": {
            "id": 2,
            "name": "pm25",
            "units": "\u00b5g/m\u00b3",
            "displayName": null
        },
        "period": {
            "label": "raw",
            "interval": "01:00:00",
            "datetimeFrom": {
                "utc": "2018-01-03T08:00:00Z",
                "local": "2018-01-03T00:00:00-08:00"
            },
            "datetimeTo": {
                "utc": "2018-01-03T09:00:00Z",
                "local": "2018-01-03T01:00:00-08:00"
            }
        },
        "coordinates": null,
        "summary": null,
        "coverage": {
            "expectedCount": 1,
            "expectedInterval": "01:00:00",
            "observedCount": 1,
            "observedInterval": "01:00:00",
            "percentComplete": 100.0,
            "percentCoverage": 100.0,
            "datetimeFrom": {
                "utc": "2018-01-03T08:00:00Z",
                "local": "2018-01-03T00:00:00-08:00"
            },
            "datetimeTo": {
                "utc": "2018-01-03T09:00:00Z",
                "local": "2018-01-03T01:00:00-08:00"
            }
        }
    },
    {
        "value": 7.0,
        "flagInfo": {
            "hasFlags": false
        },
        "parameter": {
            "id": 2,
            "name": "pm25",
            "units": "\u00b5g/m\u00b3",
            "displayName": null
        },
        "period": {
            "label": "raw",
            "interval": "01:00:00",
            "datetimeFrom": {
                "utc": "2018-01-03T09:00:00Z",
                "local": "2018-01-03T01:00:00-08:00"
            },
            "datetimeTo": {
                "utc": "2018-01-03T10:00:00Z",
                "local": "2018-01-03T02:00:00-08:00"
            }
        },
        "coordinates": null,
        "summary": null,
        "coverage": {
            "expectedCount": 1,
            "expectedInterval": "01:00:00",
            "observedCount": 1,
            "observedInterval": "01:00:00",
            "percentComplete": 100.0,
            "percentCoverage": 100.0,
            "datetimeFrom": {
                "utc": "2018-01-03T09:00:00Z",
                "local": "2018-01-03T01:00:00-08:00"
            },
            "datetimeTo": {
                "utc": "2018-01-03T10:00:00Z",
                "local": "2018-01-03T02:00:00-08:00"
            }
        }
    },
    {
        "value": 15.0,
        "flagInfo": {
            "hasFlags": false
        },
        "parameter": {
            "id": 2,
            "name": "pm25",
            "units": "\u00b5g/m\u00b3",
            "displayName": null
        },
        "period": {
            "label": "raw",
            "interval": "01:00:00",
            "datetimeFrom": {
                "utc": "2018-01-03T10:00:00Z",
                "local": "2018-01-03T02:00:00-08:00"
            },
            "datetimeTo": {
                "utc": "2018-01-03T11:00:00Z",
                "local": "2018-01-03T03:00:00-08:00"
            }
        },
        "coordinates": null,
        "summary": null,
        "coverage": {
            "expectedCount": 1,
            "expectedInterval": "01:00:00",
            "observedCount": 1,
            "observedInterval": "01:00:00",
            "percentComplete": 100.0,
            "percentCoverage": 100.0,
            "datetimeFrom": {
                "utc": "2018-01-03T10:00:00Z",
                "local": "2018-01-03T02:00:00-08:00"
            },
            "datetimeTo": {
                "utc": "2018-01-03T11:00:00Z",
                "local": "2018-01-03T03:00:00-08:00"
            }
        }
    },
    {
        "value": 12.0,
        "flagInfo": {
            "hasFlags": false
        },
        "parameter": {
            "id": 2,
            "name": "pm25",
            "units": "\u00b5g/m\u00b3",
            "displayName": null
        },
        "period": {
            "label": "raw",
            "interval": "01:00:00",
            "datetimeFrom": {
                "utc": "2018-01-03T11:00:00Z",
                "local": "2018-01-03T03:00:00-08:00"
            },
            "datetimeTo": {
                "utc": "2018-01-03T12:00:00Z",
                "local": "2018-01-03T04:00:00-08:00"
            }
        },
        "coordinates": null,
        "summary": null,
        "coverage": {
            "expectedCount": 1,
            "expectedInterval": "01:00:00",
            "observedCount": 1,
            "observedInterval": "01:00:00",
            "percentComplete": 100.0,
            "percentCoverage": 100.0,
            "datetimeFrom": {
                "utc": "2018-01-03T11:00:00Z",
                "local": "2018-01-03T03:00:00-08:00"
            },
            "datetimeTo": {
                "utc": "2018-01-03T12:00:00Z",
                "local": "2018-01-03T04:00:00-08:00"
            }
        }
    },
    {
        "value": 3.0,
        "flagInfo": {
            "hasFlags": false
        },
        "parameter": {
            "id": 2,
            "name": "pm25",
            "units": "\u00b5g/m\u00b3",
            "displayName": null
        },
        "period": {
            "label": "raw",
            "interval": "01:00:00",
            "datetimeFrom": {
                "utc": "2018-01-03T14:00:00Z",
                "local": "2018-01-03T06:00:00-08:00"
            },
            "datetimeTo": {
                "utc": "2018-01-03T15:00:00Z",
                "local": "2018-01-03T07:00:00-08:00"
            }
        },
        "coordinates": null,
        "summary": null,
        "coverage": {
            "expectedCount": 1,
            "expectedInterval": "01:00:00",
            "observedCount": 1,
            "observedInterval": "01:00:00",
            "percentComplete": 100.0,
            "percentCoverage": 100.0,
            "datetimeFrom": {
                "utc": "2018-01-03T14:00:00Z",
                "local": "2018-01-03T06:00:00-08:00"
            },
            "datetimeTo": {
                "utc": "2018-01-03T15:00:00Z",
                "local": "2018-01-03T07:00:00-08:00"
            }
        }
    },
    {
        "value": 8.0,
        "flagInfo": {
            "hasFlags": false
        },
        "parameter": {
            "id": 2,
            "name": "pm25",
            "units": "\u00b5g/m\u00b3",
            "displayName": null
        },
        "period": {
            "label": "raw",
            "interval": "01:00:00",
            "datetimeFrom": {
                "utc": "2018-01-03T15:00:00Z",
                "local": "2018-01-03T07:00:00-08:00"
            },
            "datetimeTo": {
                "utc": "2018-01-03T16:00:00Z",
                "local": "2018-01-03T08:00:00-08:00"
            }
        },
        "coordinates": null,
        "summary": null,
        "coverage": {
            "expectedCount": 1,
            "expectedInterval": "01:00:00",
            "observedCount": 1,
            "observedInterval": "01:00:00",
            "percentComplete": 100.0,
            "percentCoverage": 100.0,
            "datetimeFrom": {
                "utc": "2018-01-03T15:00:00Z",
                "local": "2018-01-03T07:00:00-08:00"
            },
            "datetimeTo": {
                "utc": "2018-01-03T16:00:00Z",
                "local": "2018-01-03T08:00:00-08:00"
            }
        }
    },
    {
        "value": 17.0,
        "flagInfo": {
            "hasFlags": false
        },
        "parameter": {
            "id": 2,
            "name": "pm25",
            "units": "\u00b5g/m\u00b3",
            "displayName": null
        },
        "period": {
            "label": "raw",
            "interval": "01:00:00",
            "datetimeFrom": {
                "utc": "2018-01-03T16:00:00Z",
                "local": "2018-01-03T08:00:00-08:00"
            },
            "datetimeTo": {
                "utc": "2018-01-03T17:00:00Z",
                "local": "2018-01-03T09:00:00-08:00"
            }
        },
        "coordinates": null,
        "summary": null,
        "coverage": {
            "expectedCount": 1,
            "expectedInterval": "01:00:00",
            "observedCount": 1,
            "observedInterval": "01:00:00",
            "percentComplete": 100.0,
            "percentCoverage": 100.0,
            "datetimeFrom": {
                "utc": "2018-01-03T16:00:00Z",
                "local": "2018-01-03T08:00:00-08:00"
            },
            "datetimeTo": {
                "utc": "2018-01-03T17:00:00Z",
                "local": "2018-01-03T09:00:00-08:00"
            }
        }
    },
    {
        "value": 31.0,
        "flagInfo": {
            "hasFlags": false
        },
        "parameter": {
            "id": 2,
            "name": "pm25",
            "units": "\u00b5g/m\u00b3",
            "displayName": null
        },
        "period": {
            "label": "raw",
            "interval": "01:00:00",
            "datetimeFrom": {
                "utc": "2018-01-03T18:00:00Z",
                "local": "2018-01-03T10:00:00-08:00"
            },
            "datetimeTo": {
                "utc": "2018-01-03T19:00:00Z",
                "local": "2018-01-03T11:00:00-08:00"
            }
        },
        "coordinates": null,
        "summary": null,
        "coverage": {
            "expectedCount": 1,
            "expectedInterval": "01:00:00",
            "observedCount": 1,
            "observedInterval": "01:00:00",
            "percentComplete": 100.0,
            "percentCoverage": 100.0,
            "datetimeFrom": {
                "utc": "2018-01-03T18:00:00Z",
                "local": "2018-01-03T10:00:00-08:00"
            },
            "datetimeTo": {
                "utc": "2018-01-03T19:00:00Z",
                "local": "2018-01-03T11:00:00-08:00"
            }
        }
    },
    {
        "value": 1.0,
        "flagInfo": {
            "hasFlags": false
        },
        "parameter": {
            "id": 2,
            "name": "pm25",
            "units": "\u00b5g/m\u00b3",
            "displayName": null
        },
        "period": {
            "label": "raw",
            "interval": "01:00:00",
            "datetimeFrom": {
                "utc": "2018-01-03T23:00:00Z",
                "local": "2018-01-03T15:00:00-08:00"
            },
            "datetimeTo": {
                "utc": "2018-01-04T00:00:00Z",
                "local": "2018-01-03T16:00:00-08:00"
            }
        },
        "coordinates": null,
        "summary": null,
        "coverage": {
            "expectedCount": 1,
            "expectedInterval": "01:00:00",
            "observedCount": 1,
            "observedInterval": "01:00:00",
            "percentComplete": 100.0,
            "percentCoverage": 100.0,
            "datetimeFrom": {
                "utc": "2018-01-03T23:00:00Z",
                "local": "2018-01-03T15:00:00-08:00"
            },
            "datetimeTo": {
                "utc": "2018-01-04T00:00:00Z",
                "local": "2018-01-03T16:00:00-08:00"
            }
        }
    },
    {
        "value": 8.0,
        "flagInfo": {
            "hasFlags": false
        },
        "parameter": {
            "id": 2,
            "name": "pm25",
            "units": "\u00b5g/m\u00b3",
            "displayName": null
        },
        "period": {
            "label": "raw",
            "interval": "01:00:00",
            "datetimeFrom": {
                "utc": "2018-01-04T04:00:00Z",
                "local": "2018-01-03T20:00:00-08:00"
            },
            "datetimeTo": {
                "utc": "2018-01-04T05:00:00Z",
                "local": "2018-01-03T21:00:00-08:00"
            }
        },
        "coordinates": null,
        "summary": null,
        "coverage": {
            "expectedCount": 1,
            "expectedInterval": "01:00:00",
            "observedCount": 1,
            "observedInterval": "01:00:00",
            "percentComplete": 100.0,
            "percentCoverage": 100.0,
            "datetimeFrom": {
                "utc": "2018-01-04T04:00:00Z",
                "local": "2018-01-03T20:00:00-08:00"
            },
            "datetimeTo": {
                "utc": "2018-01-04T05:00:00Z",
                "local": "2018-01-03T21:00:00-08:00"
            }
        }
    },
    {
        "value": 19.0,
        "flagInfo": {
            "hasFlags": false
        },
        "parameter": {
            "id": 2,
            "name": "pm25",
            "units": "\u00b5g/m\u00b3",
            "displayName": null
        },
        "period": {
            "label": "raw",
            "interval": "01:00:00",
            "datetimeFrom": {
                "utc": "2018-01-04T05:00:00Z",
                "local": "2018-01-03T21:00:00-08:00"
            },
            "datetimeTo": {
                "utc": "2018-01-04T06:00:00Z",
                "local": "2018-01-03T22:00:00-08:00"
            }
        },
        "coordinates": null,
        "summary": null,
        "coverage": {
            "expectedCount": 1,
            "expectedInterval": "01:00:00",
            "observedCount": 1,
            "observedInterval": "01:00:00",
            "percentComplete": 100.0,
            "percentCoverage": 100.0,
            "datetimeFrom": {
                "utc": "2018-01-04T05:00:00Z",
                "local": "2018-01-03T21:00:00-08:00"
            },
            "datetimeTo": {
                "utc": "2018-01-04T06:00:00Z",
                "local": "2018-01-03T22:00:00-08:00"
            }
        }
    },
    {
        "value": 15.0,
        "flagInfo": {
            "hasFlags": false
        },
        "parameter": {
            "id": 2,
            "name": "pm25",
            "units": "\u00b5g/m\u00b3",
            "displayName": null
        },
        "period": {
            "label": "raw",
            "interval": "01:00:00",
            "datetimeFrom": {
                "utc": "2018-01-04T08:00:00Z",
                "local": "2018-01-04T00:00:00-08:00"
            },
            "datetimeTo": {
                "utc": "2018-01-04T09:00:00Z",
                "local": "2018-01-04T01:00:00-08:00"
            }
        },
        "coordinates": null,
        "summary": null,
        "coverage": {
            "expectedCount": 1,
            "expectedInterval": "01:00:00",
            "observedCount": 1,
            "observedInterval": "01:00:00",
            "percentComplete": 100.0,
            "percentCoverage": 100.0,
            "datetimeFrom": {
                "utc": "2018-01-04T08:00:00Z",
                "local": "2018-01-04T00:00:00-08:00"
            },
            "datetimeTo": {
                "utc": "2018-01-04T09:00:00Z",
                "local": "2018-01-04T01:00:00-08:00"
            }
        }
    },
    {
        "value": 10.0,
        "flagInfo": {
            "hasFlags": false
        },
        "parameter": {
            "id": 2,
            "name": "pm25",
            "units": "\u00b5g/m\u00b3",
            "displayName": null
        },
        "period": {
            "label": "raw",
            "interval": "01:00:00",
            "datetimeFrom": {
                "utc": "2018-01-04T09:00:00Z",
                "local": "2018-01-04T01:00:00-08:00"
            },
            "datetimeTo": {
                "utc": "2018-01-04T10:00:00Z",
                "local": "2018-01-04T02:00:00-08:00"
            }
        },
        "coordinates": null,
        "summary": null,
        "coverage": {
            "expectedCount": 1,
            "expectedInterval": "01:00:00",
            "observedCount": 1,
            "observedInterval": "01:00:00",
            "percentComplete": 100.0,
            "percentCoverage": 100.0,
            "datetimeFrom": {
                "utc": "2018-01-04T09:00:00Z",
                "local": "2018-01-04T01:00:00-08:00"
            },
            "datetimeTo": {
                "utc": "2018-01-04T10:00:00Z",
                "local": "2018-01-04T02:00:00-08:00"
            }
        }
    },
    {
        "value": 12.0,
        "flagInfo": {
            "hasFlags": false
        },
        "parameter": {
            "id": 2,
            "name": "pm25",
            "units": "\u00b5g/m\u00b3",
            "displayName": null
        },
        "period": {
            "label": "raw",
            "interval": "01:00:00",
            "datetimeFrom": {
                "utc": "2018-01-04T10:00:00Z",
                "local": "2018-01-04T02:00:00-08:00"
            },
            "datetimeTo": {
                "utc": "2018-01-04T11:00:00Z",
                "local": "2018-01-04T03:00:00-08:00"
            }
        },
        "coordinates": null,
        "summary": null,
        "coverage": {
            "expectedCount": 1,
            "expectedInterval": "01:00:00",
            "observedCount": 1,
            "observedInterval": "01:00:00",
            "percentComplete": 100.0,
            "percentCoverage": 100.0,
            "datetimeFrom": {
                "utc": "2018-01-04T10:00:00Z",
                "local": "2018-01-04T02:00:00-08:00"
            },
            "datetimeTo": {
                "utc": "2018-01-04T11:00:00Z",
                "local": "2018-01-04T03:00:00-08:00"
            }
        }
    },
    {
        "value": 13.0,
        "flagInfo": {
            "hasFlags": false
        },
        "parameter": {
            "id": 2,
            "name": "pm25",
            "units": "\u00b5g/m\u00b3",
            "displayName": null
        },
        "period": {
            "label": "raw",
            "interval": "01:00:00",
            "datetimeFrom": {
                "utc": "2018-01-04T12:00:00Z",
                "local": "2018-01-04T04:00:00-08:00"
            },
            "datetimeTo": {
                "utc": "2018-01-04T13:00:00Z",
                "local": "2018-01-04T05:00:00-08:00"
            }
        },
        "coordinates": null,
        "summary": null,
        "coverage": {
            "expectedCount": 1,
            "expectedInterval": "01:00:00",
            "observedCount": 1,
            "observedInterval": "01:00:00",
            "percentComplete": 100.0,
            "percentCoverage": 100.0,
            "datetimeFrom": {
                "utc": "2018-01-04T12:00:00Z",
                "local": "2018-01-04T04:00:00-08:00"
            },
            "datetimeTo": {
                "utc": "2018-01-04T13:00:00Z",
                "local": "2018-01-04T05:00:00-08:00"
            }
        }
    },
    {
        "value": 9.0,
        "flagInfo": {
            "hasFlags": false
        },
        "parameter": {
            "id": 2,
            "name": "pm25",
            "units": "\u00b5g/m\u00b3",
            "displayName": null
        },
        "period": {
            "label": "raw",
            "interval": "01:00:00",
            "datetimeFrom": {
                "utc": "2018-01-04T13:00:00Z",
                "local": "2018-01-04T05:00:00-08:00"
            },
            "datetimeTo": {
                "utc": "2018-01-04T14:00:00Z",
                "local": "2018-01-04T06:00:00-08:00"
            }
        },
        "coordinates": null,
        "summary": null,
        "coverage": {
            "expectedCount": 1,
            "expectedInterval": "01:00:00",
            "observedCount": 1,
            "observedInterval": "01:00:00",
            "percentComplete": 100.0,
            "percentCoverage": 100.0,
            "datetimeFrom": {
                "utc": "2018-01-04T13:00:00Z",
                "local": "2018-01-04T05:00:00-08:00"
            },
            "datetimeTo": {
                "utc": "2018-01-04T14:00:00Z",
                "local": "2018-01-04T06:00:00-08:00"
            }
        }
    },
    {
        "value": 7.0,
        "flagInfo": {
            "hasFlags": false
        },
        "parameter": {
            "id": 2,
            "name": "pm25",
            "units": "\u00b5g/m\u00b3",
            "displayName": null
        },
        "period": {
            "label": "raw",
            "interval": "01:00:00",
            "datetimeFrom": {
                "utc": "2018-01-04T18:00:00Z",
                "local": "2018-01-04T10:00:00-08:00"
            },
            "datetimeTo": {
                "utc": "2018-01-04T19:00:00Z",
                "local": "2018-01-04T11:00:00-08:00"
            }
        },
        "coordinates": null,
        "summary": null,
        "coverage": {
            "expectedCount": 1,
            "expectedInterval": "01:00:00",
            "observedCount": 1,
            "observedInterval": "01:00:00",
            "percentComplete": 100.0,
            "percentCoverage": 100.0,
            "datetimeFrom": {
                "utc": "2018-01-04T18:00:00Z",
                "local": "2018-01-04T10:00:00-08:00"
            },
            "datetimeTo": {
                "utc": "2018-01-04T19:00:00Z",
                "local": "2018-01-04T11:00:00-08:00"
            }
        }
    },
    {
        "value": 8.0,
        "flagInfo": {
            "hasFlags": false
        },
        "parameter": {
            "id": 2,
            "name": "pm25",
            "units": "\u00b5g/m\u00b3",
            "displayName": null
        },
        "period": {
            "label": "raw",
            "interval": "01:00:00",
            "datetimeFrom": {
                "utc": "2018-01-04T20:00:00Z",
                "local": "2018-01-04T12:00:00-08:00"
            },
            "datetimeTo": {
                "utc": "2018-01-04T21:00:00Z",
                "local": "2018-01-04T13:00:00-08:00"
            }
        },
        "coordinates": null,
        "summary": null,
        "coverage": {
            "expectedCount": 1,
            "expectedInterval": "01:00:00",
            "observedCount": 1,
            "observedInterval": "01:00:00",
            "percentComplete": 100.0,
            "percentCoverage": 100.0,
            "datetimeFrom": {
                "utc": "2018-01-04T20:00:00Z",
                "local": "2018-01-04T12:00:00-08:00"
            },
            "datetimeTo": {
                "utc": "2018-01-04T21:00:00Z",
                "local": "2018-01-04T13:00:00-08:00"
            }
        }
    },
    {
        "value": 5.0,
        "flagInfo": {
            "hasFlags": false
        },
        "parameter": {
            "id": 2,
            "name": "pm25",
            "units": "\u00b5g/m\u00b3",
            "displayName": null
        },
        "period": {
            "label": "raw",
            "interval": "01:00:00",
            "datetimeFrom": {
                "utc": "2018-01-04T21:00:00Z",
                "local": "2018-01-04T13:00:00-08:00"
            },
            "datetimeTo": {
                "utc": "2018-01-04T22:00:00Z",
                "local": "2018-01-04T14:00:00-08:00"
            }
        },
        "coordinates": null,
        "summary": null,
        "coverage": {
            "expectedCount": 1,
            "expectedInterval": "01:00:00",
            "observedCount": 1,
            "observedInterval": "01:00:00",
            "percentComplete": 100.0,
            "percentCoverage": 100.0,
            "datetimeFrom": {
                "utc": "2018-01-04T21:00:00Z",
                "local": "2018-01-04T13:00:00-08:00"
            },
            "datetimeTo": {
                "utc": "2018-01-04T22:00:00Z",
                "local": "2018-01-04T14:00:00-08:00"
            }
        }
    },
    {
        "value": 22.0,
        "flagInfo": {
            "hasFlags": false
        },
        "parameter": {
            "id": 2,
            "name": "pm25",
            "units": "\u00b5g/m\u00b3",
            "displayName": null
        },
        "period": {
            "label": "raw",
            "interval": "01:00:00",
            "datetimeFrom": {
                "utc": "2018-01-05T00:00:00Z",
                "local": "2018-01-04T16:00:00-08:00"
            },
            "datetimeTo": {
                "utc": "2018-01-05T01:00:00Z",
                "local": "2018-01-04T17:00:00-08:00"
            }
        },
        "coordinates": null,
        "summary": null,
        "coverage": {
            "expectedCount": 1,
            "expectedInterval": "01:00:00",
            "observedCount": 1,
            "observedInterval": "01:00:00",
            "percentComplete": 100.0,
            "percentCoverage": 100.0,
            "datetimeFrom": {
                "utc": "2018-01-05T00:00:00Z",
                "local": "2018-01-04T16:00:00-08:00"
            },
            "datetimeTo": {
                "utc": "2018-01-05T01:00:00Z",
                "local": "2018-01-04T17:00:00-08:00"
            }
        }
    },
    {
        "value": 8.0,
        "flagInfo": {
            "hasFlags": false
        },
        "parameter": {
            "id": 2,
            "name": "pm25",
            "units": "\u00b5g/m\u00b3",
            "displayName": null
        },
        "period": {
            "label": "raw",
            "interval": "01:00:00",
            "datetimeFrom": {
                "utc": "2018-01-05T02:00:00Z",
                "local": "2018-01-04T18:00:00-08:00"
            },
            "datetimeTo": {
                "utc": "2018-01-05T03:00:00Z",
                "local": "2018-01-04T19:00:00-08:00"
            }
        },
        "coordinates": null,
        "summary": null,
        "coverage": {
            "expectedCount": 1,
            "expectedInterval": "01:00:00",
            "observedCount": 1,
            "observedInterval": "01:00:00",
            "percentComplete": 100.0,
            "percentCoverage": 100.0,
            "datetimeFrom": {
                "utc": "2018-01-05T02:00:00Z",
                "local": "2018-01-04T18:00:00-08:00"
            },
            "datetimeTo": {
                "utc": "2018-01-05T03:00:00Z",
                "local": "2018-01-04T19:00:00-08:00"
            }
        }
    },
    {
        "value": 11.0,
        "flagInfo": {
            "hasFlags": false
        },
        "parameter": {
            "id": 2,
            "name": "pm25",
            "units": "\u00b5g/m\u00b3",
            "displayName": null
        },
        "period": {
            "label": "raw",
            "interval": "01:00:00",
            "datetimeFrom": {
                "utc": "2018-01-05T03:00:00Z",
                "local": "2018-01-04T19:00:00-08:00"
            },
            "datetimeTo": {
                "utc": "2018-01-05T04:00:00Z",
                "local": "2018-01-04T20:00:00-08:00"
            }
        },
        "coordinates": null,
        "summary": null,
        "coverage": {
            "expectedCount": 1,
            "expectedInterval": "01:00:00",
            "observedCount": 1,
            "observedInterval": "01:00:00",
            "percentComplete": 100.0,
            "percentCoverage": 100.0,
            "datetimeFrom": {
                "utc": "2018-01-05T03:00:00Z",
                "local": "2018-01-04T19:00:00-08:00"
            },
            "datetimeTo": {
                "utc": "2018-01-05T04:00:00Z",
                "local": "2018-01-04T20:00:00-08:00"
            }
        }
    },
    {
        "value": 19.0,
        "flagInfo": {
            "hasFlags": false
        },
        "parameter": {
            "id": 2,
            "name": "pm25",
            "units": "\u00b5g/m\u00b3",
            "displayName": null
        },
        "period": {
            "label": "raw",
            "interval": "01:00:00",
            "datetimeFrom": {
                "utc": "2018-01-05T06:00:00Z",
                "local": "2018-01-04T22:00:00-08:00"
            },
            "datetimeTo": {
                "utc": "2018-01-05T07:00:00Z",
                "local": "2018-01-04T23:00:00-08:00"
            }
        },
        "coordinates": null,
        "summary": null,
        "coverage": {
            "expectedCount": 1,
            "expectedInterval": "01:00:00",
            "observedCount": 1,
            "observedInterval": "01:00:00",
            "percentComplete": 100.0,
            "percentCoverage": 100.0,
            "datetimeFrom": {
                "utc": "2018-01-05T06:00:00Z",
                "local": "2018-01-04T22:00:00-08:00"
            },
            "datetimeTo": {
                "utc": "2018-01-05T07:00:00Z",
                "local": "2018-01-04T23:00:00-08:00"
            }
        }
    },
    {
        "value": 27.0,
        "flagInfo": {
            "hasFlags": false
        },
        "parameter": {
            "id": 2,
            "name": "pm25",
            "units": "\u00b5g/m\u00b3",
            "displayName": null
        },
        "period": {
            "label": "raw",
            "interval": "01:00:00",
            "datetimeFrom": {
                "utc": "2018-08-09T19:00:00Z",
                "local": "2018-08-09T12:00:00-07:00"
            },
            "datetimeTo": {
                "utc": "2018-08-09T20:00:00Z",
                "local": "2018-08-09T13:00:00-07:00"
            }
        },
        "coordinates": null,
        "summary": null,
        "coverage": {
            "expectedCount": 1,
            "expectedInterval": "01:00:00",
            "observedCount": 1,
            "observedInterval": "01:00:00",
            "percentComplete": 100.0,
            "percentCoverage": 100.0,
            "datetimeFrom": {
                "utc": "2018-08-09T19:00:00Z",
                "local": "2018-08-09T12:00:00-07:00"
            },
            "datetimeTo": {
                "utc": "2018-08-09T20:00:00Z",
                "local": "2018-08-09T13:00:00-07:00"
            }
        }
    }
]