[
    {
        "value": 8.0,
        "flagInfo": {
            "hasFlags": false
        },
        "parameter": {
            "id": 2,
            "name": "pm25",
            "units": "\u00b5g/m\u00b3",
            "displayName": null
        },
        "period": {
            "label": "raw",
            "interval": "01:00:00",
            "datetimeFrom": {
                "utc": "2018-08-12T07:00:00Z",
                "local": "2018-08-12T00:00:00-07:00"
            },
            "datetimeTo": {
                "utc": "2018-08-12T08:00:00Z",
                "local": "2018-08-12T01:00:00-07:00"
            }
        },
        "coordinates": null,
        "summary": null,
        "coverage": {
            "expectedCount": 1,
            "expectedInterval": "01:00:00",
            "observedCount": 1,
            "observedInterval": "01:00:00",
            "percentComplete": 100.0,
            "percentCoverage": 100.0,
            "datetimeFrom": {
                "utc": "2018-08-12T07:00:00Z",
                "local": "2018-08-12T00:00:00-07:00"
            },
            "datetimeTo": {
                "utc": "2018-08-12T08:00:00Z",
                "local": "2018-08-12T01:00:00-07:00"
            }
        }
    },
    {
        "value": 6.0,
        "flagInfo": {
            "hasFlags": false
        },
        "parameter": {
            "id": 2,
            "name": "pm25",
            "units": "\u00b5g/m\u00b3",
            "displayName": null
        },
        "period": {
            "label": "raw",
            "interval": "01:00:00",
            "datetimeFrom": {
                "utc": "2018-08-12T08:00:00Z",
                "local": "2018-08-12T01:00:00-07:00"
            },
            "datetimeTo": {
                "utc": "2018-08-12T09:00:00Z",
                "local": "2018-08-12T02:00:00-07:00"
            }
        },
        "coordinates": null,
        "summary": null,
        "coverage": {
            "expectedCount": 1,
            "expectedInterval": "01:00:00",
            "observedCount": 1,
            "observedInterval": "01:00:00",
            "percentComplete": 100.0,
            "percentCoverage": 100.0,
            "datetimeFrom": {
                "utc": "2018-08-12T08:00:00Z",
                "local": "2018-08-12T01:00:00-07:00"
            },
            "datetimeTo": {
                "utc": "2018-08-12T09:00:00Z",
                "local": "2018-08-12T02:00:00-07:00"
            }
        }
    },
    {
        "value": 9.0,
        "flagInfo": {
            "hasFlags": false
        },
        "parameter": {
            "id": 2,
            "name": "pm25",
            "units": "\u00b5g/m\u00b3",
            "displayName": null
        },
        "period": {
            "label": "raw",
            "interval": "01:00:00",
            "datetimeFrom": {
                "utc": "2018-08-12T09:00:00Z",
                "local": "2018-08-12T02:00:00-07:00"
            },
            "datetimeTo": {
                "utc": "2018-08-12T10:00:00Z",
                "local": "2018-08-12T03:00:00-07:00"
            }
        },
        "coordinates": null,
        "summary": null,
        "coverage": {
            "expectedCount": 1,
            "expectedInterval": "01:00:00",
            "observedCount": 1,
            "observedInterval": "01:00:00",
            "percentComplete": 100.0,
            "percentCoverage": 100.0,
            "datetimeFrom": {
                "utc": "2018-08-12T09:00:00Z",
                "local": "2018-08-12T02:00:00-07:00"
            },
            "datetimeTo": {
                "utc": "2018-08-12T10:00:00Z",
                "local": "2018-08-12T03:00:00-07:00"
            }
        }
    },
    {
        "value": 4.0,
        "flagInfo": {
            "hasFlags": false
        },
        "parameter": {
            "id": 2,
            "name": "pm25",
            "units": "\u00b5g/m\u00b3",
            "displayName": null
        },
        "period": {
            "label": "raw",
            "interval": "01:00:00",
            "datetimeFrom": {
                "utc": "2018-08-12T10:00:00Z",
                "local": "2018-08-12T03:00:00-07:00"
            },
            "datetimeTo": {
                "utc": "2018-08-12T11:00:00Z",
                "local": "2018-08-12T04:00:00-07:00"
            }
        },
        "coordinates": null,
        "summary": null,
        "coverage": {
            "expectedCount": 1,
            "expectedInterval": "01:00:00",
            "observedCount": 1,
            "observedInterval": "01:00:00",
            "percentComplete": 100.0,
            "percentCoverage": 100.0,
            "datetimeFrom": {
                "utc": "2018-08-12T10:00:00Z",
                "local": "2018-08-12T03:00:00-07:00"
            },
            "datetimeTo": {
                "utc": "2018-08-12T11:00:00Z",
                "local": "2018-08-12T04:00:00-07:00"
            }
        }
    },
    {
        "value": 9.0,
        "flagInfo": {
            "hasFlags": false
        },
        "parameter": {
            "id": 2,
            "name": "pm25",
            "units": "\u00b5g/m\u00b3",
            "displayName": null
        },
        "period": {
            "label": "raw",
            "interval": "01:00:00",
            "datetimeFrom": {
                "utc": "2018-08-12T11:00:00Z",
                "local": "2018-08-12T04:00:00-07:00"
            },
            "datetimeTo": {
                "utc": "2018-08-12T12:00:00Z",
                "local": "2018-08-12T05:00:00-07:00"
            }
        },
        "coordinates": null,
        "summary": null,
        "coverage": {
            "expectedCount": 1,
            "expectedInterval": "01:00:00",
            "observedCount": 1,
            "observedInterval": "01:00:00",
            "percentComplete": 100.0,
            "percentCoverage": 100.0,
            "datetimeFrom": {
                "utc": "2018-08-12T11:00:00Z",
                "local": "2018-08-12T04:00:00-07:00"
            },
            "datetimeTo": {
                "utc": "2018-08-12T12:00:00Z",
                "local": "2018-08-12T05:00:00-07:00"
            }
        }
    },
    {
        "value": 12.0,
        "flagInfo": {
            "hasFlags": false
        },
        "parameter": {
            "id": 2,
            "name": "pm25",
            "units": "\u00b5g/m\u00b3",
            "displayName": null
        },
        "period": {
            "label": "raw",
            "interval": "01:00:00",
            "datetimeFrom": {
                "utc": "2018-08-12T12:00:00Z",
                "local": "2018-08-12T05:00:00-07:00"
            },
            "datetimeTo": {
                "utc": "2018-08-12T13:00:00Z",
                "local": "2018-08-12T06:00:00-07:00"
            }
        },
        "coordinates": null,
        "summary": null,
        "coverage": {
            "expectedCount": 1,
            "expectedInterval": "01:00:00",
            "observedCount": 1,
            "observedInterval": "01:00:00",
            "percentComplete": 100.0,
            "percentCoverage": 100.0,
            "datetimeFrom": {
                "utc": "2018-08-12T12:00:00Z",
                "local": "2018-08-12T05:00:00-07:00"
            },
            "datetimeTo": {
                "utc": "2018-08-12T13:00:00Z",
                "local": "2018-08-12T06:00:00-07:00"
            }
        }
    },
    {
        "value": 8.0,
        "flagInfo": {
            "hasFlags": false
        },
        "parameter": {
            "id": 2,
            "name": "pm25",
            "units": "\u00b5g/m\u00b3",
            "displayName": null
        },
        "period": {
            "label": "raw",
            "interval": "01:00:00",
            "datetimeFrom": {
                "utc": "2018-08-12T14:00:00Z",
                "local": "2018-08-12T07:00:00-07:00"
            },
            "datetimeTo": {
                "utc": "2018-08-12T15:00:00Z",
                "local": "2018-08-12T08:00:00-07:00"
            }
        },
        "coordinates": null,
        "summary": null,
        "coverage": {
            "expectedCount": 1,
            "expectedInterval": "01:00:00",
            "observedCount": 1,
            "observedInterval": "01:00:00",
            "percentComplete": 100.0,
            "percentCoverage": 100.0,
            "datetimeFrom": {
                "utc": "2018-08-12T14:00:00Z",
                "local": "2018-08-12T07:00:00-07:00"
            },
            "datetimeTo": {
                "utc": "2018-08-12T15:00:00Z",
                "local": "2018-08-12T08:00:00-07:00"
            }
        }
    },
    {
        "value": 4.0,
        "flagInfo": {
            "hasFlags": false
        },
        "parameter": {
            "id": 2,
            "name": "pm25",
            "units": "\u00b5g/m\u00b3",
            "displayName": null
        },
        "period": {
            "label": "raw",
            "interval": "01:00:00",
            "datetimeFrom": {
                "utc": "2018-08-12T15:00:00Z",
                "local": "2018-08-12T08:00:00-07:00"
            },
            "datetimeTo": {
                "utc": "2018-08-12T16:00:00Z",
                "local": "2018-08-12T09:00:00-07:00"
            }
        },
        "coordinates": null,
        "summary": null,
        "coverage": {
            "expectedCount": 1,
            "expectedInterval": "01:00:00",
            "observedCount": 1,
            "observedInterval": "01:00:00",
            "percentComplete": 100.0,
            "percentCoverage": 100.0,
            "datetimeFrom": {
                "utc": "2018-08-12T15:00:00Z",
                "local": "2018-08-12T08:00:00-07:00"
            },
            "datetimeTo": {
                "utc": "2018-08-12T16:00:00Z",
                "local": "2018-08-12T09:00:00-07:00"
            }
        }
    },
    {
        "value": 10.0,
        "flagInfo": {
            "hasFlags": false
        },
        "parameter": {
            "id": 2,
            "name": "pm25",
            "units": "\u00b5g/m\u00b3",
            "displayName": null
        },
        "period": {
            "label": "raw",
            "interval": "01:00:00",
            "datetimeFrom": {
                "utc": "2018-08-12T16:00:00Z",
                "local": "2018-08-12T09:00:00-07:00"
            },
            "datetimeTo": {
                "utc": "2018-08-12T17:00:00Z",
                "local": "2018-08-12T10:00:00-07:00"
            }
        },
        "coordinates": null,
        "summary": null,
        "coverage": {
            "expectedCount": 1,
            "expectedInterval": "01:00:00",
            "observedCount": 1,
            "observedInterval": "01:00:00",
            "percentComplete": 100.0,
            "percentCoverage": 100.0,
            "datetimeFrom": {
                "utc": "2018-08-12T16:00:00Z",
                "local": "2018-08-12T09:00:00-07:00"
            },
            "datetimeTo": {
                "utc": "2018-08-12T17:00:00Z",
                "local": "2018-08-12T10:00:00-07:00"
            }
        }
    },
    {
        "value": 14.0,
        "flagInfo": {
            "hasFlags": false
        },
        "parameter": {
            "id": 2,
            "name": "pm25",
            "units": "\u00b5g/m\u00b3",
            "displayName": null
        },
        "period": {
            "label": "raw",
            "interval": "01:00:00",
            "datetimeFrom": {
                "utc": "2018-08-12T17:00:00Z",
                "local": "2018-08-12T10:00:00-07:00"
            },
            "datetimeTo": {
                "utc": "2018-08-12T18:00:00Z",
                "local": "2018-08-12T11:00:00-07:00"
            }
        },
        "coordinates": null,
        "summary": null,
        "coverage": {
            "expectedCount": 1,
            "expectedInterval": "01:00:00",
            "observedCount": 1,
            "observedInterval": "01:00:00",
            "percentComplete": 100.0,
            "percentCoverage": 100.0,
            "datetimeFrom": {
                "utc": "2018-08-12T17:00:00Z",
                "local": "2018-08-12T10:00:00-07:00"
            },
            "datetimeTo": {
                "utc": "2018-08-12T18:00:00Z",
                "local": "2018-08-12T11:00:00-07:00"
            }
        }
    },
    {
        "value": 23.0,
        "flagInfo": {
            "hasFlags": false
        },
        "parameter": {
            "id": 2,
            "name": "pm25",
            "units": "\u00b5g/m\u00b3",
            "displayName": null
        },
        "period": {
            "label": "raw",
            "interval": "01:00:00",
            "datetimeFrom": {
                "utc": "2018-08-12T18:00:00Z",
                "local": "2018-08-12T11:00:00-07:00"
            },
            "datetimeTo": {
                "utc": "2018-08-12T19:00:00Z",
                "local": "2018-08-12T12:00:00-07:00"
            }
        },
        "coordinates": null,
        "summary": null,
        "coverage": {
            "expectedCount": 1,
            "expectedInterval": "01:00:00",
            "observedCount": 1,
            "observedInterval": "01:00:00",
            "percentComplete": 100.0,
            "percentCoverage": 100.0,
            "datetimeFrom": {
                "utc": "2018-08-12T18:00:00Z",
                "local": "2018-08-12T11:00:00-07:00"
            },
            "datetimeTo": {
                "utc": "2018-08-12T19:00:00Z",
                "local": "2018-08-12T12:00:00-07:00"
            }
        }
    },
    {
        "value": 20.0,
        "flagInfo": {
            "hasFlags": false
        },
        "parameter": {
            "id": 2,
            "name": "pm25",
            "units": "\u00b5g/m\u00b3",
            "displayName": null
        },
        "period": {
            "label": "raw",
            "interval": "01:00:00",
            "datetimeFrom": {
                "utc": "2018-08-12T19:00:00Z",
                "local": "2018-08-12T12:00:00-07:00"
            },
            "datetimeTo": {
                "utc": "2018-08-12T20:00:00Z",
                "local": "2018-08-12T13:00:00-07:00"
            }
        },
        "coordinates": null,
        "summary": null,
        "coverage": {
            "expectedCount": 1,
            "expectedInterval": "01:00:00",
            "observedCount": 1,
            "observedInterval": "01:00:00",
            "percentComplete": 100.0,
            "percentCoverage": 100.0,
            "datetimeFrom": {
                "utc": "2018-08-12T19:00:00Z",
                "local": "2018-08-12T12:00:00-07:00"
            },
            "datetimeTo": {
                "utc": "2018-08-12T20:00:00Z",
                "local": "2018-08-12T13:00:00-07:00"
            }
        }
    },
    {
        "value": 12.0,
        "flagInfo": {
            "hasFlags": false
        },
        "parameter": {
            "id": 2,
            "name": "pm25",
            "units": "\u00b5g/m\u00b3",
            "displayName": null
        },
        "period": {
            "label": "raw",
            "interval": "01:00:00",
            "datetimeFrom": {
                "utc": "2018-08-12T20:00:00Z",
                "local": "2018-08-12T13:00:00-07:00"
            },
            "datetimeTo": {
                "utc": "2018-08-12T21:00:00Z",
                "local": "2018-08-12T14:00:00-07:00"
            }
        },
        "coordinates": null,
        "summary": null,
        "coverage": {
            "expectedCount": 1,
            "expectedInterval": "01:00:00",
            "observedCount": 1,
            "observedInterval": "01:00:00",
            "percentComplete": 100.0,
            "percentCoverage": 100.0,
            "datetimeFrom": {
                "utc": "2018-08-12T20:00:00Z",
                "local": "2018-08-12T13:00:00-07:00"
            },
            "datetimeTo": {
                "utc": "2018-08-12T21:00:00Z",
                "local": "2018-08-12T14:00:00-07:00"
            }
        }
    },
    {
        "value": 5.0,
        "flagInfo": {
            "hasFlags": false
        },
        "parameter": {
            "id": 2,
            "name": "pm25",
            "units": "\u00b5g/m\u00b3",
            "displayName": null
        },
        "period": {
            "label": "raw",
            "interval": "01:00:00",
            "datetimeFrom": {
                "utc": "2018-08-12T21:00:00Z",
                "local": "2018-08-12T14:00:00-07:00"
            },
            "datetimeTo": {
                "utc": "2018-08-12T22:00:00Z",
                "local": "2018-08-12T15:00:00-07:00"
            }
        },
        "coordinates": null,
        "summary": null,
        "coverage": {
            "expectedCount": 1,
            "expectedInterval": "01:00:00",
            "observedCount": 1,
            "observedInterval": "01:00:00",
            "percentComplete": 100.0,
            "percentCoverage": 100.0,
            "datetimeFrom": {
                "utc": "2018-08-12T21:00:00Z",
                "local": "2018-08-12T14:00:00-07:00"
            },
            "datetimeTo": {
                "utc": "2018-08-12T22:00:00Z",
                "local": "2018-08-12T15:00:00-07:00"
            }
        }
    },
    {
        "value": 19.0,
        "flagInfo": {
            "hasFlags": false
        },
        "parameter": {
            "id": 2,
            "name": "pm25",
            "units": "\u00b5g/m\u00b3",
            "displayName": null
        },
        "period": {
            "label": "raw",
            "interval": "01:00:00",
            "datetimeFrom": {
                "utc": "2018-08-12T23:00:00Z",
                "local": "2018-08-12T16:00:00-07:00"
            },
            "datetimeTo": {
                "utc": "2018-08-13T00:00:00Z",
                "local": "2018-08-12T17:00:00-07:00"
            }
        },
        "coordinates": null,
        "summary": null,
        "coverage": {
            "expectedCount": 1,
            "expectedInterval": "01:00:00",
            "observedCount": 1,
            "observedInterval": "01:00:00",
            "percentComplete": 100.0,
            "percentCoverage": 100.0,
            "datetimeFrom": {
                "utc": "2018-08-12T23:00:00Z",
                "local": "2018-08-12T16:00:00-07:00"
            },
            "datetimeTo": {
                "utc": "2018-08-13T00:00:00Z",
                "local": "2018-08-12T17:00:00-07:00"
            }
        }
    },
    {
        "value": 6.0,
        "flagInfo": {
            "hasFlags": false
        },
        "parameter": {
            "id": 2,
            "name": "pm25",
            "units": "\u00b5g/m\u00b3",
            "displayName": null
        },
        "period": {
            "label": "raw",
            "interval": "01:00:00",
            "datetimeFrom": {
                "utc": "2018-08-13T00:00:00Z",
                "local": "2018-08-12T17:00:00-07:00"
            },
            "datetimeTo": {
                "utc": "2018-08-13T01:00:00Z",
                "local": "2018-08-12T18:00:00-07:00"
            }
        },
        "coordinates": null,
        "summary": null,
        "coverage": {
            "expectedCount": 1,
            "expectedInterval": "01:00:00",
            "observedCount": 1,
            "observedInterval": "01:00:00",
            "percentComplete": 100.0,
            "percentCoverage": 100.0,
            "datetimeFrom": {
                "utc": "2018-08-13T00:00:00Z",
                "local": "2018-08-12T17:00:00-07:00"
            },
            "datetimeTo": {
                "utc": "2018-08-13T01:00:00Z",
                "local": "2018-08-12T18:00:00-07:00"
            }
        }
    },
    {
        "value": 1.0,
        "flagInfo": {
            "hasFlags": false
        },
        "parameter": {
            "id": 2,
            "name": "pm25",
            "units": "\u00b5g/m\u00b3",
            "displayName": null
        },
        "period": {
            "label": "raw",
            "interval": "01:00:00",
            "datetimeFrom": {
                "utc": "2018-08-13T02:00:00Z",
                "local": "2018-08-12T19:00:00-07:00"
            },
            "datetimeTo": {
                "utc": "2018-08-13T03:00:00Z",
                "local": "2018-08-12T20:00:00-07:00"
            }
        },
        "coordinates": null,
        "summary": null,
        "coverage": {
            "expectedCount": 1,
            "expectedInterval": "01:00:00",
            "observedCount": 1,
            "observedInterval": "01:00:00",
            "percentComplete": 100.0,
            "percentCoverage": 100.0,
            "datetimeFrom": {
                "utc": "2018-08-13T02:00:00Z",
                "local": "2018-08-12T19:00:00-07:00"
            },
            "datetimeTo": {
                "utc": "2018-08-13T03:00:00Z",
                "local": "2018-08-12T20:00:00-07:00"
            }
        }
    },
    {
        "value": 7.0,
        "flagInfo": {
            "hasFlags": false
        },
        "parameter": {
            "id": 2,
            "name": "pm25",
            "units": "\u00b5g/m\u00b3",
            "displayName": null
        },
        "period": {
            "label": "raw",
            "interval": "01:00:00",
            "datetimeFrom": {
                "utc": "2018-08-13T03:00:00Z",
                "local": "2018-08-12T20:00:00-07:00"
            },
            "datetimeTo": {
                "utc": "2018-08-13T04:00:00Z",
                "local": "2018-08-12T21:00:00-07:00"
            }
        },
        "coordinates": null,
        "summary": null,
        "coverage": {
            "expectedCount": 1,
            "expectedInterval": "01:00:00",
            "observedCount": 1,
            "observedInterval": "01:00:00",
            "percentComplete": 100.0,
            "percentCoverage": 100.0,
            "datetimeFrom": {
                "utc": "2018-08-13T03:00:00Z",
                "local": "2018-08-12T20:00:00-07:00"
            },
            "datetimeTo": {
                "utc": "2018-08-13T04:00:00Z",
                "local": "2018-08-12T21:00:00-07:00"
            }
        }
    },
    {
        "value": 11.0,
        "flagInfo": {
            "hasFlags": false
        },
        "parameter": {
            "id": 2,
            "name": "pm25",
            "units": "\u00b5g/m\u00b3",
            "displayName": null
        },
        "period": {
            "label": "raw",
            "interval": "01:00:00",
            "datetimeFrom": {
                "utc": "2018-08-13T05:00:00Z",
                "local": "2018-08-12T22:00:00-07:00"
            },
            "datetimeTo": {
                "utc": "2018-08-13T06:00:00Z",
                "local": "2018-08-12T23:00:00-07:00"
            }
        },
        "coordinates": null,
        "summary": null,
        "coverage": {
            "expectedCount": 1,
            "expectedInterval": "01:00:00",
            "observedCount": 1,
            "observedInterval": "01:00:00",
            "percentComplete": 100.0,
            "percentCoverage": 100.0,
            "datetimeFrom": {
                "utc": "2018-08-13T05:00:00Z",
                "local": "2018-08-12T22:00:00-07:00"
            },
            "datetimeTo": {
                "utc": "2018-08-13T06:00:00Z",
                "local": "2018-08-12T23:00:00-07:00"
            }
        }
    },
    {
        "value": 1.0,
        "flagInfo": {
            "hasFlags": false
        },
        "parameter": {
            "id": 2,
            "name": "pm25",
            "units": "\u00b5g/m\u00b3",
            "displayName": null
        },
        "period": {
            "label": "raw",
            "interval": "01:00:00",
            "datetimeFrom": {
                "utc": "2018-08-13T06:00:00Z",
                "local": "2018-08-12T23:00:00-07:00"
            },
            "datetimeTo": {
                "utc": "2018-08-13T07:00:00Z",
                "local": "2018-08-13T00:00:00-07:00"
            }
        },
        "coordinates": null,
        "summary": null,
        "coverage": {
            "expectedCount": 1,
            "expectedInterval": "01:00:00",
            "observedCount": 1,
            "observedInterval": "01:00:00",
            "percentComplete": 100.0,
            "percentCoverage": 100.0,
            "datetimeFrom": {
                "utc": "2018-08-13T06:00:00Z",
                "local": "2018-08-12T23:00:00-07:00"
            },
            "datetimeTo": {
                "utc": "2018-08-13T07:00:00Z",
                "local": "2018-08-13T00:00:00-07:00"
            }
        }
    },
    {
        "value": 6.0,
        "flagInfo": {
            "hasFlags": false
        },
        "parameter": {
            "id": 2,
            "name": "pm25",
            "units": "\u00b5g/m\u00b3",
            "displayName": null
        },
        "period": {
            "label": "raw",
            "interval": "01:00:00",
            "datetimeFrom": {
                "utc": "2018-08-13T19:00:00Z",
                "local": "2018-08-13T12:00:00-07:00"
            },
            "datetimeTo": {
                "utc": "2018-08-13T20:00:00Z",
                "local": "2018-08-13T13:00:00-07:00"
            }
        },
        "coordinates": null,
        "summary": null,
        "coverage": {
            "expectedCount": 1,
            "expectedInterval": "01:00:00",
            "observedCount": 1,
            "observedInterval": "01:00:00",
            "percentComplete": 100.0,
            "percentCoverage": 100.0,
            "datetimeFrom": {
                "utc": "2018-08-13T19:00:00Z",
                "local": "2018-08-13T12:00:00-07:00"
            },
            "datetimeTo": {
                "utc": "2018-08-13T20:00:00Z",
                "local": "2018-08-13T13:00:00-07:00"
            }
        }
    },
    {
        "value": 11.0,
        "flagInfo": {
            "hasFlags": false
        },
        "parameter": {
            "id": 2,
            "name": "pm25",
            "units": "\u00b5g/m\u00b3",
            "displayName": null
        },
        "period": {
            "label": "raw",
            "interval": "01:00:00",
            "datetimeFrom": {
                "utc": "2018-08-13T20:00:00Z",
                "local": "2018-08-13T13:00:00-07:00"
            },
            "datetimeTo": {
                "utc": "2018-08-13T21:00:00Z",
                "local": "2018-08-13T14:00:00-07:00"
            }
        },
        "coordinates": null,
        "summary": null,
        "coverage": {
            "expectedCount": 1,
            "expectedInterval": "01:00:00",
            "observedCount": 1,
            "observedInterval": "01:00:00",
            "percentComplete": 100.0,
            "percentCoverage": 100.0,
            "datetimeFrom": {
                "utc": "2018-08-13T20:00:00Z",
                "local": "2018-08-13T13:00:00-07:00"
            },
            "datetimeTo": {
                "utc": "2018-08-13T21:00:00Z",
                "local": "2018-08-13T14:00:00-07:00"
            }
        }
    },
    {
        "value": 12.0,
        "flagInfo": {
            "hasFlags": false
        },
        "parameter": {
            "id": 2,
            "name": "pm25",
            "units": "\u00b5g/m\u00b3",
            "displayName": null
        },
        "period": {
            "label": "raw",
            "interval": "01:00:00",
            "datetimeFrom": {
                "utc": "2018-08-13T21:00:00Z",
                "local": "2018-08-13T14:00:00-07:00"
            },
            "datetimeTo": {
                "utc": "2018-08-13T22:00:00Z",
                "local": "2018-08-13T15:00:00-07:00"
            }
        },
        "coordinates": null,
        "summary": null,
        "coverage": {
            "expectedCount": 1,
            "expectedInterval": "01:00:00",
            "observedCount": 1,
            "observedInterval": "01:00:00",
            "percentComplete": 100.0,
            "percentCoverage": 100.0,
            "datetimeFrom": {
                "utc": "2018-08-13T21:00:00Z",
                "local": "2018-08-13T14:00:00-07:00"
            },
            "datetimeTo": {
                "utc": "2018-08-13T22:00:00Z",
                "local": "2018-08-13T15:00:00-07:00"
            }
        }
    },
    {
        "value": 24.0,
        "flagInfo": {
            "hasFlags": false
        },
        "parameter": {
            "id": 2,
            "name": "pm25",
            "units": "\u00b5g/m\u00b3",
            "displayName": null
        },
        "period": {
            "label": "raw",
            "interval": "01:00:00",
            "datetimeFrom": {
                "utc": "2018-08-13T22:00:00Z",
                "local": "2018-08-13T15:00:00-07:00"
            },
            "datetimeTo": {
                "utc": "2018-08-13T23:00:00Z",
                "local": "2018-08-13T16:00:00-07:00"
            }
        },
        "coordinates": null,
        "summary": null,
        "coverage": {
            "expectedCount": 1,
            "expectedInterval": "01:00:00",
            "observedCount": 1,
            "observedInterval": "01:00:00",
            "percentComplete": 100.0,
            "percentCoverage": 100.0,
            "datetimeFrom": {
                "utc": "2018-08-13T22:00:00Z",
                "local": "2018-08-13T15:00:00-07:00"
            },
            "datetimeTo": {
                "utc": "2018-08-13T23:00:00Z",
                "local": "2018-08-13T16:00:00-07:00"
            }
        }
    },
    {
        "value": 2.0,
        "flagInfo": {
            "hasFlags": false
        },
        "parameter": {
            "id": 2,
            "name": "pm25",
            "units": "\u00b5g/m\u00b3",
            "displayName": null
        },
        "period": {
            "label": "raw",
            "interval": "01:00:00",
            "datetimeFrom": {
                "utc": "2018-08-13T23:00:00Z",
                "local": "2018-08-13T16:00:00-07:00"
            },
            "datetimeTo": {
                "utc": "2018-08-14T00:00:00Z",
                "local": "2018-08-13T17:00:00-07:00"
            }
        },
        "coordinates": null,
        "summary": null,
        "coverage": {
            "expectedCount": 1,
            "expectedInterval": "01:00:00",
            "observedCount": 1,
            "observedInterval": "01:00:00",
            "percentComplete": 100.0,
            "percentCoverage": 100.0,
            "datetimeFrom": {
                "utc": "2018-08-13T23:00:00Z",
                "local": "2018-08-13T16:00:00-07:00"
            },
            "datetimeTo": {
                "utc": "2018-08-14T00:00:00Z",
                "local": "2018-08-13T17:00:00-07:00"
            }
        }
    },
    {
        "value": 4.0,
        "flagInfo": {
            "hasFlags": false
        },
        "parameter": {
            "id": 2,
            "name": "pm25",
            "units": "\u00b5g/m\u00b3",
            "displayName": null
        },
        "period": {
            "label": "raw",
            "interval": "01:00:00",
            "datetimeFrom": {
                "utc": "2018-08-14T00:00:00Z",
                "local": "2018-08-13T17:00:00-07:00"
            },
            "datetimeTo": {
                "utc": "2018-08-14T01:00:00Z",
                "local": "2018-08-13T18:00:00-07:00"
            }
        },
        "coordinates": null,
        "summary": null,
        "coverage": {
            "expectedCount": 1,
            "expectedInterval": "01:00:00",
            "observedCount": 1,
            "observedInterval": "01:00:00",
            "percentComplete": 100.0,
            "percentCoverage": 100.0,
            "datetimeFrom": {
                "utc": "2018-08-14T00:00:00Z",
                "local": "2018-08-13T17:00:00-07:00"
            },
            "datetimeTo": {
                "utc": "2018-08-14T01:00:00Z",
                "local": "2018-08-13T18:00:00-07:00"
            }
        }
    },
    {
        "value": -4.0,
        "flagInfo": {
            "hasFlags": false
        },
        "parameter": {
            "id": 2,
            "name": "pm25",
            "units": "\u00b5g/m\u00b3",
            "displayName": null
        },
        "period": {
            "label": "raw",
            "interval": "01:00:00",
            "datetimeFrom": {
                "utc": "2018-08-14T01:00:00Z",
                "local": "2018-08-13T18:00:00-07:00"
            },
            "datetimeTo": {
                "utc": "2018-08-14T02:00:00Z",
                "local": "2018-08-13T19:00:00-07:00"
            }
        },
        "coordinates": null,
        "summary": null,
        "coverage": {
            "expectedCount": 1,
            "expectedInterval": "01:00:00",
            "observedCount": 1,
            "observedInterval": "01:00:00",
            "percentComplete": 100.0,
            "percentCoverage": 100.0,
            "datetimeFrom": {
                "utc": "2018-08-14T01:00:00Z",
                "local": "2018-08-13T18:00:00-07:00"
            },
            "datetimeTo": {
                "utc": "2018-08-14T02:00:00Z",
                "local": "2018-08-13T19:00:00-07:00"
            }
        }
    },
    {
        "value": 6.0,
        "flagInfo": {
            "hasFlags": false
        },
        "parameter": {
            "id": 2,
            "name": "pm25",
            "units": "\u00b5g/m\u00b3",
            "displayName": null
        },
        "period": {
            "label": "raw",
            "interval": "01:00:00",
            "datetimeFrom": {
                "utc": "2018-08-14T02:00:00Z",
                "local": "2018-08-13T19:00:00-07:00"
            },
            "datetimeTo": {
                "utc": "2018-08-14T03:00:00Z",
                "local": "2018-08-13T20:00:00-07:00"
            }
        },
        "coordinates": null,
        "summary": null,
        "coverage": {
            "expectedCount": 1,
            "expectedInterval": "01:00:00",
            "observedCount": 1,
            "observedInterval": "01:00:00",
            "percentComplete": 100.0,
            "percentCoverage": 100.0,
            "datetimeFrom": {
                "utc": "2018-08-14T02:00:00Z",
                "local": "2018-08-13T19:00:00-07:00"
            },
            "datetimeTo": {
                "utc": "2018-08-14T03:00:00Z",
                "local": "2018-08-13T20:00:00-07:00"
            }
        }
    },
    {
        "value": 1.0,
        "flagInfo": {
            "hasFlags": false
        },
        "parameter": {
            "id": 2,
            "name": "pm25",
            "units": "\u00b5g/m\u00b3",
            "displayName": null
        },
        "period": {
            "label": "raw",
            "interval": "01:00:00",
            "datetimeFrom": {
                "utc": "2018-08-14T03:00:00Z",
                "local": "2018-08-13T20:00:00-07:00"
            },
            "datetimeTo": {
                "utc": "2018-08-14T04:00:00Z",
                "local": "2018-08-13T21:00:00-07:00"
            }
        },
        "coordinates": null,
        "summary": null,
        "coverage": {
            "expectedCount": 1,
            "expectedInterval": "01:00:00",
            "observedCount": 1,
            "observedInterval": "01:00:00",
            "percentComplete": 100.0,
            "percentCoverage": 100.0,
            "datetimeFrom": {
                "utc": "2018-08-14T03:00:00Z",
                "local": "2018-08-13T20:00:00-07:00"
            },
            "datetimeTo": {
                "utc": "2018-08-14T04:00:00Z",
                "local": "2018-08-13T21:00:00-07:00"
            }
        }
    },
    {
        "value": 12.0,
        "flagInfo": {
            "hasFlags": false
        },
        "parameter": {
            "id": 2,
            "name": "pm25",
            "units": "\u00b5g/m\u00b3",
            "displayName": null
        },
        "period": {
            "label": "raw",
            "interval": "01:00:00",
            "datetimeFrom": {
                "utc": "2018-08-14T04:00:00Z",
                "local": "2018-08-13T21:00:00-07:00"
            },
            "datetimeTo": {
                "utc": "2018-08-14T05:00:00Z",
                "local": "2018-08-13T22:00:00-07:00"
            }
        },
        "coordinates": null,
        "summary": null,
        "coverage": {
            "expectedCount": 1,
            "expectedInterval": "01:00:00",
            "observedCount": 1,
            "observedInterval": "01:00:00",
            "percentComplete": 100.0,
            "percentCoverage": 100.0,
            "datetimeFrom": {
                "utc": "2018-08-14T04:00:00Z",
                "local": "2018-08-13T21:00:00-07:00"
            },
            "datetimeTo": {
                "utc": "2018-08-14T05:00:00Z",
                "local": "2018-08-13T22:00:00-07:00"
            }
        }
    },
    {
        "value": 2.0,
        "flagInfo": {
            "hasFlags": false
        },
        "parameter": {
            "id": 2,
            "name": "pm25",
            "units": "\u00b5g/m\u00b3",
            "displayName": null
        },
        "period": {
            "label": "raw",
            "interval": "01:00:00",
            "datetimeFrom": {
                "utc": "2018-08-14T05:00:00Z",
                "local": "2018-08-13T22:00:00-07:00"
            },
            "datetimeTo": {
                "utc": "2018-08-14T06:00:00Z",
                "local": "2018-08-13T23:00:00-07:00"
            }
        },
        "coordinates": null,
        "summary": null,
        "coverage": {
            "expectedCount": 1,
            "expectedInterval": "01:00:00",
            "observedCount": 1,
            "observedInterval": "01:00:00",
            "percentComplete": 100.0,
            "percentCoverage": 100.0,
            "datetimeFrom": {
                "utc": "2018-08-14T05:00:00Z",
                "local": "2018-08-13T22:00:00-07:00"
            },
            "datetimeTo": {
                "utc": "2018-08-14T06:00:00Z",
                "local": "2018-08-13T23:00:00-07:00"
            }
        }
    },
    {
        "value": 9.0,
        "flagInfo": {
            "hasFlags": false
        },
        "parameter": {
            "id": 2,
            "name": "pm25",
            "units": "\u00b5g/m\u00b3",
            "displayName": null
        },
        "period": {
            "label": "raw",
            "interval": "01:00:00",
            "datetimeFrom": {
                "utc": "2018-08-29T07:00:00Z",
                "local": "2018-08-29T00:00:00-07:00"
            },
            "datetimeTo": {
                "utc": "2018-08-29T08:00:00Z",
                "local": "2018-08-29T01:00:00-07:00"
            }
        },
        "coordinates": null,
        "summary": null,
        "coverage": {
            "expectedCount": 1,
            "expectedInterval": "01:00:00",
            "observedCount": 1,
            "observedInterval": "01:00:00",
            "percentComplete": 100.0,
            "percentCoverage": 100.0,
            "datetimeFrom": {
                "utc": "2018-08-29T07:00:00Z",
                "local": "2018-08-29T00:00:00-07:00"
            },
            "datetimeTo": {
                "utc": "2018-08-29T08:00:00Z",
                "local": "2018-08-29T01:00:00-07:00"
            }
        }
    },
    {
        "value": 9.0,
        "flagInfo": {
            "hasFlags": false
        },
        "parameter": {
            "id": 2,
            "name": "pm25",
            "units": "\u00b5g/m\u00b3",
            "displayName": null
        },
        "period": {
            "label": "raw",
            "interval": "01:00:00",
            "datetimeFrom": {
                "utc": "2018-08-29T08:00:00Z",
                "local": "2018-08-29T01:00:00-07:00"
            },
            "datetimeTo": {
                "utc": "2018-08-29T09:00:00Z",
                "local": "2018-08-29T02:00:00-07:00"
            }
        },
        "coordinates": null,
        "summary": null,
        "coverage": {
            "expectedCount": 1,
            "expectedInterval": "01:00:00",
            "observedCount": 1,
            "observedInterval": "01:00:00",
            "percentComplete": 100.0,
            "percentCoverage": 100.0,
            "datetimeFrom": {
                "utc": "2018-08-29T08:00:00Z",
                "local": "2018-08-29T01:00:00-07:00"
            },
            "datetimeTo": {
                "utc": "2018-08-29T09:00:00Z",
                "local": "2018-08-29T02:00:00-07:00"
            }
        }
    },
    {
        "value": 10.0,
        "flagInfo": {
            "hasFlags": false
        },
        "parameter": {
            "id": 2,
            "name": "pm25",
            "units": "\u00b5g/m\u00b3",
            "displayName": null
        },
        "period": {
            "label": "raw",
            "interval": "01:00:00",
            "datetimeFrom": {
                "utc": "2018-08-29T09:00:00Z",
                "local": "2018-08-29T02:00:00-07:00"
            },
            "datetimeTo": {
                "utc": "2018-08-29T10:00:00Z",
                "local": "2018-08-29T03:00:00-07:00"
            }
        },
        "coordinates": null,
        "summary": null,
        "coverage": {
            "expectedCount": 1,
            "expectedInterval": "01:00:00",
            "observedCount": 1,
            "observedInterval": "01:00:00",
            "percentComplete": 100.0,
            "percentCoverage": 100.0,
            "datetimeFrom": {
                "utc": "2018-08-29T09:00:00Z",
                "local": "2018-08-29T02:00:00-07:00"
            },
            "datetimeTo": {
                "utc": "2018-08-29T10:00:00Z",
                "local": "2018-08-29T03:00:00-07:00"
            }
        }
    },
    {
        "value": 6.0,
        "flagInfo": {
            "hasFlags": false
        },
        "parameter": {
            "id": 2,
            "name": "pm25",
            "units": "\u00b5g/m\u00b3",
            "displayName": null
        },
        "period": {
            "label": "raw",
            "interval": "01:00:00",
            "datetimeFrom": {
                "utc": "2018-08-29T10:00:00Z",
                "local": "2018-08-29T03:00:00-07:00"
            },
            "datetimeTo": {
                "utc": "2018-08-29T11:00:00Z",
                "local": "2018-08-29T04:00:00-07:00"
            }
        },
        "coordinates": null,
        "summary": null,
        "coverage": {
            "expectedCount": 1,
            "expectedInterval": "01:00:00",
            "observedCount": 1,
            "observedInterval": "01:00:00",
            "percentComplete": 100.0,
            "percentCoverage": 100.0,
            "datetimeFrom": {
                "utc": "2018-08-29T10:00:00Z",
                "local": "2018-08-29T03:00:00-07:00"
            },
            "datetimeTo": {
                "utc": "2018-08-29T11:00:00Z",
                "local": "2018-08-29T04:00:00-07:00"
            }
        }
    },
    {
        "value": 14.0,
        "flagInfo": {
            "hasFlags": false
        },
        "parameter": {
            "id": 2,
            "name": "pm25",
            "units": "\u00b5g/m\u00b3",
            "displayName": null
        },
        "period": {
            "label": "raw",
            "interval": "01:00:00",
            "datetimeFrom": {
                "utc": "2018-08-29T11:00:00Z",
                "local": "2018-08-29T04:00:00-07:00"
            },
            "datetimeTo": {
                "utc": "2018-08-29T12:00:00Z",
                "local": "2018-08-29T05:00:00-07:00"
            }
        },
        "coordinates": null,
        "summary": null,
        "coverage": {
            "expectedCount": 1,
            "expectedInterval": "01:00:00",
            "observedCount": 1,
            "observedInterval": "01:00:00",
            "percentComplete": 100.0,
            "percentCoverage": 100.0,
            "datetimeFrom": {
                "utc": "2018-08-29T11:00:00Z",
                "local": "2018-08-29T04:00:00-07:00"
            },
            "datetimeTo": {
                "utc": "2018-08-29T12:00:00Z",
                "local": "2018-08-29T05:00:00-07:00"
            }
        }
    },
    {
        "value": 3.0,
        "flagInfo": {
            "hasFlags": false
        },
        "parameter": {
            "id": 2,
            "name": "pm25",
            "units": "\u00b5g/m\u00b3",
            "displayName": null
        },
        "period": {
            "label": "raw",
            "interval": "01:00:00",
            "datetimeFrom": {
                "utc": "2018-08-29T12:00:00Z",
                "local": "2018-08-29T05:00:00-07:00"
            },
            "datetimeTo": {
                "utc": "2018-08-29T13:00:00Z",
                "local": "2018-08-29T06:00:00-07:00"
            }
        },
        "coordinates": null,
        "summary": null,
        "coverage": {
            "expectedCount": 1,
            "expectedInterval": "01:00:00",
            "observedCount": 1,
            "observedInterval": "01:00:00",
            "percentComplete": 100.0,
            "percentCoverage": 100.0,
            "datetimeFrom": {
                "utc": "2018-08-29T12:00:00Z",
                "local": "2018-08-29T05:00:00-07:00"
            },
            "datetimeTo": {
                "utc": "2018-08-29T13:00:00Z",
                "local": "2018-08-29T06:00:00-07:00"
            }
        }
    },
    {
        "value": 10.0,
        "flagInfo": {
            "hasFlags": false
        },
        "parameter": {
            "id": 2,
            "name": "pm25",
            "units": "\u00b5g/m\u00b3",
            "displayName": null
        },
        "period": {
            "label": "raw",
            "interval": "01:00:00",
            "datetimeFrom": {
                "utc": "2018-08-29T14:00:00Z",
                "local": "2018-08-29T07:00:00-07:00"
            },
            "datetimeTo": {
                "utc": "2018-08-29T15:00:00Z",
                "local": "2018-08-29T08:00:00-07:00"
            }
        },
        "coordinates": null,
        "summary": null,
        "coverage": {
            "expectedCount": 1,
            "expectedInterval": "01:00:00",
            "observedCount": 1,
            "observedInterval": "01:00:00",
            "percentComplete": 100.0,
            "percentCoverage": 100.0,
            "datetimeFrom": {
                "utc": "2018-08-29T14:00:00Z",
                "local": "2018-08-29T07:00:00-07:00"
            },
            "datetimeTo": {
                "utc": "2018-08-29T15:00:00Z",
                "local": "2018-08-29T08:00:00-07:00"
            }
        }
    },
    {
        "value": 5.0,
        "flagInfo": {
            "hasFlags": false
        },
        "parameter": {
            "id": 2,
            "name": "pm25",
            "units": "\u00b5g/m\u00b3",
            "displayName": null
        },
        "period": {
            "label": "raw",
            "interval": "01:00:00",
            "datetimeFrom": {
                "utc": "2018-08-29T15:00:00Z",
                "local": "2018-08-29T08:00:00-07:00"
            },
            "datetimeTo": {
                "utc": "2018-08-29T16:00:00Z",
                "local": "2018-08-29T09:00:00-07:00"
            }
        },
        "coordinates": null,
        "summary": null,
        "coverage": {
            "expectedCount": 1,
            "expectedInterval": "01:00:00",
            "observedCount": 1,
            "observedInterval": "01:00:00",
            "percentComplete": 100.0,
            "percentCoverage": 100.0,
            "datetimeFrom": {
                "utc": "2018-08-29T15:00:00Z",
                "local": "2018-08-29T08:00:00-07:00"
            },
            "datetimeTo": {
                "utc": "2018-08-29T16:00:00Z",
                "local": "2018-08-29T09:00:00-07:00"
            }
        }
    },
    {
        "value": 4.0,
        "flagInfo": {
            "hasFlags": false
        },
        "parameter": {
            "id": 2,
            "name": "pm25",
            "units": "\u00b5g/m\u00b3",
            "displayName": null
        },
        "period": {
            "label": "raw",
            "interval": "01:00:00",
            "datetimeFrom": {
                "utc": "2018-08-29T17:00:00Z",
                "local": "2018-08-29T10:00:00-07:00"
            },
            "datetimeTo": {
                "utc": "2018-08-29T18:00:00Z",
                "local": "2018-08-29T11:00:00-07:00"
            }
        },
        "coordinates": null,
        "summary": null,
        "coverage": {
            "expectedCount": 1,
            "expectedInterval": "01:00:00",
            "observedCount": 1,
            "observedInterval": "01:00:00",
            "percentComplete": 100.0,
            "percentCoverage": 100.0,
            "datetimeFrom": {
                "utc": "2018-08-29T17:00:00Z",
                "local": "2018-08-29T10:00:00-07:00"
            },
            "datetimeTo": {
                "utc": "2018-08-29T18:00:00Z",
                "local": "2018-08-29T11:00:00-07:00"
            }
        }
    },
    {
        "value": 5.0,
        "flagInfo": {
            "hasFlags": false
        },
        "parameter": {
            "id": 2,
            "name": "pm25",
            "units": "\u00b5g/m\u00b3",
            "displayName": null
        },
        "period": {
            "label": "raw",
            "interval": "01:00:00",
            "datetimeFrom": {
                "utc": "2018-09-06T15:00:00Z",
                "local": "2018-09-06T08:00:00-07:00"
            },
            "datetimeTo": {
                "utc": "2018-09-06T16:00:00Z",
                "local": "2018-09-06T09:00:00-07:00"
            }
        },
        "coordinates": null,
        "summary": null,
        "coverage": {
            "expectedCount": 1,
            "expectedInterval": "01:00:00",
            "observedCount": 1,
            "observedInterval": "01:00:00",
            "percentComplete": 100.0,
            "percentCoverage": 100.0,
            "datetimeFrom": {
                "utc": "2018-09-06T15:00:00Z",
                "local": "2018-09-06T08:00:00-07:00"
            },
            "datetimeTo": {
                "utc": "2018-09-06T16:00:00Z",
                "local": "2018-09-06T09:00:00-07:00"
            }
        }
    },
    {
        "value": 0.0,
        "flagInfo": {
            "hasFlags": false
        },
        "parameter": {
            "id": 2,
            "name": "pm25",
            "units": "\u00b5g/m\u00b3",
            "displayName": null
        },
        "period": {
            "label": "raw",
            "interval": "01:00:00",
            "datetimeFrom": {
                "utc": "2018-09-06T16:00:00Z",
                "local": "2018-09-06T09:00:00-07:00"
            },
            "datetimeTo": {
                "utc": "2018-09-06T17:00:00Z",
                "local": "2018-09-06T10:00:00-07:00"
            }
        },
        "coordinates": null,
        "summary": null,
        "coverage": {
            "expectedCount": 1,
            "expectedInterval": "01:00:00",
            "observedCount": 1,
            "observedInterval": "01:00:00",
            "percentComplete": 100.0,
            "percentCoverage": 100.0,
            "datetimeFrom": {
                "utc": "2018-09-06T16:00:00Z",
                "local": "2018-09-06T09:00:00-07:00"
            },
            "datetimeTo": {
                "utc": "2018-09-06T17:00:00Z",
                "local": "2018-09-06T10:00:00-07:00"
            }
        }
    },
    {
        "value": 8.0,
        "flagInfo": {
            "hasFlags": false
        },
        "parameter": {
            "id": 2,
            "name": "pm25",
            "units": "\u00b5g/m\u00b3",
            "displayName": null
        },
        "period": {
            "label": "raw",
            "interval": "01:00:00",
            "datetimeFrom": {
                "utc": "2018-09-06T17:00:00Z",
                "local": "2018-09-06T10:00:00-07:00"
            },
            "datetimeTo": {
                "utc": "2018-09-06T18:00:00Z",
                "local": "2018-09-06T11:00:00-07:00"
            }
        },
        "coordinates": null,
        "summary": null,
        "coverage": {
            "expectedCount": 1,
            "expectedInterval": "01:00:00",
            "observedCount": 1,
            "observedInterval": "01:00:00",
            "percentComplete": 100.0,
            "percentCoverage": 100.0,
            "datetimeFrom": {
                "utc": "2018-09-06T17:00:00Z",
                "local": "2018-09-06T10:00:00-07:00"
            },
            "datetimeTo": {
                "utc": "2018-09-06T18:00:00Z",
                "local": "2018-09-06T11:00:00-07:00"
            }
        }
    },
    {
        "value": 2.0,
        "flagInfo": {
            "hasFlags": false
        },
        "parameter": {
            "id": 2,
            "name": "pm25",
            "units": "\u00b5g/m\u00b3",
            "displayName": null
        },
        "period": {
            "label": "raw",
            "interval": "01:00:00",
            "datetimeFrom": {
                "utc": "2018-09-07T18:00:00Z",
                "local": "2018-09-07T11:00:00-07:00"
            },
            "datetimeTo": {
                "utc": "2018-09-07T19:00:00Z",
                "local": "2018-09-07T12:00:00-07:00"
            }
        },
        "coordinates": null,
        "summary": null,
        "coverage": {
            "expectedCount": 1,
            "expectedInterval": "01:00:00",
            "observedCount": 1,
            "observedInterval": "01:00:00",
            "percentComplete": 100.0,
            "percentCoverage": 100.0,
            "datetimeFrom": {
                "utc": "2018-09-07T18:00:00Z",
                "local": "2018-09-07T11:00:00-07:00"
            },
            "datetimeTo": {
                "utc": "2018-09-07T19:00:00Z",
                "local": "2018-09-07T12:00:00-07:00"
            }
        }
    },
    {
        "value": 13.0,
        "flagInfo": {
            "hasFlags": false
        },
        "parameter": {
            "id": 2,
            "name": "pm25",
            "units": "\u00b5g/m\u00b3",
            "displayName": null
        },
        "period": {
            "label": "raw",
            "interval": "01:00:00",
            "datetimeFrom": {
                "utc": "2018-09-07T19:00:00Z",
                "local": "2018-09-07T12:00:00-07:00"
            },
            "datetimeTo": {
                "utc": "2018-09-07T20:00:00Z",
                "local": "2018-09-07T13:00:00-07:00"
            }
        },
        "coordinates": null,
        "summary": null,
        "coverage": {
            "expectedCount": 1,
            "expectedInterval": "01:00:00",
            "observedCount": 1,
            "observedInterval": "01:00:00",
            "percentComplete": 100.0,
            "percentCoverage": 100.0,
            "datetimeFrom": {
                "utc": "2018-09-07T19:00:00Z",
                "local": "2018-09-07T12:00:00-07:00"
            },
            "datetimeTo": {
                "utc": "2018-09-07T20:00:00Z",
                "local": "2018-09-07T13:00:00-07:00"
            }
        }
    },
    {
        "value": 7.0,
        "flagInfo": {
            "hasFlags": false
        },
        "parameter": {
            "id": 2,
            "name": "pm25",
            "units": "\u00b5g/m\u00b3",
            "displayName": null
        },
        "period": {
            "label": "raw",
            "interval": "01:00:00",
            "datetimeFrom": {
                "utc": "2018-09-07T20:00:00Z",
                "local": "2018-09-07T13:00:00-07:00"
            },
            "datetimeTo": {
                "utc": "2018-09-07T21:00:00Z",
                "local": "2018-09-07T14:00:00-07:00"
            }
        },
        "coordinates": null,
        "summary": null,
        "coverage": {
            "expectedCount": 1,
            "expectedInterval": "01:00:00",
            "observedCount": 1,
            "observedInterval": "01:00:00",
            "percentComplete": 100.0,
            "percentCoverage": 100.0,
            "datetimeFrom": {
                "utc": "2018-09-07T20:00:00Z",
                "local": "2018-09-07T13:00:00-07:00"
            },
            "datetimeTo": {
                "utc": "2018-09-07T21:00:00Z",
                "local": "2018-09-07T14:00:00-07:00"
            }
        }
    },
    {
        "value": 3.0,
        "flagInfo": {
            "hasFlags": false
        },
        "parameter": {
            "id": 2,
            "name": "pm25",
            "units": "\u00b5g/m\u00b3",
            "displayName": null
        },
        "period": {
            "label": "raw",
            "interval": "01:00:00",
            "datetimeFrom": {
                "utc": "2018-09-07T21:00:00Z",
                "local": "2018-09-07T14:00:00-07:00"
            },
            "datetimeTo": {
                "utc": "2018-09-07T22:00:00Z",
                "local": "2018-09-07T15:00:00-07:00"
            }
        },
        "coordinates": null,
        "summary": null,
        "coverage": {
            "expectedCount": 1,
            "expectedInterval": "01:00:00",
            "observedCount": 1,
            "observedInterval": "01:00:00",
            "percentComplete": 100.0,
            "percentCoverage": 100.0,
            "datetimeFrom": {
                "utc": "2018-09-07T21:00:00Z",
                "local": "2018-09-07T14:00:00-07:00"
            },
            "datetimeTo": {
                "utc": "2018-09-07T22:00:00Z",
                "local": "2018-09-07T15:00:00-07:00"
            }
        }
    },
    {
        "value": 10.0,
        "flagInfo": {
            "hasFlags": false
        },
        "parameter": {
            "id": 2,
            "name": "pm25",
            "units": "\u00b5g/m\u00b3",
            "displayName": null
        },
        "period": {
            "label": "raw",
            "interval": "01:00:00",
            "datetimeFrom": {
                "utc": "2018-09-07T22:00:00Z",
                "local": "2018-09-07T15:00:00-07:00"
            },
            "datetimeTo": {
                "utc": "2018-09-07T23:00:00Z",
                "local": "2018-09-07T16:00:00-07:00"
            }
        },
        "coordinates": null,
        "summary": null,
        "coverage": {
            "expectedCount": 1,
            "expectedInterval": "01:00:00",
            "observedCount": 1,
            "observedInterval": "01:00:00",
            "percentComplete": 100.0,
            "percentCoverage": 100.0,
            "datetimeFrom": {
                "utc": "2018-09-07T22:00:00Z",
                "local": "2018-09-07T15:00:00-07:00"
            },
            "datetimeTo": {
                "utc": "2018-09-07T23:00:00Z",
                "local": "2018-09-07T16:00:00-07:00"
            }
        }
    },
    {
        "value": 7.0,
        "flagInfo": {
            "hasFlags": false
        },
        "parameter": {
            "id": 2,
            "name": "pm25",
            "units": "\u00b5g/m\u00b3",
            "displayName": null
        },
        "period": {
            "label": "raw",
            "interval": "01:00:00",
            "datetimeFrom": {
                "utc": "2018-09-07T23:00:00Z",
                "local": "2018-09-07T16:00:00-07:00"
            },
            "datetimeTo": {
                "utc": "2018-09-08T00:00:00Z",
                "local": "2018-09-07T17:00:00-07:00"
            }
        },
        "coordinates": null,
        "summary": null,
        "coverage": {
            "expectedCount": 1,
            "expectedInterval": "01:00:00",
            "observedCount": 1,
            "observedInterval": "01:00:00",
            "percentComplete": 100.0,
            "percentCoverage": 100.0,
            "datetimeFrom": {
                "utc": "2018-09-07T23:00:00Z",
                "local": "2018-09-07T16:00:00-07:00"
            },
            "datetimeTo": {
                "utc": "2018-09-08T00:00:00Z",
                "local": "2018-09-07T17:00:00-07:00"
            }
        }
    },
    {
        "value": 2.0,
        "flagInfo": {
            "hasFlags": false
        },
        "parameter": {
            "id": 2,
            "name": "pm25",
            "units": "\u00b5g/m\u00b3",
            "displayName": null
        },
        "period": {
            "label": "raw",
            "interval": "01:00:00",
            "datetimeFrom": {
                "utc": "2018-09-08T04:00:00Z",
                "local": "2018-09-07T21:00:00-07:00"
            },
            "datetimeTo": {
                "utc": "2018-09-08T05:00:00Z",
                "local": "2018-09-07T22:00:00-07:00"
            }
        },
        "coordinates": null,
        "summary": null,
        "coverage": {
            "expectedCount": 1,
            "expectedInterval": "01:00:00",
            "observedCount": 1,
            "observedInterval": "01:00:00",
            "percentComplete": 100.0,
            "percentCoverage": 100.0,
            "datetimeFrom": {
                "utc": "2018-09-08T04:00:00Z",
                "local": "2018-09-07T21:00:00-07:00"
            },
            "datetimeTo": {
                "utc": "2018-09-08T05:00:00Z",
                "local": "2018-09-07T22:00:00-07:00"
            }
        }
    },
    {
        "value": -2.0,
        "flagInfo": {
            "hasFlags": false
        },
        "parameter": {
            "id": 2,
            "name": "pm25",
            "units": "\u00b5g/m\u00b3",
            "displayName": null
        },
        "period": {
            "label": "raw",
            "interval": "01:00:00",
            "datetimeFrom": {
                "utc": "2018-09-08T05:00:00Z",
                "local": "2018-09-07T22:00:00-07:00"
            },
            "datetimeTo": {
                "utc": "2018-09-08T06:00:00Z",
                "local": "2018-09-07T23:00:00-07:00"
            }
        },
        "coordinates": null,
        "summary": null,
        "coverage": {
            "expectedCount": 1,
            "expectedInterval": "01:00:00",
            "observedCount": 1,
            "observedInterval": "01:00:00",
            "percentComplete": 100.0,
            "percentCoverage": 100.0,
            "datetimeFrom": {
                "utc": "2018-09-08T05:00:00Z",
                "local": "2018-09-07T22:00:00-07:00"
            },
            "datetimeTo": {
                "utc": "2018-09-08T06:00:00Z",
                "local": "2018-09-07T23:00:00-07:00"
            }
        }
    },
    {
        "value": 12.0,
        "flagInfo": {
            "hasFlags": false
        },
        "parameter": {
            "id": 2,
            "name": "pm25",
            "units": "\u00b5g/m\u00b3",
            "displayName": null
        },
        "period": {
            "label": "raw",
            "interval": "01:00:00",
            "datetimeFrom": {
                "utc": "2018-09-10T18:00:00Z",
                "local": "2018-09-10T11:00:00-07:00"
            },
            "datetimeTo": {
                "utc": "2018-09-10T19:00:00Z",
                "local": "2018-09-10T12:00:00-07:00"
            }
        },
        "coordinates": null,
        "summary": null,
        "coverage": {
            "expectedCount": 1,
            "expectedInterval": "01:00:00",
            "observedCount": 1,
            "observedInterval": "01:00:00",
            "percentComplete": 100.0,
            "percentCoverage": 100.0,
            "datetimeFrom": {
                "utc": "2018-09-10T18:00:00Z",
                "local": "2018-09-10T11:00:00-07:00"
            },
            "datetimeTo": {
                "utc": "2018-09-10T19:00:00Z",
                "local": "2018-09-10T12:00:00-07:00"
            }
        }
    },
    {
        "value": 7.0,
        "flagInfo": {
            "hasFlags": false
        },
        "parameter": {
            "id": 2,
            "name": "pm25",
            "units": "\u00b5g/m\u00b3",
            "displayName": null
        },
        "period": {
            "label": "raw",
            "interval": "01:00:00",
            "datetimeFrom": {
                "utc": "2018-09-10T19:00:00Z",
                "local": "2018-09-10T12:00:00-07:00"
            },
            "datetimeTo": {
                "utc": "2018-09-10T20:00:00Z",
                "local": "2018-09-10T13:00:00-07:00"
            }
        },
        "coordinates": null,
        "summary": null,
        "coverage": {
            "expectedCount": 1,
            "expectedInterval": "01:00:00",
            "observedCount": 1,
            "observedInterval": "01:00:00",
            "percentComplete": 100.0,
            "percentCoverage": 100.0,
            "datetimeFrom": {
                "utc": "2018-09-10T19:00:00Z",
                "local": "2018-09-10T12:00:00-07:00"
            },
            "datetimeTo": {
                "utc": "2018-09-10T20:00:00Z",
                "local": "2018-09-10T13:00:00-07:00"
            }
        }
    },
    {
        "value": 10.0,
        "flagInfo": {
            "hasFlags": false
        },
        "parameter": {
            "id": 2,
            "name": "pm25",
            "units": "\u00b5g/m\u00b3",
            "displayName": null
        },
        "period": {
            "label": "raw",
            "interval": "01:00:00",
            "datetimeFrom": {
                "utc": "2018-09-10T20:00:00Z",
                "local": "2018-09-10T13:00:00-07:00"
            },
            "datetimeTo": {
                "utc": "2018-09-10T21:00:00Z",
                "local": "2018-09-10T14:00:00-07:00"
            }
        },
        "coordinates": null,
        "summary": null,
        "coverage": {
            "expectedCount": 1,
            "expectedInterval": "01:00:00",
            "observedCount": 1,
            "observedInterval": "01:00:00",
            "percentComplete": 100.0,
            "percentCoverage": 100.0,
            "datetimeFrom": {
                "utc": "2018-09-10T20:00:00Z",
                "local": "2018-09-10T13:00:00-07:00"
            },
            "datetimeTo": {
                "utc": "2018-09-10T21:00:00Z",
                "local": "2018-09-10T14:00:00-07:00"
            }
        }
    },
    {
        "value": 3.0,
        "flagInfo": {
            "hasFlags": false
        },
        "parameter": {
            "id": 2,
            "name": "pm25",
            "units": "\u00b5g/m\u00b3",
            "displayName": null
        },
        "period": {
            "label": "raw",
            "interval": "01:00:00",
            "datetimeFrom": {
                "utc": "2018-09-10T21:00:00Z",
                "local": "2018-09-10T14:00:00-07:00"
            },
            "datetimeTo": {
                "utc": "2018-09-10T22:00:00Z",
                "local": "2018-09-10T15:00:00-07:00"
            }
        },
        "coordinates": null,
        "summary": null,
        "coverage": {
            "expectedCount": 1,
            "expectedInterval": "01:00:00",
            "observedCount": 1,
            "observedInterval": "01:00:00",
            "percentComplete": 100.0,
            "percentCoverage": 100.0,
            "datetimeFrom": {
                "utc": "2018-09-10T21:00:00Z",
                "local": "2018-09-10T14:00:00-07:00"
            },
            "datetimeTo": {
                "utc": "2018-09-10T22:00:00Z",
                "local": "2018-09-10T15:00:00-07:00"
            }
        }
    }
]