[
    {
        "value": 13.0,
        "flagInfo": {
            "hasFlags": false
        },
        "parameter": {
            "id": 1,
            "name": "pm10",
            "units": "\u00b5g/m\u00b3",
            "displayName": null
        },
        "period": {
            "label": "raw",
            "interval": "01:00:00",
            "datetimeFrom": {
                "utc": "2019-03-10T09:00:00Z",
                "local": "2019-03-10T01:00:00-08:00"
            },
            "datetimeTo": {
                "utc": "2019-03-10T10:00:00Z",
                "local": "2019-03-10T03:00:00-07:00"
            }
        },
        "coordinates": null,
        "summary": null,
        "coverage": {
            "expectedCount": 1,
            "expectedInterval": "01:00:00",
            "observedCount": 1,
            "observedInterval": "01:00:00",
            "percentComplete": 100.0,
            "percentCoverage": 100.0,
            "datetimeFrom": {
                "utc": "2019-03-10T09:00:00Z",
                "local": "2019-03-10T01:00:00-08:00"
            },
            "datetimeTo": {
                "utc": "2019-03-10T10:00:00Z",
                "local": "2019-03-10T03:00:00-07:00"
            }
        }
    }
]