[
    {
        "value": 0.029,
        "flagInfo": {
            "hasFlags": false
        },
        "parameter": {
            "id": 10,
            "name": "o3",
            "units": "ppm",
            "displayName": null
        },
        "period": {
            "label": "raw",
            "interval": "01:00:00",
            "datetimeFrom": {
                "utc": "2016-07-28T23:00:00Z",
                "local": "2016-07-28T16:00:00-07:00"
            },
            "datetimeTo": {
                "utc": "2016-07-29T00:00:00Z",
                "local": "2016-07-28T17:00:00-07:00"
            }
        },
        "coordinates": null,
        "summary": null,
        "coverage": {
            "expectedCount": 1,
            "expectedInterval": "01:00:00",
            "observedCount": 1,
            "observedInterval": "01:00:00",
            "percentComplete": 100.0,
            "percentCoverage": 100.0,
            "datetimeFrom": {
                "utc": "2016-07-28T23:00:00Z",
                "local": "2016-07-28T16:00:00-07:00"
            },
            "datetimeTo": {
                "utc": "2016-07-29T00:00:00Z",
                "local": "2016-07-28T17:00:00-07:00"
            }
        }
    },
    {
        "value": 0.015,
        "flagInfo": {
            "hasFlags": false
        },
        "parameter": {
            "id": 10,
            "name": "o3",
            "units": "ppm",
            "displayName": null
        },
        "period": {
            "label": "raw",
            "interval": "01:00:00",
            "datetimeFrom": {
                "utc": "2016-07-30T06:00:00Z",
                "local": "2016-07-29T23:00:00-07:00"
            },
            "datetimeTo": {
                "utc": "2016-07-30T07:00:00Z",
                "local": "2016-07-30T00:00:00-07:00"
            }
        },
        "coordinates": null,
        "summary": null,
        "coverage": {
            "expectedCount": 1,
            "expectedInterval": "01:00:00",
            "observedCount": 1,
            "observedInterval": "01:00:00",
            "percentComplete": 100.0,
            "percentCoverage": 100.0,
            "datetimeFrom": {
                "utc": "2016-07-30T06:00:00Z",
                "local": "2016-07-29T23:00:00-07:00"
            },
            "datetimeTo": {
                "utc": "2016-07-30T07:00:00Z",
                "local": "2016-07-30T00:00:00-07:00"
            }
        }
    },
    {
        "value": 0.033,
        "flagInfo": {
            "hasFlags": false
        },
        "parameter": {
            "id": 10,
            "name": "o3",
            "units": "ppm",
            "displayName": null
        },
        "period": {
            "label": "raw",
            "interval": "01:00:00",
            "datetimeFrom": {
                "utc": "2016-08-01T21:00:00Z",
                "local": "2016-08-01T14:00:00-07:00"
            },
            "datetimeTo": {
                "utc": "2016-08-01T22:00:00Z",
                "local": "2016-08-01T15:00:00-07:00"
            }
        },
        "coordinates": null,
        "summary": null,
        "coverage": {
            "expectedCount": 1,
            "expectedInterval": "01:00:00",
            "observedCount": 1,
            "observedInterval": "01:00:00",
            "percentComplete": 100.0,
            "percentCoverage": 100.0,
            "datetimeFrom": {
                "utc": "2016-08-01T21:00:00Z",
                "local": "2016-08-01T14:00:00-07:00"
            },
            "datetimeTo": {
                "utc": "2016-08-01T22:00:00Z",
                "local": "2016-08-01T15:00:00-07:00"
            }
        }
    },
    {
        "value": 0.025,
        "flagInfo": {
            "hasFlags": false
        },
        "parameter": {
            "id": 10,
            "name": "o3",
            "units": "ppm",
            "displayName": null
        },
        "period": {
            "label": "raw",
            "interval": "01:00:00",
            "datetimeFrom": {
                "utc": "2016-09-28T02:00:00Z",
                "local": "2016-09-27T19:00:00-07:00"
            },
            "datetimeTo": {
                "utc": "2016-09-28T03:00:00Z",
                "local": "2016-09-27T20:00:00-07:00"
            }
        },
        "coordinates": null,
        "summary": null,
        "coverage": {
            "expectedCount": 1,
            "expectedInterval": "01:00:00",
            "observedCount": 1,
            "observedInterval": "01:00:00",
            "percentComplete": 100.0,
            "percentCoverage": 100.0,
            "datetimeFrom": {
                "utc": "2016-09-28T02:00:00Z",
                "local": "2016-09-27T19:00:00-07:00"
            },
            "datetimeTo": {
                "utc": "2016-09-28T03:00:00Z",
                "local": "2016-09-27T20:00:00-07:00"
            }
        }
    },
    {
        "value": 0.017,
        "flagInfo": {
            "hasFlags": false
        },
        "parameter": {
            "id": 10,
            "name": "o3",
            "units": "ppm",
            "displayName": null
        },
        "period": {
            "label": "raw",
            "interval": "01:00:00",
            "datetimeFrom": {
                "utc": "2016-10-27T21:00:00Z",
                "local": "2016-10-27T14:00:00-07:00"
            },
            "datetimeTo": {
                "utc": "2016-10-27T22:00:00Z",
                "local": "2016-10-27T15:00:00-07:00"
            }
        },
        "coordinates": null,
        "summary": null,
        "coverage": {
            "expectedCount": 1,
            "expectedInterval": "01:00:00",
            "observedCount": 1,
            "observedInterval": "01:00:00",
            "percentComplete": 100.0,
            "percentCoverage": 100.0,
            "datetimeFrom": {
                "utc": "2016-10-27T21:00:00Z",
                "local": "2016-10-27T14:00:00-07:00"
            },
            "datetimeTo": {
                "utc": "2016-10-27T22:00:00Z",
                "local": "2016-10-27T15:00:00-07:00"
            }
        }
    },
    {
        "value": 0.003,
        "flagInfo": {
            "hasFlags": false
        },
        "parameter": {
            "id": 10,
            "name": "o3",
            "units": "ppm",
            "displayName": null
        },
        "period": {
            "label": "raw",
            "interval": "01:00:00",
            "datetimeFrom": {
                "utc": "2016-11-03T13:00:00Z",
                "local": "2016-11-03T06:00:00-07:00"
            },
            "datetimeTo": {
                "utc": "2016-11-03T14:00:00Z",
                "local": "2016-11-03T07:00:00-07:00"
            }
        },
        "coordinates": null,
        "summary": null,
        "coverage": {
            "expectedCount": 1,
            "expectedInterval": "01:00:00",
            "observedCount": 1,
            "observedInterval": "01:00:00",
            "percentComplete": 100.0,
            "percentCoverage": 100.0,
            "datetimeFrom": {
                "utc": "2016-11-03T13:00:00Z",
                "local": "2016-11-03T06:00:00-07:00"
            },
            "datetimeTo": {
                "utc": "2016-11-03T14:00:00Z",
                "local": "2016-11-03T07:00:00-07:00"
            }
        }
    },
    {
        "value": 0.012,
        "flagInfo": {
            "hasFlags": false
        },
        "parameter": {
            "id": 10,
            "name": "o3",
            "units": "ppm",
            "displayName": null
        },
        "period": {
            "label": "raw",
            "interval": "01:00:00",
            "datetimeFrom": {
                "utc": "2016-11-08T00:00:00Z",
                "local": "2016-11-07T16:00:00-08:00"
            },
            "datetimeTo": {
                "utc": "2016-11-08T01:00:00Z",
                "local": "2016-11-07T17:00:00-08:00"
            }
        },
        "coordinates": null,
        "summary": null,
        "coverage": {
            "expectedCount": 1,
            "expectedInterval": "01:00:00",
            "observedCount": 1,
            "observedInterval": "01:00:00",
            "percentComplete": 100.0,
            "percentCoverage": 100.0,
            "datetimeFrom": {
                "utc": "2016-11-08T00:00:00Z",
                "local": "2016-11-07T16:00:00-08:00"
            },
            "datetimeTo": {
                "utc": "2016-11-08T01:00:00Z",
                "local": "2016-11-07T17:00:00-08:00"
            }
        }
    },
    {
        "value": 0.009,
        "flagInfo": {
            "hasFlags": false
        },
        "parameter": {
            "id": 10,
            "name": "o3",
            "units": "ppm",
            "displayName": null
        },
        "period": {
            "label": "raw",
            "interval": "01:00:00",
            "datetimeFrom": {
                "utc": "2017-09-12T13:00:00Z",
                "local": "2017-09-12T06:00:00-07:00"
            },
            "datetimeTo": {
                "utc": "2017-09-12T14:00:00Z",
                "local": "2017-09-12T07:00:00-07:00"
            }
        },
        "coordinates": null,
        "summary": null,
        "coverage": {
            "expectedCount": 1,
            "expectedInterval": "01:00:00",
            "observedCount": 1,
            "observedInterval": "01:00:00",
            "percentComplete": 100.0,
            "percentCoverage": 100.0,
            "datetimeFrom": {
                "utc": "2017-09-12T13:00:00Z",
                "local": "2017-09-12T06:00:00-07:00"
            },
            "datetimeTo": {
                "utc": "2017-09-12T14:00:00Z",
                "local": "2017-09-12T07:00:00-07:00"
            }
        }
    },
    {
        "value": 0.029,
        "flagInfo": {
            "hasFlags": false
        },
        "parameter": {
            "id": 10,
            "name": "o3",
            "units": "ppm",
            "displayName": null
        },
        "period": {
            "label": "raw",
            "interval": "01:00:00",
            "datetimeFrom": {
                "utc": "2017-10-05T03:00:00Z",
                "local": "2017-10-04T20:00:00-07:00"
            },
            "datetimeTo": {
                "utc": "2017-10-05T04:00:00Z",
                "local": "2017-10-04T21:00:00-07:00"
            }
        },
        "coordinates": null,
        "summary": null,
        "coverage": {
            "expectedCount": 1,
            "expectedInterval": "01:00:00",
            "observedCount": 1,
            "observedInterval": "01:00:00",
            "percentComplete": 100.0,
            "percentCoverage": 100.0,
            "datetimeFrom": {
                "utc": "2017-10-05T03:00:00Z",
                "local": "2017-10-04T20:00:00-07:00"
            },
            "datetimeTo": {
                "utc": "2017-10-05T04:00:00Z",
                "local": "2017-10-04T21:00:00-07:00"
            }
        }
    },
    {
        "value": 0.039,
        "flagInfo": {
            "hasFlags": false
        },
        "parameter": {
            "id": 10,
            "name": "o3",
            "units": "ppm",
            "displayName": null
        },
        "period": {
            "label": "raw",
            "interval": "01:00:00",
            "datetimeFrom": {
                "utc": "2017-10-09T19:00:00Z",
                "local": "2017-10-09T12:00:00-07:00"
            },
            "datetimeTo": {
                "utc": "2017-10-09T20:00:00Z",
                "local": "2017-10-09T13:00:00-07:00"
            }
        },
        "coordinates": null,
        "summary": null,
        "coverage": {
            "expectedCount": 1,
            "expectedInterval": "01:00:00",
            "observedCount": 1,
            "observedInterval": "01:00:00",
            "percentComplete": 100.0,
            "percentCoverage": 100.0,
            "datetimeFrom": {
                "utc": "2017-10-09T19:00:00Z",
                "local": "2017-10-09T12:00:00-07:00"
            },
            "datetimeTo": {
                "utc": "2017-10-09T20:00:00Z",
                "local": "2017-10-09T13:00:00-07:00"
            }
        }
    },
    {
        "value": 0.009,
        "flagInfo": {
            "hasFlags": false
        },
        "parameter": {
            "id": 10,
            "name": "o3",
            "units": "ppm",
            "displayName": null
        },
        "period": {
            "label": "raw",
            "interval": "01:00:00",
            "datetimeFrom": {
                "utc": "2018-01-19T14:00:00Z",
                "local": "2018-01-19T06:00:00-08:00"
            },
            "datetimeTo": {
                "utc": "2018-01-19T15:00:00Z",
                "local": "2018-01-19T07:00:00-08:00"
            }
        },
        "coordinates": null,
        "summary": null,
        "coverage": {
            "expectedCount": 1,
            "expectedInterval": "01:00:00",
            "observedCount": 1,
            "observedInterval": "01:00:00",
            "percentComplete": 100.0,
            "percentCoverage": 100.0,
            "datetimeFrom": {
                "utc": "2018-01-19T14:00:00Z",
                "local": "2018-01-19T06:00:00-08:00"
            },
            "datetimeTo": {
                "utc": "2018-01-19T15:00:00Z",
                "local": "2018-01-19T07:00:00-08:00"
            }
        }
    },
    {
        "value": 0.03,
        "flagInfo": {
            "hasFlags": false
        },
        "parameter": {
            "id": 10,
            "name": "o3",
            "units": "ppm",
            "displayName": null
        },
        "period": {
            "label": "raw",
            "interval": "01:00:00",
            "datetimeFrom": {
                "utc": "2018-07-03T14:00:00Z",
                "local": "2018-07-03T07:00:00-07:00"
            },
            "datetimeTo": {
                "utc": "2018-07-03T15:00:00Z",
                "local": "2018-07-03T08:00:00-07:00"
            }
        },
        "coordinates": null,
        "summary": null,
        "coverage": {
            "expectedCount": 1,
            "expectedInterval": "01:00:00",
            "observedCount": 1,
            "observedInterval": "01:00:00",
            "percentComplete": 100.0,
            "percentCoverage": 100.0,
            "datetimeFrom": {
                "utc": "2018-07-03T14:00:00Z",
                "local": "2018-07-03T07:00:00-07:00"
            },
            "datetimeTo": {
                "utc": "2018-07-03T15:00:00Z",
                "local": "2018-07-03T08:00:00-07:00"
            }
        }
    }
]