[
    {
        "value": -1.0,
        "flagInfo": {
            "hasFlags": false
        },
        "parameter": {
            "id": 2,
            "name": "pm25",
            "units": "\u00b5g/m\u00b3",
            "displayName": null
        },
        "period": {
            "label": "raw",
            "interval": "01:00:00",
            "datetimeFrom": {
                "utc": "2018-08-10T15:00:00Z",
                "local": "2018-08-10T08:00:00-07:00"
            },
            "datetimeTo": {
                "utc": "2018-08-10T16:00:00Z",
                "local": "2018-08-10T09:00:00-07:00"
            }
        },
        "coordinates": null,
        "summary": null,
        "coverage": {
            "expectedCount": 1,
            "expectedInterval": "01:00:00",
            "observedCount": 1,
            "observedInterval": "01:00:00",
            "percentComplete": 100.0,
            "percentCoverage": 100.0,
            "datetimeFrom": {
                "utc": "2018-08-10T15:00:00Z",
                "local": "2018-08-10T08:00:00-07:00"
            },
            "datetimeTo": {
                "utc": "2018-08-10T16:00:00Z",
                "local": "2018-08-10T09:00:00-07:00"
            }
        }
    },
    {
        "value": 4.0,
        "flagInfo": {
            "hasFlags": false
        },
        "parameter": {
            "id": 2,
            "name": "pm25",
            "units": "\u00b5g/m\u00b3",
            "displayName": null
        },
        "period": {
            "label": "raw",
            "interval": "01:00:00",
            "datetimeFrom": {
                "utc": "2018-08-10T16:00:00Z",
                "local": "2018-08-10T09:00:00-07:00"
            },
            "datetimeTo": {
                "utc": "2018-08-10T17:00:00Z",
                "local": "2018-08-10T10:00:00-07:00"
            }
        },
        "coordinates": null,
        "summary": null,
        "coverage": {
            "expectedCount": 1,
            "expectedInterval": "01:00:00",
            "observedCount": 1,
            "observedInterval": "01:00:00",
            "percentComplete": 100.0,
            "percentCoverage": 100.0,
            "datetimeFrom": {
                "utc": "2018-08-10T16:00:00Z",
                "local": "2018-08-10T09:00:00-07:00"
            },
            "datetimeTo": {
                "utc": "2018-08-10T17:00:00Z",
                "local": "2018-08-10T10:00:00-07:00"
            }
        }
    },
    {
        "value": 25.0,
        "flagInfo": {
            "hasFlags": false
        },
        "parameter": {
            "id": 2,
            "name": "pm25",
            "units": "\u00b5g/m\u00b3",
            "displayName": null
        },
        "period": {
            "label": "raw",
            "interval": "01:00:00",
            "datetimeFrom": {
                "utc": "2018-08-10T17:00:00Z",
                "local": "2018-08-10T10:00:00-07:00"
            },
            "datetimeTo": {
                "utc": "2018-08-10T18:00:00Z",
                "local": "2018-08-10T11:00:00-07:00"
            }
        },
        "coordinates": null,
        "summary": null,
        "coverage": {
            "expectedCount": 1,
            "expectedInterval": "01:00:00",
            "observedCount": 1,
            "observedInterval": "01:00:00",
            "percentComplete": 100.0,
            "percentCoverage": 100.0,
            "datetimeFrom": {
                "utc": "2018-08-10T17:00:00Z",
                "local": "2018-08-10T10:00:00-07:00"
            },
            "datetimeTo": {
                "utc": "2018-08-10T18:00:00Z",
                "local": "2018-08-10T11:00:00-07:00"
            }
        }
    },
    {
        "value": 32.0,
        "flagInfo": {
            "hasFlags": false
        },
        "parameter": {
            "id": 2,
            "name": "pm25",
            "units": "\u00b5g/m\u00b3",
            "displayName": null
        },
        "period": {
            "label": "raw",
            "interval": "01:00:00",
            "datetimeFrom": {
                "utc": "2018-08-10T18:00:00Z",
                "local": "2018-08-10T11:00:00-07:00"
            },
            "datetimeTo": {
                "utc": "2018-08-10T19:00:00Z",
                "local": "2018-08-10T12:00:00-07:00"
            }
        },
        "coordinates": null,
        "summary": null,
        "coverage": {
            "expectedCount": 1,
            "expectedInterval": "01:00:00",
            "observedCount": 1,
            "observedInterval": "01:00:00",
            "percentComplete": 100.0,
            "percentCoverage": 100.0,
            "datetimeFrom": {
                "utc": "2018-08-10T18:00:00Z",
                "local": "2018-08-10T11:00:00-07:00"
            },
            "datetimeTo": {
                "utc": "2018-08-10T19:00:00Z",
                "local": "2018-08-10T12:00:00-07:00"
            }
        }
    },
    {
        "value": 35.0,
        "flagInfo": {
            "hasFlags": false
        },
        "parameter": {
            "id": 2,
            "name": "pm25",
            "units": "\u00b5g/m\u00b3",
            "displayName": null
        },
        "period": {
            "label": "raw",
            "interval": "01:00:00",
            "datetimeFrom": {
                "utc": "2018-08-10T19:00:00Z",
                "local": "2018-08-10T12:00:00-07:00"
            },
            "datetimeTo": {
                "utc": "2018-08-10T20:00:00Z",
                "local": "2018-08-10T13:00:00-07:00"
            }
        },
        "coordinates": null,
        "summary": null,
        "coverage": {
            "expectedCount": 1,
            "expectedInterval": "01:00:00",
            "observedCount": 1,
            "observedInterval": "01:00:00",
            "percentComplete": 100.0,
            "percentCoverage": 100.0,
            "datetimeFrom": {
                "utc": "2018-08-10T19:00:00Z",
                "local": "2018-08-10T12:00:00-07:00"
            },
            "datetimeTo": {
                "utc": "2018-08-10T20:00:00Z",
                "local": "2018-08-10T13:00:00-07:00"
            }
        }
    },
    {
        "value": 45.0,
        "flagInfo": {
            "hasFlags": false
        },
        "parameter": {
            "id": 2,
            "name": "pm25",
            "units": "\u00b5g/m\u00b3",
            "displayName": null
        },
        "period": {
            "label": "raw",
            "interval": "01:00:00",
            "datetimeFrom": {
                "utc": "2018-08-10T20:00:00Z",
                "local": "2018-08-10T13:00:00-07:00"
            },
            "datetimeTo": {
                "utc": "2018-08-10T21:00:00Z",
                "local": "2018-08-10T14:00:00-07:00"
            }
        },
        "coordinates": null,
        "summary": null,
        "coverage": {
            "expectedCount": 1,
            "expectedInterval": "01:00:00",
            "observedCount": 1,
            "observedInterval": "01:00:00",
            "percentComplete": 100.0,
            "percentCoverage": 100.0,
            "datetimeFrom": {
                "utc": "2018-08-10T20:00:00Z",
                "local": "2018-08-10T13:00:00-07:00"
            },
            "datetimeTo": {
                "utc": "2018-08-10T21:00:00Z",
                "local": "2018-08-10T14:00:00-07:00"
            }
        }
    },
    {
        "value": 11.0,
        "flagInfo": {
            "hasFlags": false
        },
        "parameter": {
            "id": 2,
            "name": "pm25",
            "units": "\u00b5g/m\u00b3",
            "displayName": null
        },
        "period": {
            "label": "raw",
            "interval": "01:00:00",
            "datetimeFrom": {
                "utc": "2018-08-10T21:00:00Z",
                "local": "2018-08-10T14:00:00-07:00"
            },
            "datetimeTo": {
                "utc": "2018-08-10T22:00:00Z",
                "local": "2018-08-10T15:00:00-07:00"
            }
        },
        "coordinates": null,
        "summary": null,
        "coverage": {
            "expectedCount": 1,
            "expectedInterval": "01:00:00",
            "observedCount": 1,
            "observedInterval": "01:00:00",
            "percentComplete": 100.0,
            "percentCoverage": 100.0,
            "datetimeFrom": {
                "utc": "2018-08-10T21:00:00Z",
                "local": "2018-08-10T14:00:00-07:00"
            },
            "datetimeTo": {
                "utc": "2018-08-10T22:00:00Z",
                "local": "2018-08-10T15:00:00-07:00"
            }
        }
    },
    {
        "value": 2.0,
        "flagInfo": {
            "hasFlags": false
        },
        "parameter": {
            "id": 2,
            "name": "pm25",
            "units": "\u00b5g/m\u00b3",
            "displayName": null
        },
        "period": {
            "label": "raw",
            "interval": "01:00:00",
            "datetimeFrom": {
                "utc": "2018-08-10T22:00:00Z",
                "local": "2018-08-10T15:00:00-07:00"
            },
            "datetimeTo": {
                "utc": "2018-08-10T23:00:00Z",
                "local": "2018-08-10T16:00:00-07:00"
            }
        },
        "coordinates": null,
        "summary": null,
        "coverage": {
            "expectedCount": 1,
            "expectedInterval": "01:00:00",
            "observedCount": 1,
            "observedInterval": "01:00:00",
            "percentComplete": 100.0,
            "percentCoverage": 100.0,
            "datetimeFrom": {
                "utc": "2018-08-10T22:00:00Z",
                "local": "2018-08-10T15:00:00-07:00"
            },
            "datetimeTo": {
                "utc": "2018-08-10T23:00:00Z",
                "local": "2018-08-10T16:00:00-07:00"
            }
        }
    },
    {
        "value": 9.0,
        "flagInfo": {
            "hasFlags": false
        },
        "parameter": {
            "id": 2,
            "name": "pm25",
            "units": "\u00b5g/m\u00b3",
            "displayName": null
        },
        "period": {
            "label": "raw",
            "interval": "01:00:00",
            "datetimeFrom": {
                "utc": "2018-08-10T23:00:00Z",
                "local": "2018-08-10T16:00:00-07:00"
            },
            "datetimeTo": {
                "utc": "2018-08-11T00:00:00Z",
                "local": "2018-08-10T17:00:00-07:00"
            }
        },
        "coordinates": null,
        "summary": null,
        "coverage": {
            "expectedCount": 1,
            "expectedInterval": "01:00:00",
            "observedCount": 1,
            "observedInterval": "01:00:00",
            "percentComplete": 100.0,
            "percentCoverage": 100.0,
            "datetimeFrom": {
                "utc": "2018-08-10T23:00:00Z",
                "local": "2018-08-10T16:00:00-07:00"
            },
            "datetimeTo": {
                "utc": "2018-08-11T00:00:00Z",
                "local": "2018-08-10T17:00:00-07:00"
            }
        }
    },
    {
        "value": 3.0,
        "flagInfo": {
            "hasFlags": false
        },
        "parameter": {
            "id": 2,
            "name": "pm25",
            "units": "\u00b5g/m\u00b3",
            "displayName": null
        },
        "period": {
            "label": "raw",
            "interval": "01:00:00",
            "datetimeFrom": {
                "utc": "2018-08-11T00:00:00Z",
                "local": "2018-08-10T17:00:00-07:00"
            },
            "datetimeTo": {
                "utc": "2018-08-11T01:00:00Z",
                "local": "2018-08-10T18:00:00-07:00"
            }
        },
        "coordinates": null,
        "summary": null,
        "coverage": {
            "expectedCount": 1,
            "expectedInterval": "01:00:00",
            "observedCount": 1,
            "observedInterval": "01:00:00",
            "percentComplete": 100.0,
            "percentCoverage": 100.0,
            "datetimeFrom": {
                "utc": "2018-08-11T00:00:00Z",
                "local": "2018-08-10T17:00:00-07:00"
            },
            "datetimeTo": {
                "utc": "2018-08-11T01:00:00Z",
                "local": "2018-08-10T18:00:00-07:00"
            }
        }
    },
    {
        "value": 14.0,
        "flagInfo": {
            "hasFlags": false
        },
        "parameter": {
            "id": 2,
            "name": "pm25",
            "units": "\u00b5g/m\u00b3",
            "displayName": null
        },
        "period": {
            "label": "raw",
            "interval": "01:00:00",
            "datetimeFrom": {
                "utc": "2018-08-11T04:00:00Z",
                "local": "2018-08-10T21:00:00-07:00"
            },
            "datetimeTo": {
                "utc": "2018-08-11T05:00:00Z",
                "local": "2018-08-10T22:00:00-07:00"
            }
        },
        "coordinates": null,
        "summary": null,
        "coverage": {
            "expectedCount": 1,
            "expectedInterval": "01:00:00",
            "observedCount": 1,
            "observedInterval": "01:00:00",
            "percentComplete": 100.0,
            "percentCoverage": 100.0,
            "datetimeFrom": {
                "utc": "2018-08-11T04:00:00Z",
                "local": "2018-08-10T21:00:00-07:00"
            },
            "datetimeTo": {
                "utc": "2018-08-11T05:00:00Z",
                "local": "2018-08-10T22:00:00-07:00"
            }
        }
    },
    {
        "value": 8.0,
        "flagInfo": {
            "hasFlags": false
        },
        "parameter": {
            "id": 2,
            "name": "pm25",
            "units": "\u00b5g/m\u00b3",
            "displayName": null
        },
        "period": {
            "label": "raw",
            "interval": "01:00:00",
            "datetimeFrom": {
                "utc": "2018-08-11T06:00:00Z",
                "local": "2018-08-10T23:00:00-07:00"
            },
            "datetimeTo": {
                "utc": "2018-08-11T07:00:00Z",
                "local": "2018-08-11T00:00:00-07:00"
            }
        },
        "coordinates": null,
        "summary": null,
        "coverage": {
            "expectedCount": 1,
            "expectedInterval": "01:00:00",
            "observedCount": 1,
            "observedInterval": "01:00:00",
            "percentComplete": 100.0,
            "percentCoverage": 100.0,
            "datetimeFrom": {
                "utc": "2018-08-11T06:00:00Z",
                "local": "2018-08-10T23:00:00-07:00"
            },
            "datetimeTo": {
                "utc": "2018-08-11T07:00:00Z",
                "local": "2018-08-11T00:00:00-07:00"
            }
        }
    },
    {
        "value": 6.0,
        "flagInfo": {
            "hasFlags": false
        },
        "parameter": {
            "id": 2,
            "name": "pm25",
            "units": "\u00b5g/m\u00b3",
            "displayName": null
        },
        "period": {
            "label": "raw",
            "interval": "01:00:00",
            "datetimeFrom": {
                "utc": "2018-08-19T06:00:00Z",
                "local": "2018-08-18T23:00:00-07:00"
            },
            "datetimeTo": {
                "utc": "2018-08-19T07:00:00Z",
                "local": "2018-08-19T00:00:00-07:00"
            }
        },
        "coordinates": null,
        "summary": null,
        "coverage": {
            "expectedCount": 1,
            "expectedInterval": "01:00:00",
            "observedCount": 1,
            "observedInterval": "01:00:00",
            "percentComplete": 100.0,
            "percentCoverage": 100.0,
            "datetimeFrom": {
                "utc": "2018-08-19T06:00:00Z",
                "local": "2018-08-18T23:00:00-07:00"
            },
            "datetimeTo": {
                "utc": "2018-08-19T07:00:00Z",
                "local": "2018-08-19T00:00:00-07:00"
            }
        }
    },
    {
        "value": 13.0,
        "flagInfo": {
            "hasFlags": false
        },
        "parameter": {
            "id": 2,
            "name": "pm25",
            "units": "\u00b5g/m\u00b3",
            "displayName": null
        },
        "period": {
            "label": "raw",
            "interval": "01:00:00",
            "datetimeFrom": {
                "utc": "2018-08-25T18:00:00Z",
                "local": "2018-08-25T11:00:00-07:00"
            },
            "datetimeTo": {
                "utc": "2018-08-25T19:00:00Z",
                "local": "2018-08-25T12:00:00-07:00"
            }
        },
        "coordinates": null,
        "summary": null,
        "coverage": {
            "expectedCount": 1,
            "expectedInterval": "01:00:00",
            "observedCount": 1,
            "observedInterval": "01:00:00",
            "percentComplete": 100.0,
            "percentCoverage": 100.0,
            "datetimeFrom": {
                "utc": "2018-08-25T18:00:00Z",
                "local": "2018-08-25T11:00:00-07:00"
            },
            "datetimeTo": {
                "utc": "2018-08-25T19:00:00Z",
                "local": "2018-08-25T12:00:00-07:00"
            }
        }
    },
    {
        "value": 10.0,
        "flagInfo": {
            "hasFlags": false
        },
        "parameter": {
            "id": 2,
            "name": "pm25",
            "units": "\u00b5g/m\u00b3",
            "displayName": null
        },
        "period": {
            "label": "raw",
            "interval": "01:00:00",
            "datetimeFrom": {
                "utc": "2018-08-25T19:00:00Z",
                "local": "2018-08-25T12:00:00-07:00"
            },
            "datetimeTo": {
                "utc": "2018-08-25T20:00:00Z",
                "local": "2018-08-25T13:00:00-07:00"
            }
        },
        "coordinates": null,
        "summary": null,
        "coverage": {
            "expectedCount": 1,
            "expectedInterval": "01:00:00",
            "observedCount": 1,
            "observedInterval": "01:00:00",
            "percentComplete": 100.0,
            "percentCoverage": 100.0,
            "datetimeFrom": {
                "utc": "2018-08-25T19:00:00Z",
                "local": "2018-08-25T12:00:00-07:00"
            },
            "datetimeTo": {
                "utc": "2018-08-25T20:00:00Z",
                "local": "2018-08-25T13:00:00-07:00"
            }
        }
    },
    {
        "value": 11.0,
        "flagInfo": {
            "hasFlags": false
        },
        "parameter": {
            "id": 2,
            "name": "pm25",
            "units": "\u00b5g/m\u00b3",
            "displayName": null
        },
        "period": {
            "label": "raw",
            "interval": "01:00:00",
            "datetimeFrom": {
                "utc": "2018-08-25T20:00:00Z",
                "local": "2018-08-25T13:00:00-07:00"
            },
            "datetimeTo": {
                "utc": "2018-08-25T21:00:00Z",
                "local": "2018-08-25T14:00:00-07:00"
            }
        },
        "coordinates": null,
        "summary": null,
        "coverage": {
            "expectedCount": 1,
            "expectedInterval": "01:00:00",
            "observedCount": 1,
            "observedInterval": "01:00:00",
            "percentComplete": 100.0,
            "percentCoverage": 100.0,
            "datetimeFrom": {
                "utc": "2018-08-25T20:00:00Z",
                "local": "2018-08-25T13:00:00-07:00"
            },
            "datetimeTo": {
                "utc": "2018-08-25T21:00:00Z",
                "local": "2018-08-25T14:00:00-07:00"
            }
        }
    },
    {
        "value": 7.0,
        "flagInfo": {
            "hasFlags": false
        },
        "parameter": {
            "id": 2,
            "name": "pm25",
            "units": "\u00b5g/m\u00b3",
            "displayName": null
        },
        "period": {
            "label": "raw",
            "interval": "01:00:00",
            "datetimeFrom": {
                "utc": "2018-08-25T21:00:00Z",
                "local": "2018-08-25T14:00:00-07:00"
            },
            "datetimeTo": {
                "utc": "2018-08-25T22:00:00Z",
                "local": "2018-08-25T15:00:00-07:00"
            }
        },
        "coordinates": null,
        "summary": null,
        "coverage": {
            "expectedCount": 1,
            "expectedInterval": "01:00:00",
            "observedCount": 1,
            "observedInterval": "01:00:00",
            "percentComplete": 100.0,
            "percentCoverage": 100.0,
            "datetimeFrom": {
                "utc": "2018-08-25T21:00:00Z",
                "local": "2018-08-25T14:00:00-07:00"
            },
            "datetimeTo": {
                "utc": "2018-08-25T22:00:00Z",
                "local": "2018-08-25T15:00:00-07:00"
            }
        }
    },
    {
        "value": 12.0,
        "flagInfo": {
            "hasFlags": false
        },
        "parameter": {
            "id": 2,
            "name": "pm25",
            "units": "\u00b5g/m\u00b3",
            "displayName": null
        },
        "period": {
            "label": "raw",
            "interval": "01:00:00",
            "datetimeFrom": {
                "utc": "2018-08-25T22:00:00Z",
                "local": "2018-08-25T15:00:00-07:00"
            },
            "datetimeTo": {
                "utc": "2018-08-25T23:00:00Z",
                "local": "2018-08-25T16:00:00-07:00"
            }
        },
        "coordinates": null,
        "summary": null,
        "coverage": {
            "expectedCount": 1,
            "expectedInterval": "01:00:00",
            "observedCount": 1,
            "observedInterval": "01:00:00",
            "percentComplete": 100.0,
            "percentCoverage": 100.0,
            "datetimeFrom": {
                "utc": "2018-08-25T22:00:00Z",
                "local": "2018-08-25T15:00:00-07:00"
            },
            "datetimeTo": {
                "utc": "2018-08-25T23:00:00Z",
                "local": "2018-08-25T16:00:00-07:00"
            }
        }
    },
    {
        "value": 30.0,
        "flagInfo": {
            "hasFlags": false
        },
        "parameter": {
            "id": 2,
            "name": "pm25",
            "units": "\u00b5g/m\u00b3",
            "displayName": null
        },
        "period": {
            "label": "raw",
            "interval": "01:00:00",
            "datetimeFrom": {
                "utc": "2018-08-25T23:00:00Z",
                "local": "2018-08-25T16:00:00-07:00"
            },
            "datetimeTo": {
                "utc": "2018-08-26T00:00:00Z",
                "local": "2018-08-25T17:00:00-07:00"
            }
        },
        "coordinates": null,
        "summary": null,
        "coverage": {
            "expectedCount": 1,
            "expectedInterval": "01:00:00",
            "observedCount": 1,
            "observedInterval": "01:00:00",
            "percentComplete": 100.0,
            "percentCoverage": 100.0,
            "datetimeFrom": {
                "utc": "2018-08-25T23:00:00Z",
                "local": "2018-08-25T16:00:00-07:00"
            },
            "datetimeTo": {
                "utc": "2018-08-26T00:00:00Z",
                "local": "2018-08-25T17:00:00-07:00"
            }
        }
    },
    {
        "value": 16.0,
        "flagInfo": {
            "hasFlags": false
        },
        "parameter": {
            "id": 2,
            "name": "pm25",
            "units": "\u00b5g/m\u00b3",
            "displayName": null
        },
        "period": {
            "label": "raw",
            "interval": "01:00:00",
            "datetimeFrom": {
                "utc": "2018-08-26T00:00:00Z",
                "local": "2018-08-25T17:00:00-07:00"
            },
            "datetimeTo": {
                "utc": "2018-08-26T01:00:00Z",
                "local": "2018-08-25T18:00:00-07:00"
            }
        },
        "coordinates": null,
        "summary": null,
        "coverage": {
            "expectedCount": 1,
            "expectedInterval": "01:00:00",
            "observedCount": 1,
            "observedInterval": "01:00:00",
            "percentComplete": 100.0,
            "percentCoverage": 100.0,
            "datetimeFrom": {
                "utc": "2018-08-26T00:00:00Z",
                "local": "2018-08-25T17:00:00-07:00"
            },
            "datetimeTo": {
                "utc": "2018-08-26T01:00:00Z",
                "local": "2018-08-25T18:00:00-07:00"
            }
        }
    },
    {
        "value": 14.0,
        "flagInfo": {
            "hasFlags": false
        },
        "parameter": {
            "id": 2,
            "name": "pm25",
            "units": "\u00b5g/m\u00b3",
            "displayName": null
        },
        "period": {
            "label": "raw",
            "interval": "01:00:00",
            "datetimeFrom": {
                "utc": "2018-08-26T01:00:00Z",
                "local": "2018-08-25T18:00:00-07:00"
            },
            "datetimeTo": {
                "utc": "2018-08-26T02:00:00Z",
                "local": "2018-08-25T19:00:00-07:00"
            }
        },
        "coordinates": null,
        "summary": null,
        "coverage": {
            "expectedCount": 1,
            "expectedInterval": "01:00:00",
            "observedCount": 1,
            "observedInterval": "01:00:00",
            "percentComplete": 100.0,
            "percentCoverage": 100.0,
            "datetimeFrom": {
                "utc": "2018-08-26T01:00:00Z",
                "local": "2018-08-25T18:00:00-07:00"
            },
            "datetimeTo": {
                "utc": "2018-08-26T02:00:00Z",
                "local": "2018-08-25T19:00:00-07:00"
            }
        }
    },
    {
        "value": 16.0,
        "flagInfo": {
            "hasFlags": false
        },
        "parameter": {
            "id": 2,
            "name": "pm25",
            "units": "\u00b5g/m\u00b3",
            "displayName": null
        },
        "period": {
            "label": "raw",
            "interval": "01:00:00",
            "datetimeFrom": {
                "utc": "2018-08-26T02:00:00Z",
                "local": "2018-08-25T19:00:00-07:00"
            },
            "datetimeTo": {
                "utc": "2018-08-26T03:00:00Z",
                "local": "2018-08-25T20:00:00-07:00"
            }
        },
        "coordinates": null,
        "summary": null,
        "coverage": {
            "expectedCount": 1,
            "expectedInterval": "01:00:00",
            "observedCount": 1,
            "observedInterval": "01:00:00",
            "percentComplete": 100.0,
            "percentCoverage": 100.0,
            "datetimeFrom": {
                "utc": "2018-08-26T02:00:00Z",
                "local": "2018-08-25T19:00:00-07:00"
            },
            "datetimeTo": {
                "utc": "2018-08-26T03:00:00Z",
                "local": "2018-08-25T20:00:00-07:00"
            }
        }
    },
    {
        "value": 29.0,
        "flagInfo": {
            "hasFlags": false
        },
        "parameter": {
            "id": 2,
            "name": "pm25",
            "units": "\u00b5g/m\u00b3",
            "displayName": null
        },
        "period": {
            "label": "raw",
            "interval": "01:00:00",
            "datetimeFrom": {
                "utc": "2018-08-26T03:00:00Z",
                "local": "2018-08-25T20:00:00-07:00"
            },
            "datetimeTo": {
                "utc": "2018-08-26T04:00:00Z",
                "local": "2018-08-25T21:00:00-07:00"
            }
        },
        "coordinates": null,
        "summary": null,
        "coverage": {
            "expectedCount": 1,
            "expectedInterval": "01:00:00",
            "observedCount": 1,
            "observedInterval": "01:00:00",
            "percentComplete": 100.0,
            "percentCoverage": 100.0,
            "datetimeFrom": {
                "utc": "2018-08-26T03:00:00Z",
                "local": "2018-08-25T20:00:00-07:00"
            },
            "datetimeTo": {
                "utc": "2018-08-26T04:00:00Z",
                "local": "2018-08-25T21:00:00-07:00"
            }
        }
    },
    {
        "value": 19.0,
        "flagInfo": {
            "hasFlags": false
        },
        "parameter": {
            "id": 2,
            "name": "pm25",
            "units": "\u00b5g/m\u00b3",
            "displayName": null
        },
        "period": {
            "label": "raw",
            "interval": "01:00:00",
            "datetimeFrom": {
                "utc": "2018-08-26T04:00:00Z",
                "local": "2018-08-25T21:00:00-07:00"
            },
            "datetimeTo": {
                "utc": "2018-08-26T05:00:00Z",
                "local": "2018-08-25T22:00:00-07:00"
            }
        },
        "coordinates": null,
        "summary": null,
        "coverage": {
            "expectedCount": 1,
            "expectedInterval": "01:00:00",
            "observedCount": 1,
            "observedInterval": "01:00:00",
            "percentComplete": 100.0,
            "percentCoverage": 100.0,
            "datetimeFrom": {
                "utc": "2018-08-26T04:00:00Z",
                "local": "2018-08-25T21:00:00-07:00"
            },
            "datetimeTo": {
                "utc": "2018-08-26T05:00:00Z",
                "local": "2018-08-25T22:00:00-07:00"
            }
        }
    },
    {
        "value": 23.0,
        "flagInfo": {
            "hasFlags": false
        },
        "parameter": {
            "id": 2,
            "name": "pm25",
            "units": "\u00b5g/m\u00b3",
            "displayName": null
        },
        "period": {
            "label": "raw",
            "interval": "01:00:00",
            "datetimeFrom": {
                "utc": "2018-08-26T05:00:00Z",
                "local": "2018-08-25T22:00:00-07:00"
            },
            "datetimeTo": {
                "utc": "2018-08-26T06:00:00Z",
                "local": "2018-08-25T23:00:00-07:00"
            }
        },
        "coordinates": null,
        "summary": null,
        "coverage": {
            "expectedCount": 1,
            "expectedInterval": "01:00:00",
            "observedCount": 1,
            "observedInterval": "01:00:00",
            "percentComplete": 100.0,
            "percentCoverage": 100.0,
            "datetimeFrom": {
                "utc": "2018-08-26T05:00:00Z",
                "local": "2018-08-25T22:00:00-07:00"
            },
            "datetimeTo": {
                "utc": "2018-08-26T06:00:00Z",
                "local": "2018-08-25T23:00:00-07:00"
            }
        }
    },
    {
        "value": 13.0,
        "flagInfo": {
            "hasFlags": false
        },
        "parameter": {
            "id": 2,
            "name": "pm25",
            "units": "\u00b5g/m\u00b3",
            "displayName": null
        },
        "period": {
            "label": "raw",
            "interval": "01:00:00",
            "datetimeFrom": {
                "utc": "2018-08-26T09:00:00Z",
                "local": "2018-08-26T02:00:00-07:00"
            },
            "datetimeTo": {
                "utc": "2018-08-26T10:00:00Z",
                "local": "2018-08-26T03:00:00-07:00"
            }
        },
        "coordinates": null,
        "summary": null,
        "coverage": {
            "expectedCount": 1,
            "expectedInterval": "01:00:00",
            "observedCount": 1,
            "observedInterval": "01:00:00",
            "percentComplete": 100.0,
            "percentCoverage": 100.0,
            "datetimeFrom": {
                "utc": "2018-08-26T09:00:00Z",
                "local": "2018-08-26T02:00:00-07:00"
            },
            "datetimeTo": {
                "utc": "2018-08-26T10:00:00Z",
                "local": "2018-08-26T03:00:00-07:00"
            }
        }
    },
    {
        "value": 9.0,
        "flagInfo": {
            "hasFlags": false
        },
        "parameter": {
            "id": 2,
            "name": "pm25",
            "units": "\u00b5g/m\u00b3",
            "displayName": null
        },
        "period": {
            "label": "raw",
            "interval": "01:00:00",
            "datetimeFrom": {
                "utc": "2018-08-28T18:00:00Z",
                "local": "2018-08-28T11:00:00-07:00"
            },
            "datetimeTo": {
                "utc": "2018-08-28T19:00:00Z",
                "local": "2018-08-28T12:00:00-07:00"
            }
        },
        "coordinates": null,
        "summary": null,
        "coverage": {
            "expectedCount": 1,
            "expectedInterval": "01:00:00",
            "observedCount": 1,
            "observedInterval": "01:00:00",
            "percentComplete": 100.0,
            "percentCoverage": 100.0,
            "datetimeFrom": {
                "utc": "2018-08-28T18:00:00Z",
                "local": "2018-08-28T11:00:00-07:00"
            },
            "datetimeTo": {
                "utc": "2018-08-28T19:00:00Z",
                "local": "2018-08-28T12:00:00-07:00"
            }
        }
    },
    {
        "value": 10.0,
        "flagInfo": {
            "hasFlags": false
        },
        "parameter": {
            "id": 2,
            "name": "pm25",
            "units": "\u00b5g/m\u00b3",
            "displayName": null
        },
        "period": {
            "label": "raw",
            "interval": "01:00:00",
            "datetimeFrom": {
                "utc": "2018-08-28T19:00:00Z",
                "local": "2018-08-28T12:00:00-07:00"
            },
            "datetimeTo": {
                "utc": "2018-08-28T20:00:00Z",
                "local": "2018-08-28T13:00:00-07:00"
            }
        },
        "coordinates": null,
        "summary": null,
        "coverage": {
            "expectedCount": 1,
            "expectedInterval": "01:00:00",
            "observedCount": 1,
            "observedInterval": "01:00:00",
            "percentComplete": 100.0,
            "percentCoverage": 100.0,
            "datetimeFrom": {
                "utc": "2018-08-28T19:00:00Z",
                "local": "2018-08-28T12:00:00-07:00"
            },
            "datetimeTo": {
                "utc": "2018-08-28T20:00:00Z",
                "local": "2018-08-28T13:00:00-07:00"
            }
        }
    },
    {
        "value": 10.0,
        "flagInfo": {
            "hasFlags": false
        },
        "parameter": {
            "id": 2,
            "name": "pm25",
            "units": "\u00b5g/m\u00b3",
            "displayName": null
        },
        "period": {
            "label": "raw",
            "interval": "01:00:00",
            "datetimeFrom": {
                "utc": "2018-08-28T20:00:00Z",
                "local": "2018-08-28T13:00:00-07:00"
            },
            "datetimeTo": {
                "utc": "2018-08-28T21:00:00Z",
                "local": "2018-08-28T14:00:00-07:00"
            }
        },
        "coordinates": null,
        "summary": null,
        "coverage": {
            "expectedCount": 1,
            "expectedInterval": "01:00:00",
            "observedCount": 1,
            "observedInterval": "01:00:00",
            "percentComplete": 100.0,
            "percentCoverage": 100.0,
            "datetimeFrom": {
                "utc": "2018-08-28T20:00:00Z",
                "local": "2018-08-28T13:00:00-07:00"
            },
            "datetimeTo": {
                "utc": "2018-08-28T21:00:00Z",
                "local": "2018-08-28T14:00:00-07:00"
            }
        }
    },
    {
        "value": 8.0,
        "flagInfo": {
            "hasFlags": false
        },
        "parameter": {
            "id": 2,
            "name": "pm25",
            "units": "\u00b5g/m\u00b3",
            "displayName": null
        },
        "period": {
            "label": "raw",
            "interval": "01:00:00",
            "datetimeFrom": {
                "utc": "2018-08-28T21:00:00Z",
                "local": "2018-08-28T14:00:00-07:00"
            },
            "datetimeTo": {
                "utc": "2018-08-28T22:00:00Z",
                "local": "2018-08-28T15:00:00-07:00"
            }
        },
        "coordinates": null,
        "summary": null,
        "coverage": {
            "expectedCount": 1,
            "expectedInterval": "01:00:00",
            "observedCount": 1,
            "observedInterval": "01:00:00",
            "percentComplete": 100.0,
            "percentCoverage": 100.0,
            "datetimeFrom": {
                "utc": "2018-08-28T21:00:00Z",
                "local": "2018-08-28T14:00:00-07:00"
            },
            "datetimeTo": {
                "utc": "2018-08-28T22:00:00Z",
                "local": "2018-08-28T15:00:00-07:00"
            }
        }
    },
    {
        "value": 14.0,
        "flagInfo": {
            "hasFlags": false
        },
        "parameter": {
            "id": 2,
            "name": "pm25",
            "units": "\u00b5g/m\u00b3",
            "displayName": null
        },
        "period": {
            "label": "raw",
            "interval": "01:00:00",
            "datetimeFrom": {
                "utc": "2018-08-28T22:00:00Z",
                "local": "2018-08-28T15:00:00-07:00"
            },
            "datetimeTo": {
                "utc": "2018-08-28T23:00:00Z",
                "local": "2018-08-28T16:00:00-07:00"
            }
        },
        "coordinates": null,
        "summary": null,
        "coverage": {
            "expectedCount": 1,
            "expectedInterval": "01:00:00",
            "observedCount": 1,
            "observedInterval": "01:00:00",
            "percentComplete": 100.0,
            "percentCoverage": 100.0,
            "datetimeFrom": {
                "utc": "2018-08-28T22:00:00Z",
                "local": "2018-08-28T15:00:00-07:00"
            },
            "datetimeTo": {
                "utc": "2018-08-28T23:00:00Z",
                "local": "2018-08-28T16:00:00-07:00"
            }
        }
    },
    {
        "value": 14.0,
        "flagInfo": {
            "hasFlags": false
        },
        "parameter": {
            "id": 2,
            "name": "pm25",
            "units": "\u00b5g/m\u00b3",
            "displayName": null
        },
        "period": {
            "label": "raw",
            "interval": "01:00:00",
            "datetimeFrom": {
                "utc": "2018-08-28T23:00:00Z",
                "local": "2018-08-28T16:00:00-07:00"
            },
            "datetimeTo": {
                "utc": "2018-08-29T00:00:00Z",
                "local": "2018-08-28T17:00:00-07:00"
            }
        },
        "coordinates": null,
        "summary": null,
        "coverage": {
            "expectedCount": 1,
            "expectedInterval": "01:00:00",
            "observedCount": 1,
            "observedInterval": "01:00:00",
            "percentComplete": 100.0,
            "percentCoverage": 100.0,
            "datetimeFrom": {
                "utc": "2018-08-28T23:00:00Z",
                "local": "2018-08-28T16:00:00-07:00"
            },
            "datetimeTo": {
                "utc": "2018-08-29T00:00:00Z",
                "local": "2018-08-28T17:00:00-07:00"
            }
        }
    },
    {
        "value": 1.0,
        "flagInfo": {
            "hasFlags": false
        },
        "parameter": {
            "id": 2,
            "name": "pm25",
            "units": "\u00b5g/m\u00b3",
            "displayName": null
        },
        "period": {
            "label": "raw",
            "interval": "01:00:00",
            "datetimeFrom": {
                "utc": "2018-08-29T00:00:00Z",
                "local": "2018-08-28T17:00:00-07:00"
            },
            "datetimeTo": {
                "utc": "2018-08-29T01:00:00Z",
                "local": "2018-08-28T18:00:00-07:00"
            }
        },
        "coordinates": null,
        "summary": null,
        "coverage": {
            "expectedCount": 1,
            "expectedInterval": "01:00:00",
            "observedCount": 1,
            "observedInterval": "01:00:00",
            "percentComplete": 100.0,
            "percentCoverage": 100.0,
            "datetimeFrom": {
                "utc": "2018-08-29T00:00:00Z",
                "local": "2018-08-28T17:00:00-07:00"
            },
            "datetimeTo": {
                "utc": "2018-08-29T01:00:00Z",
                "local": "2018-08-28T18:00:00-07:00"
            }
        }
    },
    {
        "value": -4.0,
        "flagInfo": {
            "hasFlags": false
        },
        "parameter": {
            "id": 2,
            "name": "pm25",
            "units": "\u00b5g/m\u00b3",
            "displayName": null
        },
        "period": {
            "label": "raw",
            "interval": "01:00:00",
            "datetimeFrom": {
                "utc": "2018-08-29T01:00:00Z",
                "local": "2018-08-28T18:00:00-07:00"
            },
            "datetimeTo": {
                "utc": "2018-08-29T02:00:00Z",
                "local": "2018-08-28T19:00:00-07:00"
            }
        },
        "coordinates": null,
        "summary": null,
        "coverage": {
            "expectedCount": 1,
            "expectedInterval": "01:00:00",
            "observedCount": 1,
            "observedInterval": "01:00:00",
            "percentComplete": 100.0,
            "percentCoverage": 100.0,
            "datetimeFrom": {
                "utc": "2018-08-29T01:00:00Z",
                "local": "2018-08-28T18:00:00-07:00"
            },
            "datetimeTo": {
                "utc": "2018-08-29T02:00:00Z",
                "local": "2018-08-28T19:00:00-07:00"
            }
        }
    },
    {
        "value": 2.0,
        "flagInfo": {
            "hasFlags": false
        },
        "parameter": {
            "id": 2,
            "name": "pm25",
            "units": "\u00b5g/m\u00b3",
            "displayName": null
        },
        "period": {
            "label": "raw",
            "interval": "01:00:00",
            "datetimeFrom": {
                "utc": "2018-08-29T02:00:00Z",
                "local": "2018-08-28T19:00:00-07:00"
            },
            "datetimeTo": {
                "utc": "2018-08-29T03:00:00Z",
                "local": "2018-08-28T20:00:00-07:00"
            }
        },
        "coordinates": null,
        "summary": null,
        "coverage": {
            "expectedCount": 1,
            "expectedInterval": "01:00:00",
            "observedCount": 1,
            "observedInterval": "01:00:00",
            "percentComplete": 100.0,
            "percentCoverage": 100.0,
            "datetimeFrom": {
                "utc": "2018-08-29T02:00:00Z",
                "local": "2018-08-28T19:00:00-07:00"
            },
            "datetimeTo": {
                "utc": "2018-08-29T03:00:00Z",
                "local": "2018-08-28T20:00:00-07:00"
            }
        }
    },
    {
        "value": 7.0,
        "flagInfo": {
            "hasFlags": false
        },
        "parameter": {
            "id": 2,
            "name": "pm25",
            "units": "\u00b5g/m\u00b3",
            "displayName": null
        },
        "period": {
            "label": "raw",
            "interval": "01:00:00",
            "datetimeFrom": {
                "utc": "2018-08-29T03:00:00Z",
                "local": "2018-08-28T20:00:00-07:00"
            },
            "datetimeTo": {
                "utc": "2018-08-29T04:00:00Z",
                "local": "2018-08-28T21:00:00-07:00"
            }
        },
        "coordinates": null,
        "summary": null,
        "coverage": {
            "expectedCount": 1,
            "expectedInterval": "01:00:00",
            "observedCount": 1,
            "observedInterval": "01:00:00",
            "percentComplete": 100.0,
            "percentCoverage": 100.0,
            "datetimeFrom": {
                "utc": "2018-08-29T03:00:00Z",
                "local": "2018-08-28T20:00:00-07:00"
            },
            "datetimeTo": {
                "utc": "2018-08-29T04:00:00Z",
                "local": "2018-08-28T21:00:00-07:00"
            }
        }
    },
    {
        "value": 15.0,
        "flagInfo": {
            "hasFlags": false
        },
        "parameter": {
            "id": 2,
            "name": "pm25",
            "units": "\u00b5g/m\u00b3",
            "displayName": null
        },
        "period": {
            "label": "raw",
            "interval": "01:00:00",
            "datetimeFrom": {
                "utc": "2018-08-29T04:00:00Z",
                "local": "2018-08-28T21:00:00-07:00"
            },
            "datetimeTo": {
                "utc": "2018-08-29T05:00:00Z",
                "local": "2018-08-28T22:00:00-07:00"
            }
        },
        "coordinates": null,
        "summary": null,
        "coverage": {
            "expectedCount": 1,
            "expectedInterval": "01:00:00",
            "observedCount": 1,
            "observedInterval": "01:00:00",
            "percentComplete": 100.0,
            "percentCoverage": 100.0,
            "datetimeFrom": {
                "utc": "2018-08-29T04:00:00Z",
                "local": "2018-08-28T21:00:00-07:00"
            },
            "datetimeTo": {
                "utc": "2018-08-29T05:00:00Z",
                "local": "2018-08-28T22:00:00-07:00"
            }
        }
    },
    {
        "value": 11.0,
        "flagInfo": {
            "hasFlags": false
        },
        "parameter": {
            "id": 2,
            "name": "pm25",
            "units": "\u00b5g/m\u00b3",
            "displayName": null
        },
        "period": {
            "label": "raw",
            "interval": "01:00:00",
            "datetimeFrom": {
                "utc": "2018-08-29T05:00:00Z",
                "local": "2018-08-28T22:00:00-07:00"
            },
            "datetimeTo": {
                "utc": "2018-08-29T06:00:00Z",
                "local": "2018-08-28T23:00:00-07:00"
            }
        },
        "coordinates": null,
        "summary": null,
        "coverage": {
            "expectedCount": 1,
            "expectedInterval": "01:00:00",
            "observedCount": 1,
            "observedInterval": "01:00:00",
            "percentComplete": 100.0,
            "percentCoverage": 100.0,
            "datetimeFrom": {
                "utc": "2018-08-29T05:00:00Z",
                "local": "2018-08-28T22:00:00-07:00"
            },
            "datetimeTo": {
                "utc": "2018-08-29T06:00:00Z",
                "local": "2018-08-28T23:00:00-07:00"
            }
        }
    },
    {
        "value": 7.0,
        "flagInfo": {
            "hasFlags": false
        },
        "parameter": {
            "id": 2,
            "name": "pm25",
            "units": "\u00b5g/m\u00b3",
            "displayName": null
        },
        "period": {
            "label": "raw",
            "interval": "01:00:00",
            "datetimeFrom": {
                "utc": "2018-08-29T06:00:00Z",
                "local": "2018-08-28T23:00:00-07:00"
            },
            "datetimeTo": {
                "utc": "2018-08-29T07:00:00Z",
                "local": "2018-08-29T00:00:00-07:00"
            }
        },
        "coordinates": null,
        "summary": null,
        "coverage": {
            "expectedCount": 1,
            "expectedInterval": "01:00:00",
            "observedCount": 1,
            "observedInterval": "01:00:00",
            "percentComplete": 100.0,
            "percentCoverage": 100.0,
            "datetimeFrom": {
                "utc": "2018-08-29T06:00:00Z",
                "local": "2018-08-28T23:00:00-07:00"
            },
            "datetimeTo": {
                "utc": "2018-08-29T07:00:00Z",
                "local": "2018-08-29T00:00:00-07:00"
            }
        }
    },
    {
        "value": 6.0,
        "flagInfo": {
            "hasFlags": false
        },
        "parameter": {
            "id": 2,
            "name": "pm25",
            "units": "\u00b5g/m\u00b3",
            "displayName": null
        },
        "period": {
            "label": "raw",
            "interval": "01:00:00",
            "datetimeFrom": {
                "utc": "2018-09-08T06:00:00Z",
                "local": "2018-09-07T23:00:00-07:00"
            },
            "datetimeTo": {
                "utc": "2018-09-08T07:00:00Z",
                "local": "2018-09-08T00:00:00-07:00"
            }
        },
        "coordinates": null,
        "summary": null,
        "coverage": {
            "expectedCount": 1,
            "expectedInterval": "01:00:00",
            "observedCount": 1,
            "observedInterval": "01:00:00",
            "percentComplete": 100.0,
            "percentCoverage": 100.0,
            "datetimeFrom": {
                "utc": "2018-09-08T06:00:00Z",
                "local": "2018-09-07T23:00:00-07:00"
            },
            "datetimeTo": {
                "utc": "2018-09-08T07:00:00Z",
                "local": "2018-09-08T00:00:00-07:00"
            }
        }
    },
    {
        "value": 6.0,
        "flagInfo": {
            "hasFlags": false
        },
        "parameter": {
            "id": 2,
            "name": "pm25",
            "units": "\u00b5g/m\u00b3",
            "displayName": null
        },
        "period": {
            "label": "raw",
            "interval": "01:00:00",
            "datetimeFrom": {
                "utc": "2018-09-08T07:00:00Z",
                "local": "2018-09-08T00:00:00-07:00"
            },
            "datetimeTo": {
                "utc": "2018-09-08T08:00:00Z",
                "local": "2018-09-08T01:00:00-07:00"
            }
        },
        "coordinates": null,
        "summary": null,
        "coverage": {
            "expectedCount": 1,
            "expectedInterval": "01:00:00",
            "observedCount": 1,
            "observedInterval": "01:00:00",
            "percentComplete": 100.0,
            "percentCoverage": 100.0,
            "datetimeFrom": {
                "utc": "2018-09-08T07:00:00Z",
                "local": "2018-09-08T00:00:00-07:00"
            },
            "datetimeTo": {
                "utc": "2018-09-08T08:00:00Z",
                "local": "2018-09-08T01:00:00-07:00"
            }
        }
    },
    {
        "value": 1.0,
        "flagInfo": {
            "hasFlags": false
        },
        "parameter": {
            "id": 2,
            "name": "pm25",
            "units": "\u00b5g/m\u00b3",
            "displayName": null
        },
        "period": {
            "label": "raw",
            "interval": "01:00:00",
            "datetimeFrom": {
                "utc": "2018-09-08T08:00:00Z",
                "local": "2018-09-08T01:00:00-07:00"
            },
            "datetimeTo": {
                "utc": "2018-09-08T09:00:00Z",
                "local": "2018-09-08T02:00:00-07:00"
            }
        },
        "coordinates": null,
        "summary": null,
        "coverage": {
            "expectedCount": 1,
            "expectedInterval": "01:00:00",
            "observedCount": 1,
            "observedInterval": "01:00:00",
            "percentComplete": 100.0,
            "percentCoverage": 100.0,
            "datetimeFrom": {
                "utc": "2018-09-08T08:00:00Z",
                "local": "2018-09-08T01:00:00-07:00"
            },
            "datetimeTo": {
                "utc": "2018-09-08T09:00:00Z",
                "local": "2018-09-08T02:00:00-07:00"
            }
        }
    },
    {
        "value": 0.0,
        "flagInfo": {
            "hasFlags": false
        },
        "parameter": {
            "id": 2,
            "name": "pm25",
            "units": "\u00b5g/m\u00b3",
            "displayName": null
        },
        "period": {
            "label": "raw",
            "interval": "01:00:00",
            "datetimeFrom": {
                "utc": "2018-09-08T09:00:00Z",
                "local": "2018-09-08T02:00:00-07:00"
            },
            "datetimeTo": {
                "utc": "2018-09-08T10:00:00Z",
                "local": "2018-09-08T03:00:00-07:00"
            }
        },
        "coordinates": null,
        "summary": null,
        "coverage": {
            "expectedCount": 1,
            "expectedInterval": "01:00:00",
            "observedCount": 1,
            "observedInterval": "01:00:00",
            "percentComplete": 100.0,
            "percentCoverage": 100.0,
            "datetimeFrom": {
                "utc": "2018-09-08T09:00:00Z",
                "local": "2018-09-08T02:00:00-07:00"
            },
            "datetimeTo": {
                "utc": "2018-09-08T10:00:00Z",
                "local": "2018-09-08T03:00:00-07:00"
            }
        }
    },
    {
        "value": 3.0,
        "flagInfo": {
            "hasFlags": false
        },
        "parameter": {
            "id": 2,
            "name": "pm25",
            "units": "\u00b5g/m\u00b3",
            "displayName": null
        },
        "period": {
            "label": "raw",
            "interval": "01:00:00",
            "datetimeFrom": {
                "utc": "2018-09-08T11:00:00Z",
                "local": "2018-09-08T04:00:00-07:00"
            },
            "datetimeTo": {
                "utc": "2018-09-08T12:00:00Z",
                "local": "2018-09-08T05:00:00-07:00"
            }
        },
        "coordinates": null,
        "summary": null,
        "coverage": {
            "expectedCount": 1,
            "expectedInterval": "01:00:00",
            "observedCount": 1,
            "observedInterval": "01:00:00",
            "percentComplete": 100.0,
            "percentCoverage": 100.0,
            "datetimeFrom": {
                "utc": "2018-09-08T11:00:00Z",
                "local": "2018-09-08T04:00:00-07:00"
            },
            "datetimeTo": {
                "utc": "2018-09-08T12:00:00Z",
                "local": "2018-09-08T05:00:00-07:00"
            }
        }
    },
    {
        "value": 0.0,
        "flagInfo": {
            "hasFlags": false
        },
        "parameter": {
            "id": 2,
            "name": "pm25",
            "units": "\u00b5g/m\u00b3",
            "displayName": null
        },
        "period": {
            "label": "raw",
            "interval": "01:00:00",
            "datetimeFrom": {
                "utc": "2018-09-08T12:00:00Z",
                "local": "2018-09-08T05:00:00-07:00"
            },
            "datetimeTo": {
                "utc": "2018-09-08T13:00:00Z",
                "local": "2018-09-08T06:00:00-07:00"
            }
        },
        "coordinates": null,
        "summary": null,
        "coverage": {
            "expectedCount": 1,
            "expectedInterval": "01:00:00",
            "observedCount": 1,
            "observedInterval": "01:00:00",
            "percentComplete": 100.0,
            "percentCoverage": 100.0,
            "datetimeFrom": {
                "utc": "2018-09-08T12:00:00Z",
                "local": "2018-09-08T05:00:00-07:00"
            },
            "datetimeTo": {
                "utc": "2018-09-08T13:00:00Z",
                "local": "2018-09-08T06:00:00-07:00"
            }
        }
    },
    {
        "value": 6.0,
        "flagInfo": {
            "hasFlags": false
        },
        "parameter": {
            "id": 2,
            "name": "pm25",
            "units": "\u00b5g/m\u00b3",
            "displayName": null
        },
        "period": {
            "label": "raw",
            "interval": "01:00:00",
            "datetimeFrom": {
                "utc": "2018-09-08T14:00:00Z",
                "local": "2018-09-08T07:00:00-07:00"
            },
            "datetimeTo": {
                "utc": "2018-09-08T15:00:00Z",
                "local": "2018-09-08T08:00:00-07:00"
            }
        },
        "coordinates": null,
        "summary": null,
        "coverage": {
            "expectedCount": 1,
            "expectedInterval": "01:00:00",
            "observedCount": 1,
            "observedInterval": "01:00:00",
            "percentComplete": 100.0,
            "percentCoverage": 100.0,
            "datetimeFrom": {
                "utc": "2018-09-08T14:00:00Z",
                "local": "2018-09-08T07:00:00-07:00"
            },
            "datetimeTo": {
                "utc": "2018-09-08T15:00:00Z",
                "local": "2018-09-08T08:00:00-07:00"
            }
        }
    },
    {
        "value": -4.0,
        "flagInfo": {
            "hasFlags": false
        },
        "parameter": {
            "id": 2,
            "name": "pm25",
            "units": "\u00b5g/m\u00b3",
            "displayName": null
        },
        "period": {
            "label": "raw",
            "interval": "01:00:00",
            "datetimeFrom": {
                "utc": "2018-09-08T15:00:00Z",
                "local": "2018-09-08T08:00:00-07:00"
            },
            "datetimeTo": {
                "utc": "2018-09-08T16:00:00Z",
                "local": "2018-09-08T09:00:00-07:00"
            }
        },
        "coordinates": null,
        "summary": null,
        "coverage": {
            "expectedCount": 1,
            "expectedInterval": "01:00:00",
            "observedCount": 1,
            "observedInterval": "01:00:00",
            "percentComplete": 100.0,
            "percentCoverage": 100.0,
            "datetimeFrom": {
                "utc": "2018-09-08T15:00:00Z",
                "local": "2018-09-08T08:00:00-07:00"
            },
            "datetimeTo": {
                "utc": "2018-09-08T16:00:00Z",
                "local": "2018-09-08T09:00:00-07:00"
            }
        }
    },
    {
        "value": 0.0,
        "flagInfo": {
            "hasFlags": false
        },
        "parameter": {
            "id": 2,
            "name": "pm25",
            "units": "\u00b5g/m\u00b3",
            "displayName": null
        },
        "period": {
            "label": "raw",
            "interval": "01:00:00",
            "datetimeFrom": {
                "utc": "2018-09-08T17:00:00Z",
                "local": "2018-09-08T10:00:00-07:00"
            },
            "datetimeTo": {
                "utc": "2018-09-08T18:00:00Z",
                "local": "2018-09-08T11:00:00-07:00"
            }
        },
        "coordinates": null,
        "summary": null,
        "coverage": {
            "expectedCount": 1,
            "expectedInterval": "01:00:00",
            "observedCount": 1,
            "observedInterval": "01:00:00",
            "percentComplete": 100.0,
            "percentCoverage": 100.0,
            "datetimeFrom": {
                "utc": "2018-09-08T17:00:00Z",
                "local": "2018-09-08T10:00:00-07:00"
            },
            "datetimeTo": {
                "utc": "2018-09-08T18:00:00Z",
                "local": "2018-09-08T11:00:00-07:00"
            }
        }
    },
    {
        "value": 2.0,
        "flagInfo": {
            "hasFlags": false
        },
        "parameter": {
            "id": 2,
            "name": "pm25",
            "units": "\u00b5g/m\u00b3",
            "displayName": null
        },
        "period": {
            "label": "raw",
            "interval": "01:00:00",
            "datetimeFrom": {
                "utc": "2018-09-09T06:00:00Z",
                "local": "2018-09-08T23:00:00-07:00"
            },
            "datetimeTo": {
                "utc": "2018-09-09T07:00:00Z",
                "local": "2018-09-09T00:00:00-07:00"
            }
        },
        "coordinates": null,
        "summary": null,
        "coverage": {
            "expectedCount": 1,
            "expectedInterval": "01:00:00",
            "observedCount": 1,
            "observedInterval": "01:00:00",
            "percentComplete": 100.0,
            "percentCoverage": 100.0,
            "datetimeFrom": {
                "utc": "2018-09-09T06:00:00Z",
                "local": "2018-09-08T23:00:00-07:00"
            },
            "datetimeTo": {
                "utc": "2018-09-09T07:00:00Z",
                "local": "2018-09-09T00:00:00-07:00"
            }
        }
    },
    {
        "value": 2.0,
        "flagInfo": {
            "hasFlags": false
        },
        "parameter": {
            "id": 2,
            "name": "pm25",
            "units": "\u00b5g/m\u00b3",
            "displayName": null
        },
        "period": {
            "label": "raw",
            "interval": "01:00:00",
            "datetimeFrom": {
                "utc": "2018-09-09T08:00:00Z",
                "local": "2018-09-09T01:00:00-07:00"
            },
            "datetimeTo": {
                "utc": "2018-09-09T09:00:00Z",
                "local": "2018-09-09T02:00:00-07:00"
            }
        },
        "coordinates": null,
        "summary": null,
        "coverage": {
            "expectedCount": 1,
            "expectedInterval": "01:00:00",
            "observedCount": 1,
            "observedInterval": "01:00:00",
            "percentComplete": 100.0,
            "percentCoverage": 100.0,
            "datetimeFrom": {
                "utc": "2018-09-09T08:00:00Z",
                "local": "2018-09-09T01:00:00-07:00"
            },
            "datetimeTo": {
                "utc": "2018-09-09T09:00:00Z",
                "local": "2018-09-09T02:00:00-07:00"
            }
        }
    },
    {
        "value": 5.0,
        "flagInfo": {
            "hasFlags": false
        },
        "parameter": {
            "id": 2,
            "name": "pm25",
            "units": "\u00b5g/m\u00b3",
            "displayName": null
        },
        "period": {
            "label": "raw",
            "interval": "01:00:00",
            "datetimeFrom": {
                "utc": "2018-09-09T10:00:00Z",
                "local": "2018-09-09T03:00:00-07:00"
            },
            "datetimeTo": {
                "utc": "2018-09-09T11:00:00Z",
                "local": "2018-09-09T04:00:00-07:00"
            }
        },
        "coordinates": null,
        "summary": null,
        "coverage": {
            "expectedCount": 1,
            "expectedInterval": "01:00:00",
            "observedCount": 1,
            "observedInterval": "01:00:00",
            "percentComplete": 100.0,
            "percentCoverage": 100.0,
            "datetimeFrom": {
                "utc": "2018-09-09T10:00:00Z",
                "local": "2018-09-09T03:00:00-07:00"
            },
            "datetimeTo": {
                "utc": "2018-09-09T11:00:00Z",
                "local": "2018-09-09T04:00:00-07:00"
            }
        }
    },
    {
        "value": 3.0,
        "flagInfo": {
            "hasFlags": false
        },
        "parameter": {
            "id": 2,
            "name": "pm25",
            "units": "\u00b5g/m\u00b3",
            "displayName": null
        },
        "period": {
            "label": "raw",
            "interval": "01:00:00",
            "datetimeFrom": {
                "utc": "2018-09-09T11:00:00Z",
                "local": "2018-09-09T04:00:00-07:00"
            },
            "datetimeTo": {
                "utc": "2018-09-09T12:00:00Z",
                "local": "2018-09-09T05:00:00-07:00"
            }
        },
        "coordinates": null,
        "summary": null,
        "coverage": {
            "expectedCount": 1,
            "expectedInterval": "01:00:00",
            "observedCount": 1,
            "observedInterval": "01:00:00",
            "percentComplete": 100.0,
            "percentCoverage": 100.0,
            "datetimeFrom": {
                "utc": "2018-09-09T11:00:00Z",
                "local": "2018-09-09T04:00:00-07:00"
            },
            "datetimeTo": {
                "utc": "2018-09-09T12:00:00Z",
                "local": "2018-09-09T05:00:00-07:00"
            }
        }
    },
    {
        "value": -1.0,
        "flagInfo": {
            "hasFlags": false
        },
        "parameter": {
            "id": 2,
            "name": "pm25",
            "units": "\u00b5g/m\u00b3",
            "displayName": null
        },
        "period": {
            "label": "raw",
            "interval": "01:00:00",
            "datetimeFrom": {
                "utc": "2018-09-09T12:00:00Z",
                "local": "2018-09-09T05:00:00-07:00"
            },
            "datetimeTo": {
                "utc": "2018-09-09T13:00:00Z",
                "local": "2018-09-09T06:00:00-07:00"
            }
        },
        "coordinates": null,
        "summary": null,
        "coverage": {
            "expectedCount": 1,
            "expectedInterval": "01:00:00",
            "observedCount": 1,
            "observedInterval": "01:00:00",
            "percentComplete": 100.0,
            "percentCoverage": 100.0,
            "datetimeFrom": {
                "utc": "2018-09-09T12:00:00Z",
                "local": "2018-09-09T05:00:00-07:00"
            },
            "datetimeTo": {
                "utc": "2018-09-09T13:00:00Z",
                "local": "2018-09-09T06:00:00-07:00"
            }
        }
    },
    {
        "value": -1.0,
        "flagInfo": {
            "hasFlags": false
        },
        "parameter": {
            "id": 2,
            "name": "pm25",
            "units": "\u00b5g/m\u00b3",
            "displayName": null
        },
        "period": {
            "label": "raw",
            "interval": "01:00:00",
            "datetimeFrom": {
                "utc": "2018-09-09T13:00:00Z",
                "local": "2018-09-09T06:00:00-07:00"
            },
            "datetimeTo": {
                "utc": "2018-09-09T14:00:00Z",
                "local": "2018-09-09T07:00:00-07:00"
            }
        },
        "coordinates": null,
        "summary": null,
        "coverage": {
            "expectedCount": 1,
            "expectedInterval": "01:00:00",
            "observedCount": 1,
            "observedInterval": "01:00:00",
            "percentComplete": 100.0,
            "percentCoverage": 100.0,
            "datetimeFrom": {
                "utc": "2018-09-09T13:00:00Z",
                "local": "2018-09-09T06:00:00-07:00"
            },
            "datetimeTo": {
                "utc": "2018-09-09T14:00:00Z",
                "local": "2018-09-09T07:00:00-07:00"
            }
        }
    },
    {
        "value": 1.0,
        "flagInfo": {
            "hasFlags": false
        },
        "parameter": {
            "id": 2,
            "name": "pm25",
            "units": "\u00b5g/m\u00b3",
            "displayName": null
        },
        "period": {
            "label": "raw",
            "interval": "01:00:00",
            "datetimeFrom": {
                "utc": "2018-09-09T14:00:00Z",
                "local": "2018-09-09T07:00:00-07:00"
            },
            "datetimeTo": {
                "utc": "2018-09-09T15:00:00Z",
                "local": "2018-09-09T08:00:00-07:00"
            }
        },
        "coordinates": null,
        "summary": null,
        "coverage": {
            "expectedCount": 1,
            "expectedInterval": "01:00:00",
            "observedCount": 1,
            "observedInterval": "01:00:00",
            "percentComplete": 100.0,
            "percentCoverage": 100.0,
            "datetimeFrom": {
                "utc": "2018-09-09T14:00:00Z",
                "local": "2018-09-09T07:00:00-07:00"
            },
            "datetimeTo": {
                "utc": "2018-09-09T15:00:00Z",
                "local": "2018-09-09T08:00:00-07:00"
            }
        }
    },
    {
        "value": 1.0,
        "flagInfo": {
            "hasFlags": false
        },
        "parameter": {
            "id": 2,
            "name": "pm25",
            "units": "\u00b5g/m\u00b3",
            "displayName": null
        },
        "period": {
            "label": "raw",
            "interval": "01:00:00",
            "datetimeFrom": {
                "utc": "2018-09-09T16:00:00Z",
                "local": "2018-09-09T09:00:00-07:00"
            },
            "datetimeTo": {
                "utc": "2018-09-09T17:00:00Z",
                "local": "2018-09-09T10:00:00-07:00"
            }
        },
        "coordinates": null,
        "summary": null,
        "coverage": {
            "expectedCount": 1,
            "expectedInterval": "01:00:00",
            "observedCount": 1,
            "observedInterval": "01:00:00",
            "percentComplete": 100.0,
            "percentCoverage": 100.0,
            "datetimeFrom": {
                "utc": "2018-09-09T16:00:00Z",
                "local": "2018-09-09T09:00:00-07:00"
            },
            "datetimeTo": {
                "utc": "2018-09-09T17:00:00Z",
                "local": "2018-09-09T10:00:00-07:00"
            }
        }
    },
    {
        "value": 6.0,
        "flagInfo": {
            "hasFlags": false
        },
        "parameter": {
            "id": 2,
            "name": "pm25",
            "units": "\u00b5g/m\u00b3",
            "displayName": null
        },
        "period": {
            "label": "raw",
            "interval": "01:00:00",
            "datetimeFrom": {
                "utc": "2018-09-09T17:00:00Z",
                "local": "2018-09-09T10:00:00-07:00"
            },
            "datetimeTo": {
                "utc": "2018-09-09T18:00:00Z",
                "local": "2018-09-09T11:00:00-07:00"
            }
        },
        "coordinates": null,
        "summary": null,
        "coverage": {
            "expectedCount": 1,
            "expectedInterval": "01:00:00",
            "observedCount": 1,
            "observedInterval": "01:00:00",
            "percentComplete": 100.0,
            "percentCoverage": 100.0,
            "datetimeFrom": {
                "utc": "2018-09-09T17:00:00Z",
                "local": "2018-09-09T10:00:00-07:00"
            },
            "datetimeTo": {
                "utc": "2018-09-09T18:00:00Z",
                "local": "2018-09-09T11:00:00-07:00"
            }
        }
    },
    {
        "value": -4.0,
        "flagInfo": {
            "hasFlags": false
        },
        "parameter": {
            "id": 2,
            "name": "pm25",
            "units": "\u00b5g/m\u00b3",
            "displayName": null
        },
        "period": {
            "label": "raw",
            "interval": "01:00:00",
            "datetimeFrom": {
                "utc": "2020-01-15T02:00:00Z",
                "local": "2020-01-14T18:00:00-08:00"
            },
            "datetimeTo": {
                "utc": "2020-01-15T03:00:00Z",
                "local": "2020-01-14T19:00:00-08:00"
            }
        },
        "coordinates": null,
        "summary": null,
        "coverage": {
            "expectedCount": 1,
            "expectedInterval": "01:00:00",
            "observedCount": 1,
            "observedInterval": "01:00:00",
            "percentComplete": 100.0,
            "percentCoverage": 100.0,
            "datetimeFrom": {
                "utc": "2020-01-15T02:00:00Z",
                "local": "2020-01-14T18:00:00-08:00"
            },
            "datetimeTo": {
                "utc": "2020-01-15T03:00:00Z",
                "local": "2020-01-14T19:00:00-08:00"
            }
        }
    },
    {
        "value": -4.0,
        "flagInfo": {
            "hasFlags": false
        },
        "parameter": {
            "id": 2,
            "name": "pm25",
            "units": "\u00b5g/m\u00b3",
            "displayName": null
        },
        "period": {
            "label": "raw",
            "interval": "01:00:00",
            "datetimeFrom": {
                "utc": "2020-01-15T04:00:00Z",
                "local": "2020-01-14T20:00:00-08:00"
            },
            "datetimeTo": {
                "utc": "2020-01-15T05:00:00Z",
                "local": "2020-01-14T21:00:00-08:00"
            }
        },
        "coordinates": null,
        "summary": null,
        "coverage": {
            "expectedCount": 1,
            "expectedInterval": "01:00:00",
            "observedCount": 1,
            "observedInterval": "01:00:00",
            "percentComplete": 100.0,
            "percentCoverage": 100.0,
            "datetimeFrom": {
                "utc": "2020-01-15T04:00:00Z",
                "local": "2020-01-14T20:00:00-08:00"
            },
            "datetimeTo": {
                "utc": "2020-01-15T05:00:00Z",
                "local": "2020-01-14T21:00:00-08:00"
            }
        }
    },
    {
        "value": -4.0,
        "flagInfo": {
            "hasFlags": false
        },
        "parameter": {
            "id": 2,
            "name": "pm25",
            "units": "\u00b5g/m\u00b3",
            "displayName": null
        },
        "period": {
            "label": "raw",
            "interval": "01:00:00",
            "datetimeFrom": {
                "utc": "2020-01-15T05:00:00Z",
                "local": "2020-01-14T21:00:00-08:00"
            },
            "datetimeTo": {
                "utc": "2020-01-15T06:00:00Z",
                "local": "2020-01-14T22:00:00-08:00"
            }
        },
        "coordinates": null,
        "summary": null,
        "coverage": {
            "expectedCount": 1,
            "expectedInterval": "01:00:00",
            "observedCount": 1,
            "observedInterval": "01:00:00",
            "percentComplete": 100.0,
            "percentCoverage": 100.0,
            "datetimeFrom": {
                "utc": "2020-01-15T05:00:00Z",
                "local": "2020-01-14T21:00:00-08:00"
            },
            "datetimeTo": {
                "utc": "2020-01-15T06:00:00Z",
                "local": "2020-01-14T22:00:00-08:00"
            }
        }
    },
    {
        "value": -4.0,
        "flagInfo": {
            "hasFlags": false
        },
        "parameter": {
            "id": 2,
            "name": "pm25",
            "units": "\u00b5g/m\u00b3",
            "displayName": null
        },
        "period": {
            "label": "raw",
            "interval": "01:00:00",
            "datetimeFrom": {
                "utc": "2020-01-15T07:00:00Z",
                "local": "2020-01-14T23:00:00-08:00"
            },
            "datetimeTo": {
                "utc": "2020-01-15T08:00:00Z",
                "local": "2020-01-15T00:00:00-08:00"
            }
        },
        "coordinates": null,
        "summary": null,
        "coverage": {
            "expectedCount": 1,
            "expectedInterval": "01:00:00",
            "observedCount": 1,
            "observedInterval": "01:00:00",
            "percentComplete": 100.0,
            "percentCoverage": 100.0,
            "datetimeFrom": {
                "utc": "2020-01-15T07:00:00Z",
                "local": "2020-01-14T23:00:00-08:00"
            },
            "datetimeTo": {
                "utc": "2020-01-15T08:00:00Z",
                "local": "2020-01-15T00:00:00-08:00"
            }
        }
    },
    {
        "value": -4.0,
        "flagInfo": {
            "hasFlags": false
        },
        "parameter": {
            "id": 2,
            "name": "pm25",
            "units": "\u00b5g/m\u00b3",
            "displayName": null
        },
        "period": {
            "label": "raw",
            "interval": "01:00:00",
            "datetimeFrom": {
                "utc": "2020-01-15T08:00:00Z",
                "local": "2020-01-15T00:00:00-08:00"
            },
            "datetimeTo": {
                "utc": "2020-01-15T09:00:00Z",
                "local": "2020-01-15T01:00:00-08:00"
            }
        },
        "coordinates": null,
        "summary": null,
        "coverage": {
            "expectedCount": 1,
            "expectedInterval": "01:00:00",
            "observedCount": 1,
            "observedInterval": "01:00:00",
            "percentComplete": 100.0,
            "percentCoverage": 100.0,
            "datetimeFrom": {
                "utc": "2020-01-15T08:00:00Z",
                "local": "2020-01-15T00:00:00-08:00"
            },
            "datetimeTo": {
                "utc": "2020-01-15T09:00:00Z",
                "local": "2020-01-15T01:00:00-08:00"
            }
        }
    },
    {
        "value": -4.0,
        "flagInfo": {
            "hasFlags": false
        },
        "parameter": {
            "id": 2,
            "name": "pm25",
            "units": "\u00b5g/m\u00b3",
            "displayName": null
        },
        "period": {
            "label": "raw",
            "interval": "01:00:00",
            "datetimeFrom": {
                "utc": "2020-01-15T15:00:00Z",
                "local": "2020-01-15T07:00:00-08:00"
            },
            "datetimeTo": {
                "utc": "2020-01-15T16:00:00Z",
                "local": "2020-01-15T08:00:00-08:00"
            }
        },
        "coordinates": null,
        "summary": null,
        "coverage": {
            "expectedCount": 1,
            "expectedInterval": "01:00:00",
            "observedCount": 1,
            "observedInterval": "01:00:00",
            "percentComplete": 100.0,
            "percentCoverage": 100.0,
            "datetimeFrom": {
                "utc": "2020-01-15T15:00:00Z",
                "local": "2020-01-15T07:00:00-08:00"
            },
            "datetimeTo": {
                "utc": "2020-01-15T16:00:00Z",
                "local": "2020-01-15T08:00:00-08:00"
            }
        }
    },
    {
        "value": -4.0,
        "flagInfo": {
            "hasFlags": false
        },
        "parameter": {
            "id": 2,
            "name": "pm25",
            "units": "\u00b5g/m\u00b3",
            "displayName": null
        },
        "period": {
            "label": "raw",
            "interval": "01:00:00",
            "datetimeFrom": {
                "utc": "2020-01-15T20:00:00Z",
                "local": "2020-01-15T12:00:00-08:00"
            },
            "datetimeTo": {
                "utc": "2020-01-15T21:00:00Z",
                "local": "2020-01-15T13:00:00-08:00"
            }
        },
        "coordinates": null,
        "summary": null,
        "coverage": {
            "expectedCount": 1,
            "expectedInterval": "01:00:00",
            "observedCount": 1,
            "observedInterval": "01:00:00",
            "percentComplete": 100.0,
            "percentCoverage": 100.0,
            "datetimeFrom": {
                "utc": "2020-01-15T20:00:00Z",
                "local": "2020-01-15T12:00:00-08:00"
            },
            "datetimeTo": {
                "utc": "2020-01-15T21:00:00Z",
                "local": "2020-01-15T13:00:00-08:00"
            }
        }
    },
    {
        "value": -4.0,
        "flagInfo": {
            "hasFlags": false
        },
        "parameter": {
            "id": 2,
            "name": "pm25",
            "units": "\u00b5g/m\u00b3",
            "displayName": null
        },
        "period": {
            "label": "raw",
            "interval": "01:00:00",
            "datetimeFrom": {
                "utc": "2020-01-16T04:00:00Z",
                "local": "2020-01-15T20:00:00-08:00"
            },
            "datetimeTo": {
                "utc": "2020-01-16T05:00:00Z",
                "local": "2020-01-15T21:00:00-08:00"
            }
        },
        "coordinates": null,
        "summary": null,
        "coverage": {
            "expectedCount": 1,
            "expectedInterval": "01:00:00",
            "observedCount": 1,
            "observedInterval": "01:00:00",
            "percentComplete": 100.0,
            "percentCoverage": 100.0,
            "datetimeFrom": {
                "utc": "2020-01-16T04:00:00Z",
                "local": "2020-01-15T20:00:00-08:00"
            },
            "datetimeTo": {
                "utc": "2020-01-16T05:00:00Z",
                "local": "2020-01-15T21:00:00-08:00"
            }
        }
    },
    {
        "value": -4.0,
        "flagInfo": {
            "hasFlags": false
        },
        "parameter": {
            "id": 2,
            "name": "pm25",
            "units": "\u00b5g/m\u00b3",
            "displayName": null
        },
        "period": {
            "label": "raw",
            "interval": "01:00:00",
            "datetimeFrom": {
                "utc": "2020-01-16T05:00:00Z",
                "local": "2020-01-15T21:00:00-08:00"
            },
            "datetimeTo": {
                "utc": "2020-01-16T06:00:00Z",
                "local": "2020-01-15T22:00:00-08:00"
            }
        },
        "coordinates": null,
        "summary": null,
        "coverage": {
            "expectedCount": 1,
            "expectedInterval": "01:00:00",
            "observedCount": 1,
            "observedInterval": "01:00:00",
            "percentComplete": 100.0,
            "percentCoverage": 100.0,
            "datetimeFrom": {
                "utc": "2020-01-16T05:00:00Z",
                "local": "2020-01-15T21:00:00-08:00"
            },
            "datetimeTo": {
                "utc": "2020-01-16T06:00:00Z",
                "local": "2020-01-15T22:00:00-08:00"
            }
        }
    },
    {
        "value": -4.0,
        "flagInfo": {
            "hasFlags": false
        },
        "parameter": {
            "id": 2,
            "name": "pm25",
            "units": "\u00b5g/m\u00b3",
            "displayName": null
        },
        "period": {
            "label": "raw",
            "interval": "01:00:00",
            "datetimeFrom": {
                "utc": "2020-01-16T07:00:00Z",
                "local": "2020-01-15T23:00:00-08:00"
            },
            "datetimeTo": {
                "utc": "2020-01-16T08:00:00Z",
                "local": "2020-01-16T00:00:00-08:00"
            }
        },
        "coordinates": null,
        "summary": null,
        "coverage": {
            "expectedCount": 1,
            "expectedInterval": "01:00:00",
            "observedCount": 1,
            "observedInterval": "01:00:00",
            "percentComplete": 100.0,
            "percentCoverage": 100.0,
            "datetimeFrom": {
                "utc": "2020-01-16T07:00:00Z",
                "local": "2020-01-15T23:00:00-08:00"
            },
            "datetimeTo": {
                "utc": "2020-01-16T08:00:00Z",
                "local": "2020-01-16T00:00:00-08:00"
            }
        }
    },
    {
        "value": -4.0,
        "flagInfo": {
            "hasFlags": false
        },
        "parameter": {
            "id": 2,
            "name": "pm25",
            "units": "\u00b5g/m\u00b3",
            "displayName": null
        },
        "period": {
            "label": "raw",
            "interval": "01:00:00",
            "datetimeFrom": {
                "utc": "2020-01-16T08:00:00Z",
                "local": "2020-01-16T00:00:00-08:00"
            },
            "datetimeTo": {
                "utc": "2020-01-16T09:00:00Z",
                "local": "2020-01-16T01:00:00-08:00"
            }
        },
        "coordinates": null,
        "summary": null,
        "coverage": {
            "expectedCount": 1,
            "expectedInterval": "01:00:00",
            "observedCount": 1,
            "observedInterval": "01:00:00",
            "percentComplete": 100.0,
            "percentCoverage": 100.0,
            "datetimeFrom": {
                "utc": "2020-01-16T08:00:00Z",
                "local": "2020-01-16T00:00:00-08:00"
            },
            "datetimeTo": {
                "utc": "2020-01-16T09:00:00Z",
                "local": "2020-01-16T01:00:00-08:00"
            }
        }
    },
    {
        "value": -4.0,
        "flagInfo": {
            "hasFlags": false
        },
        "parameter": {
            "id": 2,
            "name": "pm25",
            "units": "\u00b5g/m\u00b3",
            "displayName": null
        },
        "period": {
            "label": "raw",
            "interval": "01:00:00",
            "datetimeFrom": {
                "utc": "2020-01-17T00:00:00Z",
                "local": "2020-01-16T16:00:00-08:00"
            },
            "datetimeTo": {
                "utc": "2020-01-17T01:00:00Z",
                "local": "2020-01-16T17:00:00-08:00"
            }
        },
        "coordinates": null,
        "summary": null,
        "coverage": {
            "expectedCount": 1,
            "expectedInterval": "01:00:00",
            "observedCount": 1,
            "observedInterval": "01:00:00",
            "percentComplete": 100.0,
            "percentCoverage": 100.0,
            "datetimeFrom": {
                "utc": "2020-01-17T00:00:00Z",
                "local": "2020-01-16T16:00:00-08:00"
            },
            "datetimeTo": {
                "utc": "2020-01-17T01:00:00Z",
                "local": "2020-01-16T17:00:00-08:00"
            }
        }
    }
]