[
    {
        "value": 0.0,
        "flagInfo": {
            "hasFlags": false
        },
        "parameter": {
            "id": 2,
            "name": "pm25",
            "units": "\u00b5g/m\u00b3",
            "displayName": null
        },
        "period": {
            "label": "raw",
            "interval": "01:00:00",
            "datetimeFrom": {
                "utc": "2018-08-01T21:00:00Z",
                "local": "2018-08-01T14:00:00-07:00"
            },
            "datetimeTo": {
                "utc": "2018-08-01T22:00:00Z",
                "local": "2018-08-01T15:00:00-07:00"
            }
        },
        "coordinates": null,
        "summary": null,
        "coverage": {
            "expectedCount": 1,
            "expectedInterval": "01:00:00",
            "observedCount": 1,
            "observedInterval": "01:00:00",
            "percentComplete": 100.0,
            "percentCoverage": 100.0,
            "datetimeFrom": {
                "utc": "2018-08-01T21:00:00Z",
                "local": "2018-08-01T14:00:00-07:00"
            },
            "datetimeTo": {
                "utc": "2018-08-01T22:00:00Z",
                "local": "2018-08-01T15:00:00-07:00"
            }
        }
    },
    {
        "value": 27.0,
        "flagInfo": {
            "hasFlags": false
        },
        "parameter": {
            "id": 2,
            "name": "pm25",
            "units": "\u00b5g/m\u00b3",
            "displayName": null
        },
        "period": {
            "label": "raw",
            "interval": "01:00:00",
            "datetimeFrom": {
                "utc": "2018-08-02T10:00:00Z",
                "local": "2018-08-02T03:00:00-07:00"
            },
            "datetimeTo": {
                "utc": "2018-08-02T11:00:00Z",
                "local": "2018-08-02T04:00:00-07:00"
            }
        },
        "coordinates": null,
        "summary": null,
        "coverage": {
            "expectedCount": 1,
            "expectedInterval": "01:00:00",
            "observedCount": 1,
            "observedInterval": "01:00:00",
            "percentComplete": 100.0,
            "percentCoverage": 100.0,
            "datetimeFrom": {
                "utc": "2018-08-02T10:00:00Z",
                "local": "2018-08-02T03:00:00-07:00"
            },
            "datetimeTo": {
                "utc": "2018-08-02T11:00:00Z",
                "local": "2018-08-02T04:00:00-07:00"
            }
        }
    },
    {
        "value": 23.0,
        "flagInfo": {
            "hasFlags": false
        },
        "parameter": {
            "id": 2,
            "name": "pm25",
            "units": "\u00b5g/m\u00b3",
            "displayName": null
        },
        "period": {
            "label": "raw",
            "interval": "01:00:00",
            "datetimeFrom": {
                "utc": "2018-08-02T11:00:00Z",
                "local": "2018-08-02T04:00:00-07:00"
            },
            "datetimeTo": {
                "utc": "2018-08-02T12:00:00Z",
                "local": "2018-08-02T05:00:00-07:00"
            }
        },
        "coordinates": null,
        "summary": null,
        "coverage": {
            "expectedCount": 1,
            "expectedInterval": "01:00:00",
            "observedCount": 1,
            "observedInterval": "01:00:00",
            "percentComplete": 100.0,
            "percentCoverage": 100.0,
            "datetimeFrom": {
                "utc": "2018-08-02T11:00:00Z",
                "local": "2018-08-02T04:00:00-07:00"
            },
            "datetimeTo": {
                "utc": "2018-08-02T12:00:00Z",
                "local": "2018-08-02T05:00:00-07:00"
            }
        }
    },
    {
        "value": 16.0,
        "flagInfo": {
            "hasFlags": false
        },
        "parameter": {
            "id": 2,
            "name": "pm25",
            "units": "\u00b5g/m\u00b3",
            "displayName": null
        },
        "period": {
            "label": "raw",
            "interval": "01:00:00",
            "datetimeFrom": {
                "utc": "2018-08-02T13:00:00Z",
                "local": "2018-08-02T06:00:00-07:00"
            },
            "datetimeTo": {
                "utc": "2018-08-02T14:00:00Z",
                "local": "2018-08-02T07:00:00-07:00"
            }
        },
        "coordinates": null,
        "summary": null,
        "coverage": {
            "expectedCount": 1,
            "expectedInterval": "01:00:00",
            "observedCount": 1,
            "observedInterval": "01:00:00",
            "percentComplete": 100.0,
            "percentCoverage": 100.0,
            "datetimeFrom": {
                "utc": "2018-08-02T13:00:00Z",
                "local": "2018-08-02T06:00:00-07:00"
            },
            "datetimeTo": {
                "utc": "2018-08-02T14:00:00Z",
                "local": "2018-08-02T07:00:00-07:00"
            }
        }
    },
    {
        "value": 18.0,
        "flagInfo": {
            "hasFlags": false
        },
        "parameter": {
            "id": 2,
            "name": "pm25",
            "units": "\u00b5g/m\u00b3",
            "displayName": null
        },
        "period": {
            "label": "raw",
            "interval": "01:00:00",
            "datetimeFrom": {
                "utc": "2018-08-02T14:00:00Z",
                "local": "2018-08-02T07:00:00-07:00"
            },
            "datetimeTo": {
                "utc": "2018-08-02T15:00:00Z",
                "local": "2018-08-02T08:00:00-07:00"
            }
        },
        "coordinates": null,
        "summary": null,
        "coverage": {
            "expectedCount": 1,
            "expectedInterval": "01:00:00",
            "observedCount": 1,
            "observedInterval": "01:00:00",
            "percentComplete": 100.0,
            "percentCoverage": 100.0,
            "datetimeFrom": {
                "utc": "2018-08-02T14:00:00Z",
                "local": "2018-08-02T07:00:00-07:00"
            },
            "datetimeTo": {
                "utc": "2018-08-02T15:00:00Z",
                "local": "2018-08-02T08:00:00-07:00"
            }
        }
    },
    {
        "value": 9.0,
        "flagInfo": {
            "hasFlags": false
        },
        "parameter": {
            "id": 2,
            "name": "pm25",
            "units": "\u00b5g/m\u00b3",
            "displayName": null
        },
        "period": {
            "label": "raw",
            "interval": "01:00:00",
            "datetimeFrom": {
                "utc": "2018-08-02T15:00:00Z",
                "local": "2018-08-02T08:00:00-07:00"
            },
            "datetimeTo": {
                "utc": "2018-08-02T16:00:00Z",
                "local": "2018-08-02T09:00:00-07:00"
            }
        },
        "coordinates": null,
        "summary": null,
        "coverage": {
            "expectedCount": 1,
            "expectedInterval": "01:00:00",
            "observedCount": 1,
            "observedInterval": "01:00:00",
            "percentComplete": 100.0,
            "percentCoverage": 100.0,
            "datetimeFrom": {
                "utc": "2018-08-02T15:00:00Z",
                "local": "2018-08-02T08:00:00-07:00"
            },
            "datetimeTo": {
                "utc": "2018-08-02T16:00:00Z",
                "local": "2018-08-02T09:00:00-07:00"
            }
        }
    },
    {
        "value": 11.0,
        "flagInfo": {
            "hasFlags": false
        },
        "parameter": {
            "id": 2,
            "name": "pm25",
            "units": "\u00b5g/m\u00b3",
            "displayName": null
        },
        "period": {
            "label": "raw",
            "interval": "01:00:00",
            "datetimeFrom": {
                "utc": "2018-08-02T16:00:00Z",
                "local": "2018-08-02T09:00:00-07:00"
            },
            "datetimeTo": {
                "utc": "2018-08-02T17:00:00Z",
                "local": "2018-08-02T10:00:00-07:00"
            }
        },
        "coordinates": null,
        "summary": null,
        "coverage": {
            "expectedCount": 1,
            "expectedInterval": "01:00:00",
            "observedCount": 1,
            "observedInterval": "01:00:00",
            "percentComplete": 100.0,
            "percentCoverage": 100.0,
            "datetimeFrom": {
                "utc": "2018-08-02T16:00:00Z",
                "local": "2018-08-02T09:00:00-07:00"
            },
            "datetimeTo": {
                "utc": "2018-08-02T17:00:00Z",
                "local": "2018-08-02T10:00:00-07:00"
            }
        }
    },
    {
        "value": 0.0,
        "flagInfo": {
            "hasFlags": false
        },
        "parameter": {
            "id": 2,
            "name": "pm25",
            "units": "\u00b5g/m\u00b3",
            "displayName": null
        },
        "period": {
            "label": "raw",
            "interval": "01:00:00",
            "datetimeFrom": {
                "utc": "2018-08-02T17:00:00Z",
                "local": "2018-08-02T10:00:00-07:00"
            },
            "datetimeTo": {
                "utc": "2018-08-02T18:00:00Z",
                "local": "2018-08-02T11:00:00-07:00"
            }
        },
        "coordinates": null,
        "summary": null,
        "coverage": {
            "expectedCount": 1,
            "expectedInterval": "01:00:00",
            "observedCount": 1,
            "observedInterval": "01:00:00",
            "percentComplete": 100.0,
            "percentCoverage": 100.0,
            "datetimeFrom": {
                "utc": "2018-08-02T17:00:00Z",
                "local": "2018-08-02T10:00:00-07:00"
            },
            "datetimeTo": {
                "utc": "2018-08-02T18:00:00Z",
                "local": "2018-08-02T11:00:00-07:00"
            }
        }
    },
    {
        "value": 3.0,
        "flagInfo": {
            "hasFlags": false
        },
        "parameter": {
            "id": 2,
            "name": "pm25",
            "units": "\u00b5g/m\u00b3",
            "displayName": null
        },
        "period": {
            "label": "raw",
            "interval": "01:00:00",
            "datetimeFrom": {
                "utc": "2018-08-02T18:00:00Z",
                "local": "2018-08-02T11:00:00-07:00"
            },
            "datetimeTo": {
                "utc": "2018-08-02T19:00:00Z",
                "local": "2018-08-02T12:00:00-07:00"
            }
        },
        "coordinates": null,
        "summary": null,
        "coverage": {
            "expectedCount": 1,
            "expectedInterval": "01:00:00",
            "observedCount": 1,
            "observedInterval": "01:00:00",
            "percentComplete": 100.0,
            "percentCoverage": 100.0,
            "datetimeFrom": {
                "utc": "2018-08-02T18:00:00Z",
                "local": "2018-08-02T11:00:00-07:00"
            },
            "datetimeTo": {
                "utc": "2018-08-02T19:00:00Z",
                "local": "2018-08-02T12:00:00-07:00"
            }
        }
    },
    {
        "value": 27.0,
        "flagInfo": {
            "hasFlags": false
        },
        "parameter": {
            "id": 2,
            "name": "pm25",
            "units": "\u00b5g/m\u00b3",
            "displayName": null
        },
        "period": {
            "label": "raw",
            "interval": "01:00:00",
            "datetimeFrom": {
                "utc": "2018-08-07T07:00:00Z",
                "local": "2018-08-07T00:00:00-07:00"
            },
            "datetimeTo": {
                "utc": "2018-08-07T08:00:00Z",
                "local": "2018-08-07T01:00:00-07:00"
            }
        },
        "coordinates": null,
        "summary": null,
        "coverage": {
            "expectedCount": 1,
            "expectedInterval": "01:00:00",
            "observedCount": 1,
            "observedInterval": "01:00:00",
            "percentComplete": 100.0,
            "percentCoverage": 100.0,
            "datetimeFrom": {
                "utc": "2018-08-07T07:00:00Z",
                "local": "2018-08-07T00:00:00-07:00"
            },
            "datetimeTo": {
                "utc": "2018-08-07T08:00:00Z",
                "local": "2018-08-07T01:00:00-07:00"
            }
        }
    },
    {
        "value": 28.0,
        "flagInfo": {
            "hasFlags": false
        },
        "parameter": {
            "id": 2,
            "name": "pm25",
            "units": "\u00b5g/m\u00b3",
            "displayName": null
        },
        "period": {
            "label": "raw",
            "interval": "01:00:00",
            "datetimeFrom": {
                "utc": "2018-08-07T08:00:00Z",
                "local": "2018-08-07T01:00:00-07:00"
            },
            "datetimeTo": {
                "utc": "2018-08-07T09:00:00Z",
                "local": "2018-08-07T02:00:00-07:00"
            }
        },
        "coordinates": null,
        "summary": null,
        "coverage": {
            "expectedCount": 1,
            "expectedInterval": "01:00:00",
            "observedCount": 1,
            "observedInterval": "01:00:00",
            "percentComplete": 100.0,
            "percentCoverage": 100.0,
            "datetimeFrom": {
                "utc": "2018-08-07T08:00:00Z",
                "local": "2018-08-07T01:00:00-07:00"
            },
            "datetimeTo": {
                "utc": "2018-08-07T09:00:00Z",
                "local": "2018-08-07T02:00:00-07:00"
            }
        }
    },
    {
        "value": 16.0,
        "flagInfo": {
            "hasFlags": false
        },
        "parameter": {
            "id": 2,
            "name": "pm25",
            "units": "\u00b5g/m\u00b3",
            "displayName": null
        },
        "period": {
            "label": "raw",
            "interval": "01:00:00",
            "datetimeFrom": {
                "utc": "2018-08-07T09:00:00Z",
                "local": "2018-08-07T02:00:00-07:00"
            },
            "datetimeTo": {
                "utc": "2018-08-07T10:00:00Z",
                "local": "2018-08-07T03:00:00-07:00"
            }
        },
        "coordinates": null,
        "summary": null,
        "coverage": {
            "expectedCount": 1,
            "expectedInterval": "01:00:00",
            "observedCount": 1,
            "observedInterval": "01:00:00",
            "percentComplete": 100.0,
            "percentCoverage": 100.0,
            "datetimeFrom": {
                "utc": "2018-08-07T09:00:00Z",
                "local": "2018-08-07T02:00:00-07:00"
            },
            "datetimeTo": {
                "utc": "2018-08-07T10:00:00Z",
                "local": "2018-08-07T03:00:00-07:00"
            }
        }
    },
    {
        "value": 22.0,
        "flagInfo": {
            "hasFlags": false
        },
        "parameter": {
            "id": 2,
            "name": "pm25",
            "units": "\u00b5g/m\u00b3",
            "displayName": null
        },
        "period": {
            "label": "raw",
            "interval": "01:00:00",
            "datetimeFrom": {
                "utc": "2018-08-07T10:00:00Z",
                "local": "2018-08-07T03:00:00-07:00"
            },
            "datetimeTo": {
                "utc": "2018-08-07T11:00:00Z",
                "local": "2018-08-07T04:00:00-07:00"
            }
        },
        "coordinates": null,
        "summary": null,
        "coverage": {
            "expectedCount": 1,
            "expectedInterval": "01:00:00",
            "observedCount": 1,
            "observedInterval": "01:00:00",
            "percentComplete": 100.0,
            "percentCoverage": 100.0,
            "datetimeFrom": {
                "utc": "2018-08-07T10:00:00Z",
                "local": "2018-08-07T03:00:00-07:00"
            },
            "datetimeTo": {
                "utc": "2018-08-07T11:00:00Z",
                "local": "2018-08-07T04:00:00-07:00"
            }
        }
    },
    {
        "value": 19.0,
        "flagInfo": {
            "hasFlags": false
        },
        "parameter": {
            "id": 2,
            "name": "pm25",
            "units": "\u00b5g/m\u00b3",
            "displayName": null
        },
        "period": {
            "label": "raw",
            "interval": "01:00:00",
            "datetimeFrom": {
                "utc": "2018-08-07T11:00:00Z",
                "local": "2018-08-07T04:00:00-07:00"
            },
            "datetimeTo": {
                "utc": "2018-08-07T12:00:00Z",
                "local": "2018-08-07T05:00:00-07:00"
            }
        },
        "coordinates": null,
        "summary": null,
        "coverage": {
            "expectedCount": 1,
            "expectedInterval": "01:00:00",
            "observedCount": 1,
            "observedInterval": "01:00:00",
            "percentComplete": 100.0,
            "percentCoverage": 100.0,
            "datetimeFrom": {
                "utc": "2018-08-07T11:00:00Z",
                "local": "2018-08-07T04:00:00-07:00"
            },
            "datetimeTo": {
                "utc": "2018-08-07T12:00:00Z",
                "local": "2018-08-07T05:00:00-07:00"
            }
        }
    },
    {
        "value": 23.0,
        "flagInfo": {
            "hasFlags": false
        },
        "parameter": {
            "id": 2,
            "name": "pm25",
            "units": "\u00b5g/m\u00b3",
            "displayName": null
        },
        "period": {
            "label": "raw",
            "interval": "01:00:00",
            "datetimeFrom": {
                "utc": "2018-08-07T12:00:00Z",
                "local": "2018-08-07T05:00:00-07:00"
            },
            "datetimeTo": {
                "utc": "2018-08-07T13:00:00Z",
                "local": "2018-08-07T06:00:00-07:00"
            }
        },
        "coordinates": null,
        "summary": null,
        "coverage": {
            "expectedCount": 1,
            "expectedInterval": "01:00:00",
            "observedCount": 1,
            "observedInterval": "01:00:00",
            "percentComplete": 100.0,
            "percentCoverage": 100.0,
            "datetimeFrom": {
                "utc": "2018-08-07T12:00:00Z",
                "local": "2018-08-07T05:00:00-07:00"
            },
            "datetimeTo": {
                "utc": "2018-08-07T13:00:00Z",
                "local": "2018-08-07T06:00:00-07:00"
            }
        }
    },
    {
        "value": 28.0,
        "flagInfo": {
            "hasFlags": false
        },
        "parameter": {
            "id": 2,
            "name": "pm25",
            "units": "\u00b5g/m\u00b3",
            "displayName": null
        },
        "period": {
            "label": "raw",
            "interval": "01:00:00",
            "datetimeFrom": {
                "utc": "2018-08-07T13:00:00Z",
                "local": "2018-08-07T06:00:00-07:00"
            },
            "datetimeTo": {
                "utc": "2018-08-07T14:00:00Z",
                "local": "2018-08-07T07:00:00-07:00"
            }
        },
        "coordinates": null,
        "summary": null,
        "coverage": {
            "expectedCount": 1,
            "expectedInterval": "01:00:00",
            "observedCount": 1,
            "observedInterval": "01:00:00",
            "percentComplete": 100.0,
            "percentCoverage": 100.0,
            "datetimeFrom": {
                "utc": "2018-08-07T13:00:00Z",
                "local": "2018-08-07T06:00:00-07:00"
            },
            "datetimeTo": {
                "utc": "2018-08-07T14:00:00Z",
                "local": "2018-08-07T07:00:00-07:00"
            }
        }
    },
    {
        "value": 40.0,
        "flagInfo": {
            "hasFlags": false
        },
        "parameter": {
            "id": 2,
            "name": "pm25",
            "units": "\u00b5g/m\u00b3",
            "displayName": null
        },
        "period": {
            "label": "raw",
            "interval": "01:00:00",
            "datetimeFrom": {
                "utc": "2018-08-07T14:00:00Z",
                "local": "2018-08-07T07:00:00-07:00"
            },
            "datetimeTo": {
                "utc": "2018-08-07T15:00:00Z",
                "local": "2018-08-07T08:00:00-07:00"
            }
        },
        "coordinates": null,
        "summary": null,
        "coverage": {
            "expectedCount": 1,
            "expectedInterval": "01:00:00",
            "observedCount": 1,
            "observedInterval": "01:00:00",
            "percentComplete": 100.0,
            "percentCoverage": 100.0,
            "datetimeFrom": {
                "utc": "2018-08-07T14:00:00Z",
                "local": "2018-08-07T07:00:00-07:00"
            },
            "datetimeTo": {
                "utc": "2018-08-07T15:00:00Z",
                "local": "2018-08-07T08:00:00-07:00"
            }
        }
    },
    {
        "value": 29.0,
        "flagInfo": {
            "hasFlags": false
        },
        "parameter": {
            "id": 2,
            "name": "pm25",
            "units": "\u00b5g/m\u00b3",
            "displayName": null
        },
        "period": {
            "label": "raw",
            "interval": "01:00:00",
            "datetimeFrom": {
                "utc": "2018-08-07T15:00:00Z",
                "local": "2018-08-07T08:00:00-07:00"
            },
            "datetimeTo": {
                "utc": "2018-08-07T16:00:00Z",
                "local": "2018-08-07T09:00:00-07:00"
            }
        },
        "coordinates": null,
        "summary": null,
        "coverage": {
            "expectedCount": 1,
            "expectedInterval": "01:00:00",
            "observedCount": 1,
            "observedInterval": "01:00:00",
            "percentComplete": 100.0,
            "percentCoverage": 100.0,
            "datetimeFrom": {
                "utc": "2018-08-07T15:00:00Z",
                "local": "2018-08-07T08:00:00-07:00"
            },
            "datetimeTo": {
                "utc": "2018-08-07T16:00:00Z",
                "local": "2018-08-07T09:00:00-07:00"
            }
        }
    },
    {
        "value": 38.0,
        "flagInfo": {
            "hasFlags": false
        },
        "parameter": {
            "id": 2,
            "name": "pm25",
            "units": "\u00b5g/m\u00b3",
            "displayName": null
        },
        "period": {
            "label": "raw",
            "interval": "01:00:00",
            "datetimeFrom": {
                "utc": "2018-08-07T16:00:00Z",
                "local": "2018-08-07T09:00:00-07:00"
            },
            "datetimeTo": {
                "utc": "2018-08-07T17:00:00Z",
                "local": "2018-08-07T10:00:00-07:00"
            }
        },
        "coordinates": null,
        "summary": null,
        "coverage": {
            "expectedCount": 1,
            "expectedInterval": "01:00:00",
            "observedCount": 1,
            "observedInterval": "01:00:00",
            "percentComplete": 100.0,
            "percentCoverage": 100.0,
            "datetimeFrom": {
                "utc": "2018-08-07T16:00:00Z",
                "local": "2018-08-07T09:00:00-07:00"
            },
            "datetimeTo": {
                "utc": "2018-08-07T17:00:00Z",
                "local": "2018-08-07T10:00:00-07:00"
            }
        }
    },
    {
        "value": 38.0,
        "flagInfo": {
            "hasFlags": false
        },
        "parameter": {
            "id": 2,
            "name": "pm25",
            "units": "\u00b5g/m\u00b3",
            "displayName": null
        },
        "period": {
            "label": "raw",
            "interval": "01:00:00",
            "datetimeFrom": {
                "utc": "2018-08-07T17:00:00Z",
                "local": "2018-08-07T10:00:00-07:00"
            },
            "datetimeTo": {
                "utc": "2018-08-07T18:00:00Z",
                "local": "2018-08-07T11:00:00-07:00"
            }
        },
        "coordinates": null,
        "summary": null,
        "coverage": {
            "expectedCount": 1,
            "expectedInterval": "01:00:00",
            "observedCount": 1,
            "observedInterval": "01:00:00",
            "percentComplete": 100.0,
            "percentCoverage": 100.0,
            "datetimeFrom": {
                "utc": "2018-08-07T17:00:00Z",
                "local": "2018-08-07T10:00:00-07:00"
            },
            "datetimeTo": {
                "utc": "2018-08-07T18:00:00Z",
                "local": "2018-08-07T11:00:00-07:00"
            }
        }
    },
    {
        "value": 33.0,
        "flagInfo": {
            "hasFlags": false
        },
        "parameter": {
            "id": 2,
            "name": "pm25",
            "units": "\u00b5g/m\u00b3",
            "displayName": null
        },
        "period": {
            "label": "raw",
            "interval": "01:00:00",
            "datetimeFrom": {
                "utc": "2018-08-07T18:00:00Z",
                "local": "2018-08-07T11:00:00-07:00"
            },
            "datetimeTo": {
                "utc": "2018-08-07T19:00:00Z",
                "local": "2018-08-07T12:00:00-07:00"
            }
        },
        "coordinates": null,
        "summary": null,
        "coverage": {
            "expectedCount": 1,
            "expectedInterval": "01:00:00",
            "observedCount": 1,
            "observedInterval": "01:00:00",
            "percentComplete": 100.0,
            "percentCoverage": 100.0,
            "datetimeFrom": {
                "utc": "2018-08-07T18:00:00Z",
                "local": "2018-08-07T11:00:00-07:00"
            },
            "datetimeTo": {
                "utc": "2018-08-07T19:00:00Z",
                "local": "2018-08-07T12:00:00-07:00"
            }
        }
    },
    {
        "value": 21.0,
        "flagInfo": {
            "hasFlags": false
        },
        "parameter": {
            "id": 2,
            "name": "pm25",
            "units": "\u00b5g/m\u00b3",
            "displayName": null
        },
        "period": {
            "label": "raw",
            "interval": "01:00:00",
            "datetimeFrom": {
                "utc": "2018-08-20T07:00:00Z",
                "local": "2018-08-20T00:00:00-07:00"
            },
            "datetimeTo": {
                "utc": "2018-08-20T08:00:00Z",
                "local": "2018-08-20T01:00:00-07:00"
            }
        },
        "coordinates": null,
        "summary": null,
        "coverage": {
            "expectedCount": 1,
            "expectedInterval": "01:00:00",
            "observedCount": 1,
            "observedInterval": "01:00:00",
            "percentComplete": 100.0,
            "percentCoverage": 100.0,
            "datetimeFrom": {
                "utc": "2018-08-20T07:00:00Z",
                "local": "2018-08-20T00:00:00-07:00"
            },
            "datetimeTo": {
                "utc": "2018-08-20T08:00:00Z",
                "local": "2018-08-20T01:00:00-07:00"
            }
        }
    },
    {
        "value": 10.0,
        "flagInfo": {
            "hasFlags": false
        },
        "parameter": {
            "id": 2,
            "name": "pm25",
            "units": "\u00b5g/m\u00b3",
            "displayName": null
        },
        "period": {
            "label": "raw",
            "interval": "01:00:00",
            "datetimeFrom": {
                "utc": "2018-08-20T09:00:00Z",
                "local": "2018-08-20T02:00:00-07:00"
            },
            "datetimeTo": {
                "utc": "2018-08-20T10:00:00Z",
                "local": "2018-08-20T03:00:00-07:00"
            }
        },
        "coordinates": null,
        "summary": null,
        "coverage": {
            "expectedCount": 1,
            "expectedInterval": "01:00:00",
            "observedCount": 1,
            "observedInterval": "01:00:00",
            "percentComplete": 100.0,
            "percentCoverage": 100.0,
            "datetimeFrom": {
                "utc": "2018-08-20T09:00:00Z",
                "local": "2018-08-20T02:00:00-07:00"
            },
            "datetimeTo": {
                "utc": "2018-08-20T10:00:00Z",
                "local": "2018-08-20T03:00:00-07:00"
            }
        }
    },
    {
        "value": 13.0,
        "flagInfo": {
            "hasFlags": false
        },
        "parameter": {
            "id": 2,
            "name": "pm25",
            "units": "\u00b5g/m\u00b3",
            "displayName": null
        },
        "period": {
            "label": "raw",
            "interval": "01:00:00",
            "datetimeFrom": {
                "utc": "2018-08-20T10:00:00Z",
                "local": "2018-08-20T03:00:00-07:00"
            },
            "datetimeTo": {
                "utc": "2018-08-20T11:00:00Z",
                "local": "2018-08-20T04:00:00-07:00"
            }
        },
        "coordinates": null,
        "summary": null,
        "coverage": {
            "expectedCount": 1,
            "expectedInterval": "01:00:00",
            "observedCount": 1,
            "observedInterval": "01:00:00",
            "percentComplete": 100.0,
            "percentCoverage": 100.0,
            "datetimeFrom": {
                "utc": "2018-08-20T10:00:00Z",
                "local": "2018-08-20T03:00:00-07:00"
            },
            "datetimeTo": {
                "utc": "2018-08-20T11:00:00Z",
                "local": "2018-08-20T04:00:00-07:00"
            }
        }
    },
    {
        "value": 12.0,
        "flagInfo": {
            "hasFlags": false
        },
        "parameter": {
            "id": 2,
            "name": "pm25",
            "units": "\u00b5g/m\u00b3",
            "displayName": null
        },
        "period": {
            "label": "raw",
            "interval": "01:00:00",
            "datetimeFrom": {
                "utc": "2018-08-20T11:00:00Z",
                "local": "2018-08-20T04:00:00-07:00"
            },
            "datetimeTo": {
                "utc": "2018-08-20T12:00:00Z",
                "local": "2018-08-20T05:00:00-07:00"
            }
        },
        "coordinates": null,
        "summary": null,
        "coverage": {
            "expectedCount": 1,
            "expectedInterval": "01:00:00",
            "observedCount": 1,
            "observedInterval": "01:00:00",
            "percentComplete": 100.0,
            "percentCoverage": 100.0,
            "datetimeFrom": {
                "utc": "2018-08-20T11:00:00Z",
                "local": "2018-08-20T04:00:00-07:00"
            },
            "datetimeTo": {
                "utc": "2018-08-20T12:00:00Z",
                "local": "2018-08-20T05:00:00-07:00"
            }
        }
    },
    {
        "value": 10.0,
        "flagInfo": {
            "hasFlags": false
        },
        "parameter": {
            "id": 2,
            "name": "pm25",
            "units": "\u00b5g/m\u00b3",
            "displayName": null
        },
        "period": {
            "label": "raw",
            "interval": "01:00:00",
            "datetimeFrom": {
                "utc": "2018-08-20T12:00:00Z",
                "local": "2018-08-20T05:00:00-07:00"
            },
            "datetimeTo": {
                "utc": "2018-08-20T13:00:00Z",
                "local": "2018-08-20T06:00:00-07:00"
            }
        },
        "coordinates": null,
        "summary": null,
        "coverage": {
            "expectedCount": 1,
            "expectedInterval": "01:00:00",
            "observedCount": 1,
            "observedInterval": "01:00:00",
            "percentComplete": 100.0,
            "percentCoverage": 100.0,
            "datetimeFrom": {
                "utc": "2018-08-20T12:00:00Z",
                "local": "2018-08-20T05:00:00-07:00"
            },
            "datetimeTo": {
                "utc": "2018-08-20T13:00:00Z",
                "local": "2018-08-20T06:00:00-07:00"
            }
        }
    },
    {
        "value": 14.0,
        "flagInfo": {
            "hasFlags": false
        },
        "parameter": {
            "id": 2,
            "name": "pm25",
            "units": "\u00b5g/m\u00b3",
            "displayName": null
        },
        "period": {
            "label": "raw",
            "interval": "01:00:00",
            "datetimeFrom": {
                "utc": "2018-08-20T13:00:00Z",
                "local": "2018-08-20T06:00:00-07:00"
            },
            "datetimeTo": {
                "utc": "2018-08-20T14:00:00Z",
                "local": "2018-08-20T07:00:00-07:00"
            }
        },
        "coordinates": null,
        "summary": null,
        "coverage": {
            "expectedCount": 1,
            "expectedInterval": "01:00:00",
            "observedCount": 1,
            "observedInterval": "01:00:00",
            "percentComplete": 100.0,
            "percentCoverage": 100.0,
            "datetimeFrom": {
                "utc": "2018-08-20T13:00:00Z",
                "local": "2018-08-20T06:00:00-07:00"
            },
            "datetimeTo": {
                "utc": "2018-08-20T14:00:00Z",
                "local": "2018-08-20T07:00:00-07:00"
            }
        }
    },
    {
        "value": 13.0,
        "flagInfo": {
            "hasFlags": false
        },
        "parameter": {
            "id": 2,
            "name": "pm25",
            "units": "\u00b5g/m\u00b3",
            "displayName": null
        },
        "period": {
            "label": "raw",
            "interval": "01:00:00",
            "datetimeFrom": {
                "utc": "2018-08-20T14:00:00Z",
                "local": "2018-08-20T07:00:00-07:00"
            },
            "datetimeTo": {
                "utc": "2018-08-20T15:00:00Z",
                "local": "2018-08-20T08:00:00-07:00"
            }
        },
        "coordinates": null,
        "summary": null,
        "coverage": {
            "expectedCount": 1,
            "expectedInterval": "01:00:00",
            "observedCount": 1,
            "observedInterval": "01:00:00",
            "percentComplete": 100.0,
            "percentCoverage": 100.0,
            "datetimeFrom": {
                "utc": "2018-08-20T14:00:00Z",
                "local": "2018-08-20T07:00:00-07:00"
            },
            "datetimeTo": {
                "utc": "2018-08-20T15:00:00Z",
                "local": "2018-08-20T08:00:00-07:00"
            }
        }
    },
    {
        "value": 10.0,
        "flagInfo": {
            "hasFlags": false
        },
        "parameter": {
            "id": 2,
            "name": "pm25",
            "units": "\u00b5g/m\u00b3",
            "displayName": null
        },
        "period": {
            "label": "raw",
            "interval": "01:00:00",
            "datetimeFrom": {
                "utc": "2018-08-20T16:00:00Z",
                "local": "2018-08-20T09:00:00-07:00"
            },
            "datetimeTo": {
                "utc": "2018-08-20T17:00:00Z",
                "local": "2018-08-20T10:00:00-07:00"
            }
        },
        "coordinates": null,
        "summary": null,
        "coverage": {
            "expectedCount": 1,
            "expectedInterval": "01:00:00",
            "observedCount": 1,
            "observedInterval": "01:00:00",
            "percentComplete": 100.0,
            "percentCoverage": 100.0,
            "datetimeFrom": {
                "utc": "2018-08-20T16:00:00Z",
                "local": "2018-08-20T09:00:00-07:00"
            },
            "datetimeTo": {
                "utc": "2018-08-20T17:00:00Z",
                "local": "2018-08-20T10:00:00-07:00"
            }
        }
    },
    {
        "value": 9.0,
        "flagInfo": {
            "hasFlags": false
        },
        "parameter": {
            "id": 2,
            "name": "pm25",
            "units": "\u00b5g/m\u00b3",
            "displayName": null
        },
        "period": {
            "label": "raw",
            "interval": "01:00:00",
            "datetimeFrom": {
                "utc": "2018-08-20T17:00:00Z",
                "local": "2018-08-20T10:00:00-07:00"
            },
            "datetimeTo": {
                "utc": "2018-08-20T18:00:00Z",
                "local": "2018-08-20T11:00:00-07:00"
            }
        },
        "coordinates": null,
        "summary": null,
        "coverage": {
            "expectedCount": 1,
            "expectedInterval": "01:00:00",
            "observedCount": 1,
            "observedInterval": "01:00:00",
            "percentComplete": 100.0,
            "percentCoverage": 100.0,
            "datetimeFrom": {
                "utc": "2018-08-20T17:00:00Z",
                "local": "2018-08-20T10:00:00-07:00"
            },
            "datetimeTo": {
                "utc": "2018-08-20T18:00:00Z",
                "local": "2018-08-20T11:00:00-07:00"
            }
        }
    },
    {
        "value": 1.0,
        "flagInfo": {
            "hasFlags": false
        },
        "parameter": {
            "id": 2,
            "name": "pm25",
            "units": "\u00b5g/m\u00b3",
            "displayName": null
        },
        "period": {
            "label": "raw",
            "interval": "01:00:00",
            "datetimeFrom": {
                "utc": "2018-08-20T18:00:00Z",
                "local": "2018-08-20T11:00:00-07:00"
            },
            "datetimeTo": {
                "utc": "2018-08-20T19:00:00Z",
                "local": "2018-08-20T12:00:00-07:00"
            }
        },
        "coordinates": null,
        "summary": null,
        "coverage": {
            "expectedCount": 1,
            "expectedInterval": "01:00:00",
            "observedCount": 1,
            "observedInterval": "01:00:00",
            "percentComplete": 100.0,
            "percentCoverage": 100.0,
            "datetimeFrom": {
                "utc": "2018-08-20T18:00:00Z",
                "local": "2018-08-20T11:00:00-07:00"
            },
            "datetimeTo": {
                "utc": "2018-08-20T19:00:00Z",
                "local": "2018-08-20T12:00:00-07:00"
            }
        }
    }
]