[
    {
        "value": 22.0,
        "flagInfo": {
            "hasFlags": false
        },
        "parameter": {
            "id": 2,
            "name": "pm25",
            "units": "\u00b5g/m\u00b3",
            "displayName": null
        },
        "period": {
            "label": "raw",
            "interval": "01:00:00",
            "datetimeFrom": {
                "utc": "2017-10-31T18:00:00Z",
                "local": "2017-10-31T11:00:00-07:00"
            },
            "datetimeTo": {
                "utc": "2017-10-31T19:00:00Z",
                "local": "2017-10-31T12:00:00-07:00"
            }
        },
        "coordinates": null,
        "summary": null,
        "coverage": {
            "expectedCount": 1,
            "expectedInterval": "01:00:00",
            "observedCount": 1,
            "observedInterval": "01:00:00",
            "percentComplete": 100.0,
            "percentCoverage": 100.0,
            "datetimeFrom": {
                "utc": "2017-10-31T18:00:00Z",
                "local": "2017-10-31T11:00:00-07:00"
            },
            "datetimeTo": {
                "utc": "2017-10-31T19:00:00Z",
                "local": "2017-10-31T12:00:00-07:00"
            }
        }
    },
    {
        "value": 13.0,
        "flagInfo": {
            "hasFlags": false
        },
        "parameter": {
            "id": 2,
            "name": "pm25",
            "units": "\u00b5g/m\u00b3",
            "displayName": null
        },
        "period": {
            "label": "raw",
            "interval": "01:00:00",
            "datetimeFrom": {
                "utc": "2017-10-31T20:00:00Z",
                "local": "2017-10-31T13:00:00-07:00"
            },
            "datetimeTo": {
                "utc": "2017-10-31T21:00:00Z",
                "local": "2017-10-31T14:00:00-07:00"
            }
        },
        "coordinates": null,
        "summary": null,
        "coverage": {
            "expectedCount": 1,
            "expectedInterval": "01:00:00",
            "observedCount": 1,
            "observedInterval": "01:00:00",
            "percentComplete": 100.0,
            "percentCoverage": 100.0,
            "datetimeFrom": {
                "utc": "2017-10-31T20:00:00Z",
                "local": "2017-10-31T13:00:00-07:00"
            },
            "datetimeTo": {
                "utc": "2017-10-31T21:00:00Z",
                "local": "2017-10-31T14:00:00-07:00"
            }
        }
    },
    {
        "value": 19.0,
        "flagInfo": {
            "hasFlags": false
        },
        "parameter": {
            "id": 2,
            "name": "pm25",
            "units": "\u00b5g/m\u00b3",
            "displayName": null
        },
        "period": {
            "label": "raw",
            "interval": "01:00:00",
            "datetimeFrom": {
                "utc": "2017-11-03T07:00:00Z",
                "local": "2017-11-03T00:00:00-07:00"
            },
            "datetimeTo": {
                "utc": "2017-11-03T08:00:00Z",
                "local": "2017-11-03T01:00:00-07:00"
            }
        },
        "coordinates": null,
        "summary": null,
        "coverage": {
            "expectedCount": 1,
            "expectedInterval": "01:00:00",
            "observedCount": 1,
            "observedInterval": "01:00:00",
            "percentComplete": 100.0,
            "percentCoverage": 100.0,
            "datetimeFrom": {
                "utc": "2017-11-03T07:00:00Z",
                "local": "2017-11-03T00:00:00-07:00"
            },
            "datetimeTo": {
                "utc": "2017-11-03T08:00:00Z",
                "local": "2017-11-03T01:00:00-07:00"
            }
        }
    },
    {
        "value": -3.0,
        "flagInfo": {
            "hasFlags": false
        },
        "parameter": {
            "id": 2,
            "name": "pm25",
            "units": "\u00b5g/m\u00b3",
            "displayName": null
        },
        "period": {
            "label": "raw",
            "interval": "01:00:00",
            "datetimeFrom": {
                "utc": "2017-11-09T00:00:00Z",
                "local": "2017-11-08T16:00:00-08:00"
            },
            "datetimeTo": {
                "utc": "2017-11-09T01:00:00Z",
                "local": "2017-11-08T17:00:00-08:00"
            }
        },
        "coordinates": null,
        "summary": null,
        "coverage": {
            "expectedCount": 1,
            "expectedInterval": "01:00:00",
            "observedCount": 1,
            "observedInterval": "01:00:00",
            "percentComplete": 100.0,
            "percentCoverage": 100.0,
            "datetimeFrom": {
                "utc": "2017-11-09T00:00:00Z",
                "local": "2017-11-08T16:00:00-08:00"
            },
            "datetimeTo": {
                "utc": "2017-11-09T01:00:00Z",
                "local": "2017-11-08T17:00:00-08:00"
            }
        }
    },
    {
        "value": 0.0,
        "flagInfo": {
            "hasFlags": false
        },
        "parameter": {
            "id": 2,
            "name": "pm25",
            "units": "\u00b5g/m\u00b3",
            "displayName": null
        },
        "period": {
            "label": "raw",
            "interval": "01:00:00",
            "datetimeFrom": {
                "utc": "2017-11-09T06:00:00Z",
                "local": "2017-11-08T22:00:00-08:00"
            },
            "datetimeTo": {
                "utc": "2017-11-09T07:00:00Z",
                "local": "2017-11-08T23:00:00-08:00"
            }
        },
        "coordinates": null,
        "summary": null,
        "coverage": {
            "expectedCount": 1,
            "expectedInterval": "01:00:00",
            "observedCount": 1,
            "observedInterval": "01:00:00",
            "percentComplete": 100.0,
            "percentCoverage": 100.0,
            "datetimeFrom": {
                "utc": "2017-11-09T06:00:00Z",
                "local": "2017-11-08T22:00:00-08:00"
            },
            "datetimeTo": {
                "utc": "2017-11-09T07:00:00Z",
                "local": "2017-11-08T23:00:00-08:00"
            }
        }
    },
    {
        "value": 0.0,
        "flagInfo": {
            "hasFlags": false
        },
        "parameter": {
            "id": 2,
            "name": "pm25",
            "units": "\u00b5g/m\u00b3",
            "displayName": null
        },
        "period": {
            "label": "raw",
            "interval": "01:00:00",
            "datetimeFrom": {
                "utc": "2017-11-12T06:00:00Z",
                "local": "2017-11-11T22:00:00-08:00"
            },
            "datetimeTo": {
                "utc": "2017-11-12T07:00:00Z",
                "local": "2017-11-11T23:00:00-08:00"
            }
        },
        "coordinates": null,
        "summary": null,
        "coverage": {
            "expectedCount": 1,
            "expectedInterval": "01:00:00",
            "observedCount": 1,
            "observedInterval": "01:00:00",
            "percentComplete": 100.0,
            "percentCoverage": 100.0,
            "datetimeFrom": {
                "utc": "2017-11-12T06:00:00Z",
                "local": "2017-11-11T22:00:00-08:00"
            },
            "datetimeTo": {
                "utc": "2017-11-12T07:00:00Z",
                "local": "2017-11-11T23:00:00-08:00"
            }
        }
    },
    {
        "value": 2.0,
        "flagInfo": {
            "hasFlags": false
        },
        "parameter": {
            "id": 2,
            "name": "pm25",
            "units": "\u00b5g/m\u00b3",
            "displayName": null
        },
        "period": {
            "label": "raw",
            "interval": "01:00:00",
            "datetimeFrom": {
                "utc": "2017-11-12T07:00:00Z",
                "local": "2017-11-11T23:00:00-08:00"
            },
            "datetimeTo": {
                "utc": "2017-11-12T08:00:00Z",
                "local": "2017-11-12T00:00:00-08:00"
            }
        },
        "coordinates": null,
        "summary": null,
        "coverage": {
            "expectedCount": 1,
            "expectedInterval": "01:00:00",
            "observedCount": 1,
            "observedInterval": "01:00:00",
            "percentComplete": 100.0,
            "percentCoverage": 100.0,
            "datetimeFrom": {
                "utc": "2017-11-12T07:00:00Z",
                "local": "2017-11-11T23:00:00-08:00"
            },
            "datetimeTo": {
                "utc": "2017-11-12T08:00:00Z",
                "local": "2017-11-12T00:00:00-08:00"
            }
        }
    },
    {
        "value": 3.0,
        "flagInfo": {
            "hasFlags": false
        },
        "parameter": {
            "id": 2,
            "name": "pm25",
            "units": "\u00b5g/m\u00b3",
            "displayName": null
        },
        "period": {
            "label": "raw",
            "interval": "01:00:00",
            "datetimeFrom": {
                "utc": "2017-11-12T12:00:00Z",
                "local": "2017-11-12T04:00:00-08:00"
            },
            "datetimeTo": {
                "utc": "2017-11-12T13:00:00Z",
                "local": "2017-11-12T05:00:00-08:00"
            }
        },
        "coordinates": null,
        "summary": null,
        "coverage": {
            "expectedCount": 1,
            "expectedInterval": "01:00:00",
            "observedCount": 1,
            "observedInterval": "01:00:00",
            "percentComplete": 100.0,
            "percentCoverage": 100.0,
            "datetimeFrom": {
                "utc": "2017-11-12T12:00:00Z",
                "local": "2017-11-12T04:00:00-08:00"
            },
            "datetimeTo": {
                "utc": "2017-11-12T13:00:00Z",
                "local": "2017-11-12T05:00:00-08:00"
            }
        }
    },
    {
        "value": 1.0,
        "flagInfo": {
            "hasFlags": false
        },
        "parameter": {
            "id": 2,
            "name": "pm25",
            "units": "\u00b5g/m\u00b3",
            "displayName": null
        },
        "period": {
            "label": "raw",
            "interval": "01:00:00",
            "datetimeFrom": {
                "utc": "2017-11-12T16:00:00Z",
                "local": "2017-11-12T08:00:00-08:00"
            },
            "datetimeTo": {
                "utc": "2017-11-12T17:00:00Z",
                "local": "2017-11-12T09:00:00-08:00"
            }
        },
        "coordinates": null,
        "summary": null,
        "coverage": {
            "expectedCount": 1,
            "expectedInterval": "01:00:00",
            "observedCount": 1,
            "observedInterval": "01:00:00",
            "percentComplete": 100.0,
            "percentCoverage": 100.0,
            "datetimeFrom": {
                "utc": "2017-11-12T16:00:00Z",
                "local": "2017-11-12T08:00:00-08:00"
            },
            "datetimeTo": {
                "utc": "2017-11-12T17:00:00Z",
                "local": "2017-11-12T09:00:00-08:00"
            }
        }
    },
    {
        "value": 5.0,
        "flagInfo": {
            "hasFlags": false
        },
        "parameter": {
            "id": 2,
            "name": "pm25",
            "units": "\u00b5g/m\u00b3",
            "displayName": null
        },
        "period": {
            "label": "raw",
            "interval": "01:00:00",
            "datetimeFrom": {
                "utc": "2017-11-12T18:00:00Z",
                "local": "2017-11-12T10:00:00-08:00"
            },
            "datetimeTo": {
                "utc": "2017-11-12T19:00:00Z",
                "local": "2017-11-12T11:00:00-08:00"
            }
        },
        "coordinates": null,
        "summary": null,
        "coverage": {
            "expectedCount": 1,
            "expectedInterval": "01:00:00",
            "observedCount": 1,
            "observedInterval": "01:00:00",
            "percentComplete": 100.0,
            "percentCoverage": 100.0,
            "datetimeFrom": {
                "utc": "2017-11-12T18:00:00Z",
                "local": "2017-11-12T10:00:00-08:00"
            },
            "datetimeTo": {
                "utc": "2017-11-12T19:00:00Z",
                "local": "2017-11-12T11:00:00-08:00"
            }
        }
    },
    {
        "value": 10.0,
        "flagInfo": {
            "hasFlags": false
        },
        "parameter": {
            "id": 2,
            "name": "pm25",
            "units": "\u00b5g/m\u00b3",
            "displayName": null
        },
        "period": {
            "label": "raw",
            "interval": "01:00:00",
            "datetimeFrom": {
                "utc": "2017-11-17T05:00:00Z",
                "local": "2017-11-16T21:00:00-08:00"
            },
            "datetimeTo": {
                "utc": "2017-11-17T06:00:00Z",
                "local": "2017-11-16T22:00:00-08:00"
            }
        },
        "coordinates": null,
        "summary": null,
        "coverage": {
            "expectedCount": 1,
            "expectedInterval": "01:00:00",
            "observedCount": 1,
            "observedInterval": "01:00:00",
            "percentComplete": 100.0,
            "percentCoverage": 100.0,
            "datetimeFrom": {
                "utc": "2017-11-17T05:00:00Z",
                "local": "2017-11-16T21:00:00-08:00"
            },
            "datetimeTo": {
                "utc": "2017-11-17T06:00:00Z",
                "local": "2017-11-16T22:00:00-08:00"
            }
        }
    },
    {
        "value": -3.0,
        "flagInfo": {
            "hasFlags": false
        },
        "parameter": {
            "id": 2,
            "name": "pm25",
            "units": "\u00b5g/m\u00b3",
            "displayName": null
        },
        "period": {
            "label": "raw",
            "interval": "01:00:00",
            "datetimeFrom": {
                "utc": "2017-11-17T13:00:00Z",
                "local": "2017-11-17T05:00:00-08:00"
            },
            "datetimeTo": {
                "utc": "2017-11-17T14:00:00Z",
                "local": "2017-11-17T06:00:00-08:00"
            }
        },
        "coordinates": null,
        "summary": null,
        "coverage": {
            "expectedCount": 1,
            "expectedInterval": "01:00:00",
            "observedCount": 1,
            "observedInterval": "01:00:00",
            "percentComplete": 100.0,
            "percentCoverage": 100.0,
            "datetimeFrom": {
                "utc": "2017-11-17T13:00:00Z",
                "local": "2017-11-17T05:00:00-08:00"
            },
            "datetimeTo": {
                "utc": "2017-11-17T14:00:00Z",
                "local": "2017-11-17T06:00:00-08:00"
            }
        }
    },
    {
        "value": 2.0,
        "flagInfo": {
            "hasFlags": false
        },
        "parameter": {
            "id": 2,
            "name": "pm25",
            "units": "\u00b5g/m\u00b3",
            "displayName": null
        },
        "period": {
            "label": "raw",
            "interval": "01:00:00",
            "datetimeFrom": {
                "utc": "2017-11-17T16:00:00Z",
                "local": "2017-11-17T08:00:00-08:00"
            },
            "datetimeTo": {
                "utc": "2017-11-17T17:00:00Z",
                "local": "2017-11-17T09:00:00-08:00"
            }
        },
        "coordinates": null,
        "summary": null,
        "coverage": {
            "expectedCount": 1,
            "expectedInterval": "01:00:00",
            "observedCount": 1,
            "observedInterval": "01:00:00",
            "percentComplete": 100.0,
            "percentCoverage": 100.0,
            "datetimeFrom": {
                "utc": "2017-11-17T16:00:00Z",
                "local": "2017-11-17T08:00:00-08:00"
            },
            "datetimeTo": {
                "utc": "2017-11-17T17:00:00Z",
                "local": "2017-11-17T09:00:00-08:00"
            }
        }
    },
    {
        "value": -2.0,
        "flagInfo": {
            "hasFlags": false
        },
        "parameter": {
            "id": 2,
            "name": "pm25",
            "units": "\u00b5g/m\u00b3",
            "displayName": null
        },
        "period": {
            "label": "raw",
            "interval": "01:00:00",
            "datetimeFrom": {
                "utc": "2017-11-17T18:00:00Z",
                "local": "2017-11-17T10:00:00-08:00"
            },
            "datetimeTo": {
                "utc": "2017-11-17T19:00:00Z",
                "local": "2017-11-17T11:00:00-08:00"
            }
        },
        "coordinates": null,
        "summary": null,
        "coverage": {
            "expectedCount": 1,
            "expectedInterval": "01:00:00",
            "observedCount": 1,
            "observedInterval": "01:00:00",
            "percentComplete": 100.0,
            "percentCoverage": 100.0,
            "datetimeFrom": {
                "utc": "2017-11-17T18:00:00Z",
                "local": "2017-11-17T10:00:00-08:00"
            },
            "datetimeTo": {
                "utc": "2017-11-17T19:00:00Z",
                "local": "2017-11-17T11:00:00-08:00"
            }
        }
    },
    {
        "value": 12.0,
        "flagInfo": {
            "hasFlags": false
        },
        "parameter": {
            "id": 2,
            "name": "pm25",
            "units": "\u00b5g/m\u00b3",
            "displayName": null
        },
        "period": {
            "label": "raw",
            "interval": "01:00:00",
            "datetimeFrom": {
                "utc": "2017-11-17T21:00:00Z",
                "local": "2017-11-17T13:00:00-08:00"
            },
            "datetimeTo": {
                "utc": "2017-11-17T22:00:00Z",
                "local": "2017-11-17T14:00:00-08:00"
            }
        },
        "coordinates": null,
        "summary": null,
        "coverage": {
            "expectedCount": 1,
            "expectedInterval": "01:00:00",
            "observedCount": 1,
            "observedInterval": "01:00:00",
            "percentComplete": 100.0,
            "percentCoverage": 100.0,
            "datetimeFrom": {
                "utc": "2017-11-17T21:00:00Z",
                "local": "2017-11-17T13:00:00-08:00"
            },
            "datetimeTo": {
                "utc": "2017-11-17T22:00:00Z",
                "local": "2017-11-17T14:00:00-08:00"
            }
        }
    }
]