[
    {
        "value": 17.0,
        "flagInfo": {
            "hasFlags": false
        },
        "parameter": {
            "id": 2,
            "name": "pm25",
            "units": "\u00b5g/m\u00b3",
            "displayName": null
        },
        "period": {
            "label": "raw",
            "interval": "01:00:00",
            "datetimeFrom": {
                "utc": "2018-08-19T20:00:00Z",
                "local": "2018-08-19T13:00:00-07:00"
            },
            "datetimeTo": {
                "utc": "2018-08-19T21:00:00Z",
                "local": "2018-08-19T14:00:00-07:00"
            }
        },
        "coordinates": null,
        "summary": null,
        "coverage": {
            "expectedCount": 1,
            "expectedInterval": "01:00:00",
            "observedCount": 1,
            "observedInterval": "01:00:00",
            "percentComplete": 100.0,
            "percentCoverage": 100.0,
            "datetimeFrom": {
                "utc": "2018-08-19T20:00:00Z",
                "local": "2018-08-19T13:00:00-07:00"
            },
            "datetimeTo": {
                "utc": "2018-08-19T21:00:00Z",
                "local": "2018-08-19T14:00:00-07:00"
            }
        }
    },
    {
        "value": 33.0,
        "flagInfo": {
            "hasFlags": false
        },
        "parameter": {
            "id": 2,
            "name": "pm25",
            "units": "\u00b5g/m\u00b3",
            "displayName": null
        },
        "period": {
            "label": "raw",
            "interval": "01:00:00",
            "datetimeFrom": {
                "utc": "2018-08-19T22:00:00Z",
                "local": "2018-08-19T15:00:00-07:00"
            },
            "datetimeTo": {
                "utc": "2018-08-19T23:00:00Z",
                "local": "2018-08-19T16:00:00-07:00"
            }
        },
        "coordinates": null,
        "summary": null,
        "coverage": {
            "expectedCount": 1,
            "expectedInterval": "01:00:00",
            "observedCount": 1,
            "observedInterval": "01:00:00",
            "percentComplete": 100.0,
            "percentCoverage": 100.0,
            "datetimeFrom": {
                "utc": "2018-08-19T22:00:00Z",
                "local": "2018-08-19T15:00:00-07:00"
            },
            "datetimeTo": {
                "utc": "2018-08-19T23:00:00Z",
                "local": "2018-08-19T16:00:00-07:00"
            }
        }
    },
    {
        "value": 28.0,
        "flagInfo": {
            "hasFlags": false
        },
        "parameter": {
            "id": 2,
            "name": "pm25",
            "units": "\u00b5g/m\u00b3",
            "displayName": null
        },
        "period": {
            "label": "raw",
            "interval": "01:00:00",
            "datetimeFrom": {
                "utc": "2018-08-19T23:00:00Z",
                "local": "2018-08-19T16:00:00-07:00"
            },
            "datetimeTo": {
                "utc": "2018-08-20T00:00:00Z",
                "local": "2018-08-19T17:00:00-07:00"
            }
        },
        "coordinates": null,
        "summary": null,
        "coverage": {
            "expectedCount": 1,
            "expectedInterval": "01:00:00",
            "observedCount": 1,
            "observedInterval": "01:00:00",
            "percentComplete": 100.0,
            "percentCoverage": 100.0,
            "datetimeFrom": {
                "utc": "2018-08-19T23:00:00Z",
                "local": "2018-08-19T16:00:00-07:00"
            },
            "datetimeTo": {
                "utc": "2018-08-20T00:00:00Z",
                "local": "2018-08-19T17:00:00-07:00"
            }
        }
    },
    {
        "value": 11.0,
        "flagInfo": {
            "hasFlags": false
        },
        "parameter": {
            "id": 2,
            "name": "pm25",
            "units": "\u00b5g/m\u00b3",
            "displayName": null
        },
        "period": {
            "label": "raw",
            "interval": "01:00:00",
            "datetimeFrom": {
                "utc": "2018-08-20T00:00:00Z",
                "local": "2018-08-19T17:00:00-07:00"
            },
            "datetimeTo": {
                "utc": "2018-08-20T01:00:00Z",
                "local": "2018-08-19T18:00:00-07:00"
            }
        },
        "coordinates": null,
        "summary": null,
        "coverage": {
            "expectedCount": 1,
            "expectedInterval": "01:00:00",
            "observedCount": 1,
            "observedInterval": "01:00:00",
            "percentComplete": 100.0,
            "percentCoverage": 100.0,
            "datetimeFrom": {
                "utc": "2018-08-20T00:00:00Z",
                "local": "2018-08-19T17:00:00-07:00"
            },
            "datetimeTo": {
                "utc": "2018-08-20T01:00:00Z",
                "local": "2018-08-19T18:00:00-07:00"
            }
        }
    },
    {
        "value": 20.0,
        "flagInfo": {
            "hasFlags": false
        },
        "parameter": {
            "id": 2,
            "name": "pm25",
            "units": "\u00b5g/m\u00b3",
            "displayName": null
        },
        "period": {
            "label": "raw",
            "interval": "01:00:00",
            "datetimeFrom": {
                "utc": "2018-08-20T01:00:00Z",
                "local": "2018-08-19T18:00:00-07:00"
            },
            "datetimeTo": {
                "utc": "2018-08-20T02:00:00Z",
                "local": "2018-08-19T19:00:00-07:00"
            }
        },
        "coordinates": null,
        "summary": null,
        "coverage": {
            "expectedCount": 1,
            "expectedInterval": "01:00:00",
            "observedCount": 1,
            "observedInterval": "01:00:00",
            "percentComplete": 100.0,
            "percentCoverage": 100.0,
            "datetimeFrom": {
                "utc": "2018-08-20T01:00:00Z",
                "local": "2018-08-19T18:00:00-07:00"
            },
            "datetimeTo": {
                "utc": "2018-08-20T02:00:00Z",
                "local": "2018-08-19T19:00:00-07:00"
            }
        }
    },
    {
        "value": 1.0,
        "flagInfo": {
            "hasFlags": false
        },
        "parameter": {
            "id": 2,
            "name": "pm25",
            "units": "\u00b5g/m\u00b3",
            "displayName": null
        },
        "period": {
            "label": "raw",
            "interval": "01:00:00",
            "datetimeFrom": {
                "utc": "2018-08-20T02:00:00Z",
                "local": "2018-08-19T19:00:00-07:00"
            },
            "datetimeTo": {
                "utc": "2018-08-20T03:00:00Z",
                "local": "2018-08-19T20:00:00-07:00"
            }
        },
        "coordinates": null,
        "summary": null,
        "coverage": {
            "expectedCount": 1,
            "expectedInterval": "01:00:00",
            "observedCount": 1,
            "observedInterval": "01:00:00",
            "percentComplete": 100.0,
            "percentCoverage": 100.0,
            "datetimeFrom": {
                "utc": "2018-08-20T02:00:00Z",
                "local": "2018-08-19T19:00:00-07:00"
            },
            "datetimeTo": {
                "utc": "2018-08-20T03:00:00Z",
                "local": "2018-08-19T20:00:00-07:00"
            }
        }
    },
    {
        "value": 20.0,
        "flagInfo": {
            "hasFlags": false
        },
        "parameter": {
            "id": 2,
            "name": "pm25",
            "units": "\u00b5g/m\u00b3",
            "displayName": null
        },
        "period": {
            "label": "raw",
            "interval": "01:00:00",
            "datetimeFrom": {
                "utc": "2018-08-20T03:00:00Z",
                "local": "2018-08-19T20:00:00-07:00"
            },
            "datetimeTo": {
                "utc": "2018-08-20T04:00:00Z",
                "local": "2018-08-19T21:00:00-07:00"
            }
        },
        "coordinates": null,
        "summary": null,
        "coverage": {
            "expectedCount": 1,
            "expectedInterval": "01:00:00",
            "observedCount": 1,
            "observedInterval": "01:00:00",
            "percentComplete": 100.0,
            "percentCoverage": 100.0,
            "datetimeFrom": {
                "utc": "2018-08-20T03:00:00Z",
                "local": "2018-08-19T20:00:00-07:00"
            },
            "datetimeTo": {
                "utc": "2018-08-20T04:00:00Z",
                "local": "2018-08-19T21:00:00-07:00"
            }
        }
    },
    {
        "value": 17.0,
        "flagInfo": {
            "hasFlags": false
        },
        "parameter": {
            "id": 2,
            "name": "pm25",
            "units": "\u00b5g/m\u00b3",
            "displayName": null
        },
        "period": {
            "label": "raw",
            "interval": "01:00:00",
            "datetimeFrom": {
                "utc": "2018-08-20T04:00:00Z",
                "local": "2018-08-19T21:00:00-07:00"
            },
            "datetimeTo": {
                "utc": "2018-08-20T05:00:00Z",
                "local": "2018-08-19T22:00:00-07:00"
            }
        },
        "coordinates": null,
        "summary": null,
        "coverage": {
            "expectedCount": 1,
            "expectedInterval": "01:00:00",
            "observedCount": 1,
            "observedInterval": "01:00:00",
            "percentComplete": 100.0,
            "percentCoverage": 100.0,
            "datetimeFrom": {
                "utc": "2018-08-20T04:00:00Z",
                "local": "2018-08-19T21:00:00-07:00"
            },
            "datetimeTo": {
                "utc": "2018-08-20T05:00:00Z",
                "local": "2018-08-19T22:00:00-07:00"
            }
        }
    },
    {
        "value": 32.0,
        "flagInfo": {
            "hasFlags": false
        },
        "parameter": {
            "id": 2,
            "name": "pm25",
            "units": "\u00b5g/m\u00b3",
            "displayName": null
        },
        "period": {
            "label": "raw",
            "interval": "01:00:00",
            "datetimeFrom": {
                "utc": "2018-08-20T05:00:00Z",
                "local": "2018-08-19T22:00:00-07:00"
            },
            "datetimeTo": {
                "utc": "2018-08-20T06:00:00Z",
                "local": "2018-08-19T23:00:00-07:00"
            }
        },
        "coordinates": null,
        "summary": null,
        "coverage": {
            "expectedCount": 1,
            "expectedInterval": "01:00:00",
            "observedCount": 1,
            "observedInterval": "01:00:00",
            "percentComplete": 100.0,
            "percentCoverage": 100.0,
            "datetimeFrom": {
                "utc": "2018-08-20T05:00:00Z",
                "local": "2018-08-19T22:00:00-07:00"
            },
            "datetimeTo": {
                "utc": "2018-08-20T06:00:00Z",
                "local": "2018-08-19T23:00:00-07:00"
            }
        }
    },
    {
        "value": 29.0,
        "flagInfo": {
            "hasFlags": false
        },
        "parameter": {
            "id": 2,
            "name": "pm25",
            "units": "\u00b5g/m\u00b3",
            "displayName": null
        },
        "period": {
            "label": "raw",
            "interval": "01:00:00",
            "datetimeFrom": {
                "utc": "2018-08-20T06:00:00Z",
                "local": "2018-08-19T23:00:00-07:00"
            },
            "datetimeTo": {
                "utc": "2018-08-20T07:00:00Z",
                "local": "2018-08-20T00:00:00-07:00"
            }
        },
        "coordinates": null,
        "summary": null,
        "coverage": {
            "expectedCount": 1,
            "expectedInterval": "01:00:00",
            "observedCount": 1,
            "observedInterval": "01:00:00",
            "percentComplete": 100.0,
            "percentCoverage": 100.0,
            "datetimeFrom": {
                "utc": "2018-08-20T06:00:00Z",
                "local": "2018-08-19T23:00:00-07:00"
            },
            "datetimeTo": {
                "utc": "2018-08-20T07:00:00Z",
                "local": "2018-08-20T00:00:00-07:00"
            }
        }
    },
    {
        "value": 8.0,
        "flagInfo": {
            "hasFlags": false
        },
        "parameter": {
            "id": 2,
            "name": "pm25",
            "units": "\u00b5g/m\u00b3",
            "displayName": null
        },
        "period": {
            "label": "raw",
            "interval": "01:00:00",
            "datetimeFrom": {
                "utc": "2018-09-07T06:00:00Z",
                "local": "2018-09-06T23:00:00-07:00"
            },
            "datetimeTo": {
                "utc": "2018-09-07T07:00:00Z",
                "local": "2018-09-07T00:00:00-07:00"
            }
        },
        "coordinates": null,
        "summary": null,
        "coverage": {
            "expectedCount": 1,
            "expectedInterval": "01:00:00",
            "observedCount": 1,
            "observedInterval": "01:00:00",
            "percentComplete": 100.0,
            "percentCoverage": 100.0,
            "datetimeFrom": {
                "utc": "2018-09-07T06:00:00Z",
                "local": "2018-09-06T23:00:00-07:00"
            },
            "datetimeTo": {
                "utc": "2018-09-07T07:00:00Z",
                "local": "2018-09-07T00:00:00-07:00"
            }
        }
    },
    {
        "value": 16.0,
        "flagInfo": {
            "hasFlags": false
        },
        "parameter": {
            "id": 2,
            "name": "pm25",
            "units": "\u00b5g/m\u00b3",
            "displayName": null
        },
        "period": {
            "label": "raw",
            "interval": "01:00:00",
            "datetimeFrom": {
                "utc": "2018-09-07T07:00:00Z",
                "local": "2018-09-07T00:00:00-07:00"
            },
            "datetimeTo": {
                "utc": "2018-09-07T08:00:00Z",
                "local": "2018-09-07T01:00:00-07:00"
            }
        },
        "coordinates": null,
        "summary": null,
        "coverage": {
            "expectedCount": 1,
            "expectedInterval": "01:00:00",
            "observedCount": 1,
            "observedInterval": "01:00:00",
            "percentComplete": 100.0,
            "percentCoverage": 100.0,
            "datetimeFrom": {
                "utc": "2018-09-07T07:00:00Z",
                "local": "2018-09-07T00:00:00-07:00"
            },
            "datetimeTo": {
                "utc": "2018-09-07T08:00:00Z",
                "local": "2018-09-07T01:00:00-07:00"
            }
        }
    },
    {
        "value": 21.0,
        "flagInfo": {
            "hasFlags": false
        },
        "parameter": {
            "id": 2,
            "name": "pm25",
            "units": "\u00b5g/m\u00b3",
            "displayName": null
        },
        "period": {
            "label": "raw",
            "interval": "01:00:00",
            "datetimeFrom": {
                "utc": "2018-09-07T08:00:00Z",
                "local": "2018-09-07T01:00:00-07:00"
            },
            "datetimeTo": {
                "utc": "2018-09-07T09:00:00Z",
                "local": "2018-09-07T02:00:00-07:00"
            }
        },
        "coordinates": null,
        "summary": null,
        "coverage": {
            "expectedCount": 1,
            "expectedInterval": "01:00:00",
            "observedCount": 1,
            "observedInterval": "01:00:00",
            "percentComplete": 100.0,
            "percentCoverage": 100.0,
            "datetimeFrom": {
                "utc": "2018-09-07T08:00:00Z",
                "local": "2018-09-07T01:00:00-07:00"
            },
            "datetimeTo": {
                "utc": "2018-09-07T09:00:00Z",
                "local": "2018-09-07T02:00:00-07:00"
            }
        }
    },
    {
        "value": 15.0,
        "flagInfo": {
            "hasFlags": false
        },
        "parameter": {
            "id": 2,
            "name": "pm25",
            "units": "\u00b5g/m\u00b3",
            "displayName": null
        },
        "period": {
            "label": "raw",
            "interval": "01:00:00",
            "datetimeFrom": {
                "utc": "2018-09-07T09:00:00Z",
                "local": "2018-09-07T02:00:00-07:00"
            },
            "datetimeTo": {
                "utc": "2018-09-07T10:00:00Z",
                "local": "2018-09-07T03:00:00-07:00"
            }
        },
        "coordinates": null,
        "summary": null,
        "coverage": {
            "expectedCount": 1,
            "expectedInterval": "01:00:00",
            "observedCount": 1,
            "observedInterval": "01:00:00",
            "percentComplete": 100.0,
            "percentCoverage": 100.0,
            "datetimeFrom": {
                "utc": "2018-09-07T09:00:00Z",
                "local": "2018-09-07T02:00:00-07:00"
            },
            "datetimeTo": {
                "utc": "2018-09-07T10:00:00Z",
                "local": "2018-09-07T03:00:00-07:00"
            }
        }
    },
    {
        "value": 8.0,
        "flagInfo": {
            "hasFlags": false
        },
        "parameter": {
            "id": 2,
            "name": "pm25",
            "units": "\u00b5g/m\u00b3",
            "displayName": null
        },
        "period": {
            "label": "raw",
            "interval": "01:00:00",
            "datetimeFrom": {
                "utc": "2018-09-07T10:00:00Z",
                "local": "2018-09-07T03:00:00-07:00"
            },
            "datetimeTo": {
                "utc": "2018-09-07T11:00:00Z",
                "local": "2018-09-07T04:00:00-07:00"
            }
        },
        "coordinates": null,
        "summary": null,
        "coverage": {
            "expectedCount": 1,
            "expectedInterval": "01:00:00",
            "observedCount": 1,
            "observedInterval": "01:00:00",
            "percentComplete": 100.0,
            "percentCoverage": 100.0,
            "datetimeFrom": {
                "utc": "2018-09-07T10:00:00Z",
                "local": "2018-09-07T03:00:00-07:00"
            },
            "datetimeTo": {
                "utc": "2018-09-07T11:00:00Z",
                "local": "2018-09-07T04:00:00-07:00"
            }
        }
    },
    {
        "value": 8.0,
        "flagInfo": {
            "hasFlags": false
        },
        "parameter": {
            "id": 2,
            "name": "pm25",
            "units": "\u00b5g/m\u00b3",
            "displayName": null
        },
        "period": {
            "label": "raw",
            "interval": "01:00:00",
            "datetimeFrom": {
                "utc": "2018-09-07T12:00:00Z",
                "local": "2018-09-07T05:00:00-07:00"
            },
            "datetimeTo": {
                "utc": "2018-09-07T13:00:00Z",
                "local": "2018-09-07T06:00:00-07:00"
            }
        },
        "coordinates": null,
        "summary": null,
        "coverage": {
            "expectedCount": 1,
            "expectedInterval": "01:00:00",
            "observedCount": 1,
            "observedInterval": "01:00:00",
            "percentComplete": 100.0,
            "percentCoverage": 100.0,
            "datetimeFrom": {
                "utc": "2018-09-07T12:00:00Z",
                "local": "2018-09-07T05:00:00-07:00"
            },
            "datetimeTo": {
                "utc": "2018-09-07T13:00:00Z",
                "local": "2018-09-07T06:00:00-07:00"
            }
        }
    },
    {
        "value": 22.0,
        "flagInfo": {
            "hasFlags": false
        },
        "parameter": {
            "id": 2,
            "name": "pm25",
            "units": "\u00b5g/m\u00b3",
            "displayName": null
        },
        "period": {
            "label": "raw",
            "interval": "01:00:00",
            "datetimeFrom": {
                "utc": "2018-09-07T13:00:00Z",
                "local": "2018-09-07T06:00:00-07:00"
            },
            "datetimeTo": {
                "utc": "2018-09-07T14:00:00Z",
                "local": "2018-09-07T07:00:00-07:00"
            }
        },
        "coordinates": null,
        "summary": null,
        "coverage": {
            "expectedCount": 1,
            "expectedInterval": "01:00:00",
            "observedCount": 1,
            "observedInterval": "01:00:00",
            "percentComplete": 100.0,
            "percentCoverage": 100.0,
            "datetimeFrom": {
                "utc": "2018-09-07T13:00:00Z",
                "local": "2018-09-07T06:00:00-07:00"
            },
            "datetimeTo": {
                "utc": "2018-09-07T14:00:00Z",
                "local": "2018-09-07T07:00:00-07:00"
            }
        }
    },
    {
        "value": 2.0,
        "flagInfo": {
            "hasFlags": false
        },
        "parameter": {
            "id": 2,
            "name": "pm25",
            "units": "\u00b5g/m\u00b3",
            "displayName": null
        },
        "period": {
            "label": "raw",
            "interval": "01:00:00",
            "datetimeFrom": {
                "utc": "2018-09-07T14:00:00Z",
                "local": "2018-09-07T07:00:00-07:00"
            },
            "datetimeTo": {
                "utc": "2018-09-07T15:00:00Z",
                "local": "2018-09-07T08:00:00-07:00"
            }
        },
        "coordinates": null,
        "summary": null,
        "coverage": {
            "expectedCount": 1,
            "expectedInterval": "01:00:00",
            "observedCount": 1,
            "observedInterval": "01:00:00",
            "percentComplete": 100.0,
            "percentCoverage": 100.0,
            "datetimeFrom": {
                "utc": "2018-09-07T14:00:00Z",
                "local": "2018-09-07T07:00:00-07:00"
            },
            "datetimeTo": {
                "utc": "2018-09-07T15:00:00Z",
                "local": "2018-09-07T08:00:00-07:00"
            }
        }
    },
    {
        "value": 15.0,
        "flagInfo": {
            "hasFlags": false
        },
        "parameter": {
            "id": 2,
            "name": "pm25",
            "units": "\u00b5g/m\u00b3",
            "displayName": null
        },
        "period": {
            "label": "raw",
            "interval": "01:00:00",
            "datetimeFrom": {
                "utc": "2018-09-07T15:00:00Z",
                "local": "2018-09-07T08:00:00-07:00"
            },
            "datetimeTo": {
                "utc": "2018-09-07T16:00:00Z",
                "local": "2018-09-07T09:00:00-07:00"
            }
        },
        "coordinates": null,
        "summary": null,
        "coverage": {
            "expectedCount": 1,
            "expectedInterval": "01:00:00",
            "observedCount": 1,
            "observedInterval": "01:00:00",
            "percentComplete": 100.0,
            "percentCoverage": 100.0,
            "datetimeFrom": {
                "utc": "2018-09-07T15:00:00Z",
                "local": "2018-09-07T08:00:00-07:00"
            },
            "datetimeTo": {
                "utc": "2018-09-07T16:00:00Z",
                "local": "2018-09-07T09:00:00-07:00"
            }
        }
    },
    {
        "value": 23.0,
        "flagInfo": {
            "hasFlags": false
        },
        "parameter": {
            "id": 2,
            "name": "pm25",
            "units": "\u00b5g/m\u00b3",
            "displayName": null
        },
        "period": {
            "label": "raw",
            "interval": "01:00:00",
            "datetimeFrom": {
                "utc": "2018-09-07T16:00:00Z",
                "local": "2018-09-07T09:00:00-07:00"
            },
            "datetimeTo": {
                "utc": "2018-09-07T17:00:00Z",
                "local": "2018-09-07T10:00:00-07:00"
            }
        },
        "coordinates": null,
        "summary": null,
        "coverage": {
            "expectedCount": 1,
            "expectedInterval": "01:00:00",
            "observedCount": 1,
            "observedInterval": "01:00:00",
            "percentComplete": 100.0,
            "percentCoverage": 100.0,
            "datetimeFrom": {
                "utc": "2018-09-07T16:00:00Z",
                "local": "2018-09-07T09:00:00-07:00"
            },
            "datetimeTo": {
                "utc": "2018-09-07T17:00:00Z",
                "local": "2018-09-07T10:00:00-07:00"
            }
        }
    },
    {
        "value": 19.0,
        "flagInfo": {
            "hasFlags": false
        },
        "parameter": {
            "id": 2,
            "name": "pm25",
            "units": "\u00b5g/m\u00b3",
            "displayName": null
        },
        "period": {
            "label": "raw",
            "interval": "01:00:00",
            "datetimeFrom": {
                "utc": "2018-09-07T17:00:00Z",
                "local": "2018-09-07T10:00:00-07:00"
            },
            "datetimeTo": {
                "utc": "2018-09-07T18:00:00Z",
                "local": "2018-09-07T11:00:00-07:00"
            }
        },
        "coordinates": null,
        "summary": null,
        "coverage": {
            "expectedCount": 1,
            "expectedInterval": "01:00:00",
            "observedCount": 1,
            "observedInterval": "01:00:00",
            "percentComplete": 100.0,
            "percentCoverage": 100.0,
            "datetimeFrom": {
                "utc": "2018-09-07T17:00:00Z",
                "local": "2018-09-07T10:00:00-07:00"
            },
            "datetimeTo": {
                "utc": "2018-09-07T18:00:00Z",
                "local": "2018-09-07T11:00:00-07:00"
            }
        }
    }
]