[
    {
        "value": 0.0,
        "flagInfo": {
            "hasFlags": false
        },
        "parameter": {
            "id": 2,
            "name": "pm25",
            "units": "\u00b5g/m\u00b3",
            "displayName": null
        },
        "period": {
            "label": "raw",
            "interval": "01:00:00",
            "datetimeFrom": {
                "utc": "2017-10-04T22:00:00Z",
                "local": "2017-10-04T15:00:00-07:00"
            },
            "datetimeTo": {
                "utc": "2017-10-04T23:00:00Z",
                "local": "2017-10-04T16:00:00-07:00"
            }
        },
        "coordinates": null,
        "summary": null,
        "coverage": {
            "expectedCount": 1,
            "expectedInterval": "01:00:00",
            "observedCount": 1,
            "observedInterval": "01:00:00",
            "percentComplete": 100.0,
            "percentCoverage": 100.0,
            "datetimeFrom": {
                "utc": "2017-10-04T22:00:00Z",
                "local": "2017-10-04T15:00:00-07:00"
            },
            "datetimeTo": {
                "utc": "2017-10-04T23:00:00Z",
                "local": "2017-10-04T16:00:00-07:00"
            }
        }
    },
    {
        "value": 0.0,
        "flagInfo": {
            "hasFlags": false
        },
        "parameter": {
            "id": 2,
            "name": "pm25",
            "units": "\u00b5g/m\u00b3",
            "displayName": null
        },
        "period": {
            "label": "raw",
            "interval": "01:00:00",
            "datetimeFrom": {
                "utc": "2017-10-05T03:00:00Z",
                "local": "2017-10-04T20:00:00-07:00"
            },
            "datetimeTo": {
                "utc": "2017-10-05T04:00:00Z",
                "local": "2017-10-04T21:00:00-07:00"
            }
        },
        "coordinates": null,
        "summary": null,
        "coverage": {
            "expectedCount": 1,
            "expectedInterval": "01:00:00",
            "observedCount": 1,
            "observedInterval": "01:00:00",
            "percentComplete": 100.0,
            "percentCoverage": 100.0,
            "datetimeFrom": {
                "utc": "2017-10-05T03:00:00Z",
                "local": "2017-10-04T20:00:00-07:00"
            },
            "datetimeTo": {
                "utc": "2017-10-05T04:00:00Z",
                "local": "2017-10-04T21:00:00-07:00"
            }
        }
    },
    {
        "value": 0.0,
        "flagInfo": {
            "hasFlags": false
        },
        "parameter": {
            "id": 2,
            "name": "pm25",
            "units": "\u00b5g/m\u00b3",
            "displayName": null
        },
        "period": {
            "label": "raw",
            "interval": "01:00:00",
            "datetimeFrom": {
                "utc": "2017-10-05T04:00:00Z",
                "local": "2017-10-04T21:00:00-07:00"
            },
            "datetimeTo": {
                "utc": "2017-10-05T05:00:00Z",
                "local": "2017-10-04T22:00:00-07:00"
            }
        },
        "coordinates": null,
        "summary": null,
        "coverage": {
            "expectedCount": 1,
            "expectedInterval": "01:00:00",
            "observedCount": 1,
            "observedInterval": "01:00:00",
            "percentComplete": 100.0,
            "percentCoverage": 100.0,
            "datetimeFrom": {
                "utc": "2017-10-05T04:00:00Z",
                "local": "2017-10-04T21:00:00-07:00"
            },
            "datetimeTo": {
                "utc": "2017-10-05T05:00:00Z",
                "local": "2017-10-04T22:00:00-07:00"
            }
        }
    },
    {
        "value": 0.0,
        "flagInfo": {
            "hasFlags": false
        },
        "parameter": {
            "id": 2,
            "name": "pm25",
            "units": "\u00b5g/m\u00b3",
            "displayName": null
        },
        "period": {
            "label": "raw",
            "interval": "01:00:00",
            "datetimeFrom": {
                "utc": "2017-10-05T11:00:00Z",
                "local": "2017-10-05T04:00:00-07:00"
            },
            "datetimeTo": {
                "utc": "2017-10-05T12:00:00Z",
                "local": "2017-10-05T05:00:00-07:00"
            }
        },
        "coordinates": null,
        "summary": null,
        "coverage": {
            "expectedCount": 1,
            "expectedInterval": "01:00:00",
            "observedCount": 1,
            "observedInterval": "01:00:00",
            "percentComplete": 100.0,
            "percentCoverage": 100.0,
            "datetimeFrom": {
                "utc": "2017-10-05T11:00:00Z",
                "local": "2017-10-05T04:00:00-07:00"
            },
            "datetimeTo": {
                "utc": "2017-10-05T12:00:00Z",
                "local": "2017-10-05T05:00:00-07:00"
            }
        }
    },
    {
        "value": 0.0,
        "flagInfo": {
            "hasFlags": false
        },
        "parameter": {
            "id": 2,
            "name": "pm25",
            "units": "\u00b5g/m\u00b3",
            "displayName": null
        },
        "period": {
            "label": "raw",
            "interval": "01:00:00",
            "datetimeFrom": {
                "utc": "2017-10-05T13:00:00Z",
                "local": "2017-10-05T06:00:00-07:00"
            },
            "datetimeTo": {
                "utc": "2017-10-05T14:00:00Z",
                "local": "2017-10-05T07:00:00-07:00"
            }
        },
        "coordinates": null,
        "summary": null,
        "coverage": {
            "expectedCount": 1,
            "expectedInterval": "01:00:00",
            "observedCount": 1,
            "observedInterval": "01:00:00",
            "percentComplete": 100.0,
            "percentCoverage": 100.0,
            "datetimeFrom": {
                "utc": "2017-10-05T13:00:00Z",
                "local": "2017-10-05T06:00:00-07:00"
            },
            "datetimeTo": {
                "utc": "2017-10-05T14:00:00Z",
                "local": "2017-10-05T07:00:00-07:00"
            }
        }
    },
    {
        "value": 0.0,
        "flagInfo": {
            "hasFlags": false
        },
        "parameter": {
            "id": 2,
            "name": "pm25",
            "units": "\u00b5g/m\u00b3",
            "displayName": null
        },
        "period": {
            "label": "raw",
            "interval": "01:00:00",
            "datetimeFrom": {
                "utc": "2017-10-05T23:00:00Z",
                "local": "2017-10-05T16:00:00-07:00"
            },
            "datetimeTo": {
                "utc": "2017-10-06T00:00:00Z",
                "local": "2017-10-05T17:00:00-07:00"
            }
        },
        "coordinates": null,
        "summary": null,
        "coverage": {
            "expectedCount": 1,
            "expectedInterval": "01:00:00",
            "observedCount": 1,
            "observedInterval": "01:00:00",
            "percentComplete": 100.0,
            "percentCoverage": 100.0,
            "datetimeFrom": {
                "utc": "2017-10-05T23:00:00Z",
                "local": "2017-10-05T16:00:00-07:00"
            },
            "datetimeTo": {
                "utc": "2017-10-06T00:00:00Z",
                "local": "2017-10-05T17:00:00-07:00"
            }
        }
    },
    {
        "value": 0.0,
        "flagInfo": {
            "hasFlags": false
        },
        "parameter": {
            "id": 2,
            "name": "pm25",
            "units": "\u00b5g/m\u00b3",
            "displayName": null
        },
        "period": {
            "label": "raw",
            "interval": "01:00:00",
            "datetimeFrom": {
                "utc": "2017-10-06T00:00:00Z",
                "local": "2017-10-05T17:00:00-07:00"
            },
            "datetimeTo": {
                "utc": "2017-10-06T01:00:00Z",
                "local": "2017-10-05T18:00:00-07:00"
            }
        },
        "coordinates": null,
        "summary": null,
        "coverage": {
            "expectedCount": 1,
            "expectedInterval": "01:00:00",
            "observedCount": 1,
            "observedInterval": "01:00:00",
            "percentComplete": 100.0,
            "percentCoverage": 100.0,
            "datetimeFrom": {
                "utc": "2017-10-06T00:00:00Z",
                "local": "2017-10-05T17:00:00-07:00"
            },
            "datetimeTo": {
                "utc": "2017-10-06T01:00:00Z",
                "local": "2017-10-05T18:00:00-07:00"
            }
        }
    },
    {
        "value": 0.0,
        "flagInfo": {
            "hasFlags": false
        },
        "parameter": {
            "id": 2,
            "name": "pm25",
            "units": "\u00b5g/m\u00b3",
            "displayName": null
        },
        "period": {
            "label": "raw",
            "interval": "01:00:00",
            "datetimeFrom": {
                "utc": "2017-10-06T01:00:00Z",
                "local": "2017-10-05T18:00:00-07:00"
            },
            "datetimeTo": {
                "utc": "2017-10-06T02:00:00Z",
                "local": "2017-10-05T19:00:00-07:00"
            }
        },
        "coordinates": null,
        "summary": null,
        "coverage": {
            "expectedCount": 1,
            "expectedInterval": "01:00:00",
            "observedCount": 1,
            "observedInterval": "01:00:00",
            "percentComplete": 100.0,
            "percentCoverage": 100.0,
            "datetimeFrom": {
                "utc": "2017-10-06T01:00:00Z",
                "local": "2017-10-05T18:00:00-07:00"
            },
            "datetimeTo": {
                "utc": "2017-10-06T02:00:00Z",
                "local": "2017-10-05T19:00:00-07:00"
            }
        }
    },
    {
        "value": 0.0,
        "flagInfo": {
            "hasFlags": false
        },
        "parameter": {
            "id": 2,
            "name": "pm25",
            "units": "\u00b5g/m\u00b3",
            "displayName": null
        },
        "period": {
            "label": "raw",
            "interval": "01:00:00",
            "datetimeFrom": {
                "utc": "2017-10-06T02:00:00Z",
                "local": "2017-10-05T19:00:00-07:00"
            },
            "datetimeTo": {
                "utc": "2017-10-06T03:00:00Z",
                "local": "2017-10-05T20:00:00-07:00"
            }
        },
        "coordinates": null,
        "summary": null,
        "coverage": {
            "expectedCount": 1,
            "expectedInterval": "01:00:00",
            "observedCount": 1,
            "observedInterval": "01:00:00",
            "percentComplete": 100.0,
            "percentCoverage": 100.0,
            "datetimeFrom": {
                "utc": "2017-10-06T02:00:00Z",
                "local": "2017-10-05T19:00:00-07:00"
            },
            "datetimeTo": {
                "utc": "2017-10-06T03:00:00Z",
                "local": "2017-10-05T20:00:00-07:00"
            }
        }
    },
    {
        "value": 0.0,
        "flagInfo": {
            "hasFlags": false
        },
        "parameter": {
            "id": 2,
            "name": "pm25",
            "units": "\u00b5g/m\u00b3",
            "displayName": null
        },
        "period": {
            "label": "raw",
            "interval": "01:00:00",
            "datetimeFrom": {
                "utc": "2017-10-06T03:00:00Z",
                "local": "2017-10-05T20:00:00-07:00"
            },
            "datetimeTo": {
                "utc": "2017-10-06T04:00:00Z",
                "local": "2017-10-05T21:00:00-07:00"
            }
        },
        "coordinates": null,
        "summary": null,
        "coverage": {
            "expectedCount": 1,
            "expectedInterval": "01:00:00",
            "observedCount": 1,
            "observedInterval": "01:00:00",
            "percentComplete": 100.0,
            "percentCoverage": 100.0,
            "datetimeFrom": {
                "utc": "2017-10-06T03:00:00Z",
                "local": "2017-10-05T20:00:00-07:00"
            },
            "datetimeTo": {
                "utc": "2017-10-06T04:00:00Z",
                "local": "2017-10-05T21:00:00-07:00"
            }
        }
    },
    {
        "value": 0.0,
        "flagInfo": {
            "hasFlags": false
        },
        "parameter": {
            "id": 2,
            "name": "pm25",
            "units": "\u00b5g/m\u00b3",
            "displayName": null
        },
        "period": {
            "label": "raw",
            "interval": "01:00:00",
            "datetimeFrom": {
                "utc": "2017-10-06T05:00:00Z",
                "local": "2017-10-05T22:00:00-07:00"
            },
            "datetimeTo": {
                "utc": "2017-10-06T06:00:00Z",
                "local": "2017-10-05T23:00:00-07:00"
            }
        },
        "coordinates": null,
        "summary": null,
        "coverage": {
            "expectedCount": 1,
            "expectedInterval": "01:00:00",
            "observedCount": 1,
            "observedInterval": "01:00:00",
            "percentComplete": 100.0,
            "percentCoverage": 100.0,
            "datetimeFrom": {
                "utc": "2017-10-06T05:00:00Z",
                "local": "2017-10-05T22:00:00-07:00"
            },
            "datetimeTo": {
                "utc": "2017-10-06T06:00:00Z",
                "local": "2017-10-05T23:00:00-07:00"
            }
        }
    },
    {
        "value": 0.0,
        "flagInfo": {
            "hasFlags": false
        },
        "parameter": {
            "id": 2,
            "name": "pm25",
            "units": "\u00b5g/m\u00b3",
            "displayName": null
        },
        "period": {
            "label": "raw",
            "interval": "01:00:00",
            "datetimeFrom": {
                "utc": "2017-10-06T07:00:00Z",
                "local": "2017-10-06T00:00:00-07:00"
            },
            "datetimeTo": {
                "utc": "2017-10-06T08:00:00Z",
                "local": "2017-10-06T01:00:00-07:00"
            }
        },
        "coordinates": null,
        "summary": null,
        "coverage": {
            "expectedCount": 1,
            "expectedInterval": "01:00:00",
            "observedCount": 1,
            "observedInterval": "01:00:00",
            "percentComplete": 100.0,
            "percentCoverage": 100.0,
            "datetimeFrom": {
                "utc": "2017-10-06T07:00:00Z",
                "local": "2017-10-06T00:00:00-07:00"
            },
            "datetimeTo": {
                "utc": "2017-10-06T08:00:00Z",
                "local": "2017-10-06T01:00:00-07:00"
            }
        }
    },
    {
        "value": 0.0,
        "flagInfo": {
            "hasFlags": false
        },
        "parameter": {
            "id": 2,
            "name": "pm25",
            "units": "\u00b5g/m\u00b3",
            "displayName": null
        },
        "period": {
            "label": "raw",
            "interval": "01:00:00",
            "datetimeFrom": {
                "utc": "2017-10-06T11:00:00Z",
                "local": "2017-10-06T04:00:00-07:00"
            },
            "datetimeTo": {
                "utc": "2017-10-06T12:00:00Z",
                "local": "2017-10-06T05:00:00-07:00"
            }
        },
        "coordinates": null,
        "summary": null,
        "coverage": {
            "expectedCount": 1,
            "expectedInterval": "01:00:00",
            "observedCount": 1,
            "observedInterval": "01:00:00",
            "percentComplete": 100.0,
            "percentCoverage": 100.0,
            "datetimeFrom": {
                "utc": "2017-10-06T11:00:00Z",
                "local": "2017-10-06T04:00:00-07:00"
            },
            "datetimeTo": {
                "utc": "2017-10-06T12:00:00Z",
                "local": "2017-10-06T05:00:00-07:00"
            }
        }
    },
    {
        "value": 0.0,
        "flagInfo": {
            "hasFlags": false
        },
        "parameter": {
            "id": 2,
            "name": "pm25",
            "units": "\u00b5g/m\u00b3",
            "displayName": null
        },
        "period": {
            "label": "raw",
            "interval": "01:00:00",
            "datetimeFrom": {
                "utc": "2017-10-06T12:00:00Z",
                "local": "2017-10-06T05:00:00-07:00"
            },
            "datetimeTo": {
                "utc": "2017-10-06T13:00:00Z",
                "local": "2017-10-06T06:00:00-07:00"
            }
        },
        "coordinates": null,
        "summary": null,
        "coverage": {
            "expectedCount": 1,
            "expectedInterval": "01:00:00",
            "observedCount": 1,
            "observedInterval": "01:00:00",
            "percentComplete": 100.0,
            "percentCoverage": 100.0,
            "datetimeFrom": {
                "utc": "2017-10-06T12:00:00Z",
                "local": "2017-10-06T05:00:00-07:00"
            },
            "datetimeTo": {
                "utc": "2017-10-06T13:00:00Z",
                "local": "2017-10-06T06:00:00-07:00"
            }
        }
    },
    {
        "value": 0.0,
        "flagInfo": {
            "hasFlags": false
        },
        "parameter": {
            "id": 2,
            "name": "pm25",
            "units": "\u00b5g/m\u00b3",
            "displayName": null
        },
        "period": {
            "label": "raw",
            "interval": "01:00:00",
            "datetimeFrom": {
                "utc": "2017-10-06T14:00:00Z",
                "local": "2017-10-06T07:00:00-07:00"
            },
            "datetimeTo": {
                "utc": "2017-10-06T15:00:00Z",
                "local": "2017-10-06T08:00:00-07:00"
            }
        },
        "coordinates": null,
        "summary": null,
        "coverage": {
            "expectedCount": 1,
            "expectedInterval": "01:00:00",
            "observedCount": 1,
            "observedInterval": "01:00:00",
            "percentComplete": 100.0,
            "percentCoverage": 100.0,
            "datetimeFrom": {
                "utc": "2017-10-06T14:00:00Z",
                "local": "2017-10-06T07:00:00-07:00"
            },
            "datetimeTo": {
                "utc": "2017-10-06T15:00:00Z",
                "local": "2017-10-06T08:00:00-07:00"
            }
        }
    },
    {
        "value": 0.0,
        "flagInfo": {
            "hasFlags": false
        },
        "parameter": {
            "id": 2,
            "name": "pm25",
            "units": "\u00b5g/m\u00b3",
            "displayName": null
        },
        "period": {
            "label": "raw",
            "interval": "01:00:00",
            "datetimeFrom": {
                "utc": "2017-10-06T16:00:00Z",
                "local": "2017-10-06T09:00:00-07:00"
            },
            "datetimeTo": {
                "utc": "2017-10-06T17:00:00Z",
                "local": "2017-10-06T10:00:00-07:00"
            }
        },
        "coordinates": null,
        "summary": null,
        "coverage": {
            "expectedCount": 1,
            "expectedInterval": "01:00:00",
            "observedCount": 1,
            "observedInterval": "01:00:00",
            "percentComplete": 100.0,
            "percentCoverage": 100.0,
            "datetimeFrom": {
                "utc": "2017-10-06T16:00:00Z",
                "local": "2017-10-06T09:00:00-07:00"
            },
            "datetimeTo": {
                "utc": "2017-10-06T17:00:00Z",
                "local": "2017-10-06T10:00:00-07:00"
            }
        }
    },
    {
        "value": 0.0,
        "flagInfo": {
            "hasFlags": false
        },
        "parameter": {
            "id": 2,
            "name": "pm25",
            "units": "\u00b5g/m\u00b3",
            "displayName": null
        },
        "period": {
            "label": "raw",
            "interval": "01:00:00",
            "datetimeFrom": {
                "utc": "2017-10-06T20:00:00Z",
                "local": "2017-10-06T13:00:00-07:00"
            },
            "datetimeTo": {
                "utc": "2017-10-06T21:00:00Z",
                "local": "2017-10-06T14:00:00-07:00"
            }
        },
        "coordinates": null,
        "summary": null,
        "coverage": {
            "expectedCount": 1,
            "expectedInterval": "01:00:00",
            "observedCount": 1,
            "observedInterval": "01:00:00",
            "percentComplete": 100.0,
            "percentCoverage": 100.0,
            "datetimeFrom": {
                "utc": "2017-10-06T20:00:00Z",
                "local": "2017-10-06T13:00:00-07:00"
            },
            "datetimeTo": {
                "utc": "2017-10-06T21:00:00Z",
                "local": "2017-10-06T14:00:00-07:00"
            }
        }
    },
    {
        "value": 0.0,
        "flagInfo": {
            "hasFlags": false
        },
        "parameter": {
            "id": 2,
            "name": "pm25",
            "units": "\u00b5g/m\u00b3",
            "displayName": null
        },
        "period": {
            "label": "raw",
            "interval": "01:00:00",
            "datetimeFrom": {
                "utc": "2017-10-07T00:00:00Z",
                "local": "2017-10-06T17:00:00-07:00"
            },
            "datetimeTo": {
                "utc": "2017-10-07T01:00:00Z",
                "local": "2017-10-06T18:00:00-07:00"
            }
        },
        "coordinates": null,
        "summary": null,
        "coverage": {
            "expectedCount": 1,
            "expectedInterval": "01:00:00",
            "observedCount": 1,
            "observedInterval": "01:00:00",
            "percentComplete": 100.0,
            "percentCoverage": 100.0,
            "datetimeFrom": {
                "utc": "2017-10-07T00:00:00Z",
                "local": "2017-10-06T17:00:00-07:00"
            },
            "datetimeTo": {
                "utc": "2017-10-07T01:00:00Z",
                "local": "2017-10-06T18:00:00-07:00"
            }
        }
    },
    {
        "value": 6.0,
        "flagInfo": {
            "hasFlags": false
        },
        "parameter": {
            "id": 2,
            "name": "pm25",
            "units": "\u00b5g/m\u00b3",
            "displayName": null
        },
        "period": {
            "label": "raw",
            "interval": "01:00:00",
            "datetimeFrom": {
                "utc": "2017-10-07T02:00:00Z",
                "local": "2017-10-06T19:00:00-07:00"
            },
            "datetimeTo": {
                "utc": "2017-10-07T03:00:00Z",
                "local": "2017-10-06T20:00:00-07:00"
            }
        },
        "coordinates": null,
        "summary": null,
        "coverage": {
            "expectedCount": 1,
            "expectedInterval": "01:00:00",
            "observedCount": 1,
            "observedInterval": "01:00:00",
            "percentComplete": 100.0,
            "percentCoverage": 100.0,
            "datetimeFrom": {
                "utc": "2017-10-07T02:00:00Z",
                "local": "2017-10-06T19:00:00-07:00"
            },
            "datetimeTo": {
                "utc": "2017-10-07T03:00:00Z",
                "local": "2017-10-06T20:00:00-07:00"
            }
        }
    },
    {
        "value": 16.0,
        "flagInfo": {
            "hasFlags": false
        },
        "parameter": {
            "id": 2,
            "name": "pm25",
            "units": "\u00b5g/m\u00b3",
            "displayName": null
        },
        "period": {
            "label": "raw",
            "interval": "01:00:00",
            "datetimeFrom": {
                "utc": "2017-10-07T03:00:00Z",
                "local": "2017-10-06T20:00:00-07:00"
            },
            "datetimeTo": {
                "utc": "2017-10-07T04:00:00Z",
                "local": "2017-10-06T21:00:00-07:00"
            }
        },
        "coordinates": null,
        "summary": null,
        "coverage": {
            "expectedCount": 1,
            "expectedInterval": "01:00:00",
            "observedCount": 1,
            "observedInterval": "01:00:00",
            "percentComplete": 100.0,
            "percentCoverage": 100.0,
            "datetimeFrom": {
                "utc": "2017-10-07T03:00:00Z",
                "local": "2017-10-06T20:00:00-07:00"
            },
            "datetimeTo": {
                "utc": "2017-10-07T04:00:00Z",
                "local": "2017-10-06T21:00:00-07:00"
            }
        }
    },
    {
        "value": 131.0,
        "flagInfo": {
            "hasFlags": false
        },
        "parameter": {
            "id": 2,
            "name": "pm25",
            "units": "\u00b5g/m\u00b3",
            "displayName": null
        },
        "period": {
            "label": "raw",
            "interval": "01:00:00",
            "datetimeFrom": {
                "utc": "2017-10-07T14:00:00Z",
                "local": "2017-10-07T07:00:00-07:00"
            },
            "datetimeTo": {
                "utc": "2017-10-07T15:00:00Z",
                "local": "2017-10-07T08:00:00-07:00"
            }
        },
        "coordinates": null,
        "summary": null,
        "coverage": {
            "expectedCount": 1,
            "expectedInterval": "01:00:00",
            "observedCount": 1,
            "observedInterval": "01:00:00",
            "percentComplete": 100.0,
            "percentCoverage": 100.0,
            "datetimeFrom": {
                "utc": "2017-10-07T14:00:00Z",
                "local": "2017-10-07T07:00:00-07:00"
            },
            "datetimeTo": {
                "utc": "2017-10-07T15:00:00Z",
                "local": "2017-10-07T08:00:00-07:00"
            }
        }
    },
    {
        "value": 185.0,
        "flagInfo": {
            "hasFlags": false
        },
        "parameter": {
            "id": 2,
            "name": "pm25",
            "units": "\u00b5g/m\u00b3",
            "displayName": null
        },
        "period": {
            "label": "raw",
            "interval": "01:00:00",
            "datetimeFrom": {
                "utc": "2017-10-07T18:00:00Z",
                "local": "2017-10-07T11:00:00-07:00"
            },
            "datetimeTo": {
                "utc": "2017-10-07T19:00:00Z",
                "local": "2017-10-07T12:00:00-07:00"
            }
        },
        "coordinates": null,
        "summary": null,
        "coverage": {
            "expectedCount": 1,
            "expectedInterval": "01:00:00",
            "observedCount": 1,
            "observedInterval": "01:00:00",
            "percentComplete": 100.0,
            "percentCoverage": 100.0,
            "datetimeFrom": {
                "utc": "2017-10-07T18:00:00Z",
                "local": "2017-10-07T11:00:00-07:00"
            },
            "datetimeTo": {
                "utc": "2017-10-07T19:00:00Z",
                "local": "2017-10-07T12:00:00-07:00"
            }
        }
    },
    {
        "value": 39.0,
        "flagInfo": {
            "hasFlags": false
        },
        "parameter": {
            "id": 2,
            "name": "pm25",
            "units": "\u00b5g/m\u00b3",
            "displayName": null
        },
        "period": {
            "label": "raw",
            "interval": "01:00:00",
            "datetimeFrom": {
                "utc": "2017-10-07T21:00:00Z",
                "local": "2017-10-07T14:00:00-07:00"
            },
            "datetimeTo": {
                "utc": "2017-10-07T22:00:00Z",
                "local": "2017-10-07T15:00:00-07:00"
            }
        },
        "coordinates": null,
        "summary": null,
        "coverage": {
            "expectedCount": 1,
            "expectedInterval": "01:00:00",
            "observedCount": 1,
            "observedInterval": "01:00:00",
            "percentComplete": 100.0,
            "percentCoverage": 100.0,
            "datetimeFrom": {
                "utc": "2017-10-07T21:00:00Z",
                "local": "2017-10-07T14:00:00-07:00"
            },
            "datetimeTo": {
                "utc": "2017-10-07T22:00:00Z",
                "local": "2017-10-07T15:00:00-07:00"
            }
        }
    },
    {
        "value": 29.0,
        "flagInfo": {
            "hasFlags": false
        },
        "parameter": {
            "id": 2,
            "name": "pm25",
            "units": "\u00b5g/m\u00b3",
            "displayName": null
        },
        "period": {
            "label": "raw",
            "interval": "01:00:00",
            "datetimeFrom": {
                "utc": "2017-10-07T23:00:00Z",
                "local": "2017-10-07T16:00:00-07:00"
            },
            "datetimeTo": {
                "utc": "2017-10-08T00:00:00Z",
                "local": "2017-10-07T17:00:00-07:00"
            }
        },
        "coordinates": null,
        "summary": null,
        "coverage": {
            "expectedCount": 1,
            "expectedInterval": "01:00:00",
            "observedCount": 1,
            "observedInterval": "01:00:00",
            "percentComplete": 100.0,
            "percentCoverage": 100.0,
            "datetimeFrom": {
                "utc": "2017-10-07T23:00:00Z",
                "local": "2017-10-07T16:00:00-07:00"
            },
            "datetimeTo": {
                "utc": "2017-10-08T00:00:00Z",
                "local": "2017-10-07T17:00:00-07:00"
            }
        }
    },
    {
        "value": 21.0,
        "flagInfo": {
            "hasFlags": false
        },
        "parameter": {
            "id": 2,
            "name": "pm25",
            "units": "\u00b5g/m\u00b3",
            "displayName": null
        },
        "period": {
            "label": "raw",
            "interval": "01:00:00",
            "datetimeFrom": {
                "utc": "2017-10-08T00:00:00Z",
                "local": "2017-10-07T17:00:00-07:00"
            },
            "datetimeTo": {
                "utc": "2017-10-08T01:00:00Z",
                "local": "2017-10-07T18:00:00-07:00"
            }
        },
        "coordinates": null,
        "summary": null,
        "coverage": {
            "expectedCount": 1,
            "expectedInterval": "01:00:00",
            "observedCount": 1,
            "observedInterval": "01:00:00",
            "percentComplete": 100.0,
            "percentCoverage": 100.0,
            "datetimeFrom": {
                "utc": "2017-10-08T00:00:00Z",
                "local": "2017-10-07T17:00:00-07:00"
            },
            "datetimeTo": {
                "utc": "2017-10-08T01:00:00Z",
                "local": "2017-10-07T18:00:00-07:00"
            }
        }
    },
    {
        "value": 17.0,
        "flagInfo": {
            "hasFlags": false
        },
        "parameter": {
            "id": 2,
            "name": "pm25",
            "units": "\u00b5g/m\u00b3",
            "displayName": null
        },
        "period": {
            "label": "raw",
            "interval": "01:00:00",
            "datetimeFrom": {
                "utc": "2017-10-08T01:00:00Z",
                "local": "2017-10-07T18:00:00-07:00"
            },
            "datetimeTo": {
                "utc": "2017-10-08T02:00:00Z",
                "local": "2017-10-07T19:00:00-07:00"
            }
        },
        "coordinates": null,
        "summary": null,
        "coverage": {
            "expectedCount": 1,
            "expectedInterval": "01:00:00",
            "observedCount": 1,
            "observedInterval": "01:00:00",
            "percentComplete": 100.0,
            "percentCoverage": 100.0,
            "datetimeFrom": {
                "utc": "2017-10-08T01:00:00Z",
                "local": "2017-10-07T18:00:00-07:00"
            },
            "datetimeTo": {
                "utc": "2017-10-08T02:00:00Z",
                "local": "2017-10-07T19:00:00-07:00"
            }
        }
    },
    {
        "value": 18.0,
        "flagInfo": {
            "hasFlags": false
        },
        "parameter": {
            "id": 2,
            "name": "pm25",
            "units": "\u00b5g/m\u00b3",
            "displayName": null
        },
        "period": {
            "label": "raw",
            "interval": "01:00:00",
            "datetimeFrom": {
                "utc": "2017-10-08T04:00:00Z",
                "local": "2017-10-07T21:00:00-07:00"
            },
            "datetimeTo": {
                "utc": "2017-10-08T05:00:00Z",
                "local": "2017-10-07T22:00:00-07:00"
            }
        },
        "coordinates": null,
        "summary": null,
        "coverage": {
            "expectedCount": 1,
            "expectedInterval": "01:00:00",
            "observedCount": 1,
            "observedInterval": "01:00:00",
            "percentComplete": 100.0,
            "percentCoverage": 100.0,
            "datetimeFrom": {
                "utc": "2017-10-08T04:00:00Z",
                "local": "2017-10-07T21:00:00-07:00"
            },
            "datetimeTo": {
                "utc": "2017-10-08T05:00:00Z",
                "local": "2017-10-07T22:00:00-07:00"
            }
        }
    },
    {
        "value": 14.0,
        "flagInfo": {
            "hasFlags": false
        },
        "parameter": {
            "id": 2,
            "name": "pm25",
            "units": "\u00b5g/m\u00b3",
            "displayName": null
        },
        "period": {
            "label": "raw",
            "interval": "01:00:00",
            "datetimeFrom": {
                "utc": "2017-10-08T08:00:00Z",
                "local": "2017-10-08T01:00:00-07:00"
            },
            "datetimeTo": {
                "utc": "2017-10-08T09:00:00Z",
                "local": "2017-10-08T02:00:00-07:00"
            }
        },
        "coordinates": null,
        "summary": null,
        "coverage": {
            "expectedCount": 1,
            "expectedInterval": "01:00:00",
            "observedCount": 1,
            "observedInterval": "01:00:00",
            "percentComplete": 100.0,
            "percentCoverage": 100.0,
            "datetimeFrom": {
                "utc": "2017-10-08T08:00:00Z",
                "local": "2017-10-08T01:00:00-07:00"
            },
            "datetimeTo": {
                "utc": "2017-10-08T09:00:00Z",
                "local": "2017-10-08T02:00:00-07:00"
            }
        }
    },
    {
        "value": 8.0,
        "flagInfo": {
            "hasFlags": false
        },
        "parameter": {
            "id": 2,
            "name": "pm25",
            "units": "\u00b5g/m\u00b3",
            "displayName": null
        },
        "period": {
            "label": "raw",
            "interval": "01:00:00",
            "datetimeFrom": {
                "utc": "2017-10-08T09:00:00Z",
                "local": "2017-10-08T02:00:00-07:00"
            },
            "datetimeTo": {
                "utc": "2017-10-08T10:00:00Z",
                "local": "2017-10-08T03:00:00-07:00"
            }
        },
        "coordinates": null,
        "summary": null,
        "coverage": {
            "expectedCount": 1,
            "expectedInterval": "01:00:00",
            "observedCount": 1,
            "observedInterval": "01:00:00",
            "percentComplete": 100.0,
            "percentCoverage": 100.0,
            "datetimeFrom": {
                "utc": "2017-10-08T09:00:00Z",
                "local": "2017-10-08T02:00:00-07:00"
            },
            "datetimeTo": {
                "utc": "2017-10-08T10:00:00Z",
                "local": "2017-10-08T03:00:00-07:00"
            }
        }
    },
    {
        "value": 13.0,
        "flagInfo": {
            "hasFlags": false
        },
        "parameter": {
            "id": 2,
            "name": "pm25",
            "units": "\u00b5g/m\u00b3",
            "displayName": null
        },
        "period": {
            "label": "raw",
            "interval": "01:00:00",
            "datetimeFrom": {
                "utc": "2017-10-08T10:00:00Z",
                "local": "2017-10-08T03:00:00-07:00"
            },
            "datetimeTo": {
                "utc": "2017-10-08T11:00:00Z",
                "local": "2017-10-08T04:00:00-07:00"
            }
        },
        "coordinates": null,
        "summary": null,
        "coverage": {
            "expectedCount": 1,
            "expectedInterval": "01:00:00",
            "observedCount": 1,
            "observedInterval": "01:00:00",
            "percentComplete": 100.0,
            "percentCoverage": 100.0,
            "datetimeFrom": {
                "utc": "2017-10-08T10:00:00Z",
                "local": "2017-10-08T03:00:00-07:00"
            },
            "datetimeTo": {
                "utc": "2017-10-08T11:00:00Z",
                "local": "2017-10-08T04:00:00-07:00"
            }
        }
    },
    {
        "value": 8.0,
        "flagInfo": {
            "hasFlags": false
        },
        "parameter": {
            "id": 2,
            "name": "pm25",
            "units": "\u00b5g/m\u00b3",
            "displayName": null
        },
        "period": {
            "label": "raw",
            "interval": "01:00:00",
            "datetimeFrom": {
                "utc": "2017-10-08T11:00:00Z",
                "local": "2017-10-08T04:00:00-07:00"
            },
            "datetimeTo": {
                "utc": "2017-10-08T12:00:00Z",
                "local": "2017-10-08T05:00:00-07:00"
            }
        },
        "coordinates": null,
        "summary": null,
        "coverage": {
            "expectedCount": 1,
            "expectedInterval": "01:00:00",
            "observedCount": 1,
            "observedInterval": "01:00:00",
            "percentComplete": 100.0,
            "percentCoverage": 100.0,
            "datetimeFrom": {
                "utc": "2017-10-08T11:00:00Z",
                "local": "2017-10-08T04:00:00-07:00"
            },
            "datetimeTo": {
                "utc": "2017-10-08T12:00:00Z",
                "local": "2017-10-08T05:00:00-07:00"
            }
        }
    },
    {
        "value": 12.0,
        "flagInfo": {
            "hasFlags": false
        },
        "parameter": {
            "id": 2,
            "name": "pm25",
            "units": "\u00b5g/m\u00b3",
            "displayName": null
        },
        "period": {
            "label": "raw",
            "interval": "01:00:00",
            "datetimeFrom": {
                "utc": "2017-10-08T12:00:00Z",
                "local": "2017-10-08T05:00:00-07:00"
            },
            "datetimeTo": {
                "utc": "2017-10-08T13:00:00Z",
                "local": "2017-10-08T06:00:00-07:00"
            }
        },
        "coordinates": null,
        "summary": null,
        "coverage": {
            "expectedCount": 1,
            "expectedInterval": "01:00:00",
            "observedCount": 1,
            "observedInterval": "01:00:00",
            "percentComplete": 100.0,
            "percentCoverage": 100.0,
            "datetimeFrom": {
                "utc": "2017-10-08T12:00:00Z",
                "local": "2017-10-08T05:00:00-07:00"
            },
            "datetimeTo": {
                "utc": "2017-10-08T13:00:00Z",
                "local": "2017-10-08T06:00:00-07:00"
            }
        }
    },
    {
        "value": 8.0,
        "flagInfo": {
            "hasFlags": false
        },
        "parameter": {
            "id": 2,
            "name": "pm25",
            "units": "\u00b5g/m\u00b3",
            "displayName": null
        },
        "period": {
            "label": "raw",
            "interval": "01:00:00",
            "datetimeFrom": {
                "utc": "2017-10-08T16:00:00Z",
                "local": "2017-10-08T09:00:00-07:00"
            },
            "datetimeTo": {
                "utc": "2017-10-08T17:00:00Z",
                "local": "2017-10-08T10:00:00-07:00"
            }
        },
        "coordinates": null,
        "summary": null,
        "coverage": {
            "expectedCount": 1,
            "expectedInterval": "01:00:00",
            "observedCount": 1,
            "observedInterval": "01:00:00",
            "percentComplete": 100.0,
            "percentCoverage": 100.0,
            "datetimeFrom": {
                "utc": "2017-10-08T16:00:00Z",
                "local": "2017-10-08T09:00:00-07:00"
            },
            "datetimeTo": {
                "utc": "2017-10-08T17:00:00Z",
                "local": "2017-10-08T10:00:00-07:00"
            }
        }
    },
    {
        "value": 13.0,
        "flagInfo": {
            "hasFlags": false
        },
        "parameter": {
            "id": 2,
            "name": "pm25",
            "units": "\u00b5g/m\u00b3",
            "displayName": null
        },
        "period": {
            "label": "raw",
            "interval": "01:00:00",
            "datetimeFrom": {
                "utc": "2017-10-08T23:00:00Z",
                "local": "2017-10-08T16:00:00-07:00"
            },
            "datetimeTo": {
                "utc": "2017-10-09T00:00:00Z",
                "local": "2017-10-08T17:00:00-07:00"
            }
        },
        "coordinates": null,
        "summary": null,
        "coverage": {
            "expectedCount": 1,
            "expectedInterval": "01:00:00",
            "observedCount": 1,
            "observedInterval": "01:00:00",
            "percentComplete": 100.0,
            "percentCoverage": 100.0,
            "datetimeFrom": {
                "utc": "2017-10-08T23:00:00Z",
                "local": "2017-10-08T16:00:00-07:00"
            },
            "datetimeTo": {
                "utc": "2017-10-09T00:00:00Z",
                "local": "2017-10-08T17:00:00-07:00"
            }
        }
    },
    {
        "value": 17.0,
        "flagInfo": {
            "hasFlags": false
        },
        "parameter": {
            "id": 2,
            "name": "pm25",
            "units": "\u00b5g/m\u00b3",
            "displayName": null
        },
        "period": {
            "label": "raw",
            "interval": "01:00:00",
            "datetimeFrom": {
                "utc": "2017-10-09T03:00:00Z",
                "local": "2017-10-08T20:00:00-07:00"
            },
            "datetimeTo": {
                "utc": "2017-10-09T04:00:00Z",
                "local": "2017-10-08T21:00:00-07:00"
            }
        },
        "coordinates": null,
        "summary": null,
        "coverage": {
            "expectedCount": 1,
            "expectedInterval": "01:00:00",
            "observedCount": 1,
            "observedInterval": "01:00:00",
            "percentComplete": 100.0,
            "percentCoverage": 100.0,
            "datetimeFrom": {
                "utc": "2017-10-09T03:00:00Z",
                "local": "2017-10-08T20:00:00-07:00"
            },
            "datetimeTo": {
                "utc": "2017-10-09T04:00:00Z",
                "local": "2017-10-08T21:00:00-07:00"
            }
        }
    },
    {
        "value": 22.0,
        "flagInfo": {
            "hasFlags": false
        },
        "parameter": {
            "id": 2,
            "name": "pm25",
            "units": "\u00b5g/m\u00b3",
            "displayName": null
        },
        "period": {
            "label": "raw",
            "interval": "01:00:00",
            "datetimeFrom": {
                "utc": "2017-10-09T05:00:00Z",
                "local": "2017-10-08T22:00:00-07:00"
            },
            "datetimeTo": {
                "utc": "2017-10-09T06:00:00Z",
                "local": "2017-10-08T23:00:00-07:00"
            }
        },
        "coordinates": null,
        "summary": null,
        "coverage": {
            "expectedCount": 1,
            "expectedInterval": "01:00:00",
            "observedCount": 1,
            "observedInterval": "01:00:00",
            "percentComplete": 100.0,
            "percentCoverage": 100.0,
            "datetimeFrom": {
                "utc": "2017-10-09T05:00:00Z",
                "local": "2017-10-08T22:00:00-07:00"
            },
            "datetimeTo": {
                "utc": "2017-10-09T06:00:00Z",
                "local": "2017-10-08T23:00:00-07:00"
            }
        }
    },
    {
        "value": 20.0,
        "flagInfo": {
            "hasFlags": false
        },
        "parameter": {
            "id": 2,
            "name": "pm25",
            "units": "\u00b5g/m\u00b3",
            "displayName": null
        },
        "period": {
            "label": "raw",
            "interval": "01:00:00",
            "datetimeFrom": {
                "utc": "2017-10-09T06:00:00Z",
                "local": "2017-10-08T23:00:00-07:00"
            },
            "datetimeTo": {
                "utc": "2017-10-09T07:00:00Z",
                "local": "2017-10-09T00:00:00-07:00"
            }
        },
        "coordinates": null,
        "summary": null,
        "coverage": {
            "expectedCount": 1,
            "expectedInterval": "01:00:00",
            "observedCount": 1,
            "observedInterval": "01:00:00",
            "percentComplete": 100.0,
            "percentCoverage": 100.0,
            "datetimeFrom": {
                "utc": "2017-10-09T06:00:00Z",
                "local": "2017-10-08T23:00:00-07:00"
            },
            "datetimeTo": {
                "utc": "2017-10-09T07:00:00Z",
                "local": "2017-10-09T00:00:00-07:00"
            }
        }
    },
    {
        "value": 7.0,
        "flagInfo": {
            "hasFlags": false
        },
        "parameter": {
            "id": 2,
            "name": "pm25",
            "units": "\u00b5g/m\u00b3",
            "displayName": null
        },
        "period": {
            "label": "raw",
            "interval": "01:00:00",
            "datetimeFrom": {
                "utc": "2017-10-09T09:00:00Z",
                "local": "2017-10-09T02:00:00-07:00"
            },
            "datetimeTo": {
                "utc": "2017-10-09T10:00:00Z",
                "local": "2017-10-09T03:00:00-07:00"
            }
        },
        "coordinates": null,
        "summary": null,
        "coverage": {
            "expectedCount": 1,
            "expectedInterval": "01:00:00",
            "observedCount": 1,
            "observedInterval": "01:00:00",
            "percentComplete": 100.0,
            "percentCoverage": 100.0,
            "datetimeFrom": {
                "utc": "2017-10-09T09:00:00Z",
                "local": "2017-10-09T02:00:00-07:00"
            },
            "datetimeTo": {
                "utc": "2017-10-09T10:00:00Z",
                "local": "2017-10-09T03:00:00-07:00"
            }
        }
    },
    {
        "value": 14.0,
        "flagInfo": {
            "hasFlags": false
        },
        "parameter": {
            "id": 2,
            "name": "pm25",
            "units": "\u00b5g/m\u00b3",
            "displayName": null
        },
        "period": {
            "label": "raw",
            "interval": "01:00:00",
            "datetimeFrom": {
                "utc": "2017-10-09T10:00:00Z",
                "local": "2017-10-09T03:00:00-07:00"
            },
            "datetimeTo": {
                "utc": "2017-10-09T11:00:00Z",
                "local": "2017-10-09T04:00:00-07:00"
            }
        },
        "coordinates": null,
        "summary": null,
        "coverage": {
            "expectedCount": 1,
            "expectedInterval": "01:00:00",
            "observedCount": 1,
            "observedInterval": "01:00:00",
            "percentComplete": 100.0,
            "percentCoverage": 100.0,
            "datetimeFrom": {
                "utc": "2017-10-09T10:00:00Z",
                "local": "2017-10-09T03:00:00-07:00"
            },
            "datetimeTo": {
                "utc": "2017-10-09T11:00:00Z",
                "local": "2017-10-09T04:00:00-07:00"
            }
        }
    },
    {
        "value": 48.0,
        "flagInfo": {
            "hasFlags": false
        },
        "parameter": {
            "id": 2,
            "name": "pm25",
            "units": "\u00b5g/m\u00b3",
            "displayName": null
        },
        "period": {
            "label": "raw",
            "interval": "01:00:00",
            "datetimeFrom": {
                "utc": "2017-10-09T12:00:00Z",
                "local": "2017-10-09T05:00:00-07:00"
            },
            "datetimeTo": {
                "utc": "2017-10-09T13:00:00Z",
                "local": "2017-10-09T06:00:00-07:00"
            }
        },
        "coordinates": null,
        "summary": null,
        "coverage": {
            "expectedCount": 1,
            "expectedInterval": "01:00:00",
            "observedCount": 1,
            "observedInterval": "01:00:00",
            "percentComplete": 100.0,
            "percentCoverage": 100.0,
            "datetimeFrom": {
                "utc": "2017-10-09T12:00:00Z",
                "local": "2017-10-09T05:00:00-07:00"
            },
            "datetimeTo": {
                "utc": "2017-10-09T13:00:00Z",
                "local": "2017-10-09T06:00:00-07:00"
            }
        }
    },
    {
        "value": 56.0,
        "flagInfo": {
            "hasFlags": false
        },
        "parameter": {
            "id": 2,
            "name": "pm25",
            "units": "\u00b5g/m\u00b3",
            "displayName": null
        },
        "period": {
            "label": "raw",
            "interval": "01:00:00",
            "datetimeFrom": {
                "utc": "2017-10-09T19:00:00Z",
                "local": "2017-10-09T12:00:00-07:00"
            },
            "datetimeTo": {
                "utc": "2017-10-09T20:00:00Z",
                "local": "2017-10-09T13:00:00-07:00"
            }
        },
        "coordinates": null,
        "summary": null,
        "coverage": {
            "expectedCount": 1,
            "expectedInterval": "01:00:00",
            "observedCount": 1,
            "observedInterval": "01:00:00",
            "percentComplete": 100.0,
            "percentCoverage": 100.0,
            "datetimeFrom": {
                "utc": "2017-10-09T19:00:00Z",
                "local": "2017-10-09T12:00:00-07:00"
            },
            "datetimeTo": {
                "utc": "2017-10-09T20:00:00Z",
                "local": "2017-10-09T13:00:00-07:00"
            }
        }
    },
    {
        "value": 27.0,
        "flagInfo": {
            "hasFlags": false
        },
        "parameter": {
            "id": 2,
            "name": "pm25",
            "units": "\u00b5g/m\u00b3",
            "displayName": null
        },
        "period": {
            "label": "raw",
            "interval": "01:00:00",
            "datetimeFrom": {
                "utc": "2017-10-09T20:00:00Z",
                "local": "2017-10-09T13:00:00-07:00"
            },
            "datetimeTo": {
                "utc": "2017-10-09T21:00:00Z",
                "local": "2017-10-09T14:00:00-07:00"
            }
        },
        "coordinates": null,
        "summary": null,
        "coverage": {
            "expectedCount": 1,
            "expectedInterval": "01:00:00",
            "observedCount": 1,
            "observedInterval": "01:00:00",
            "percentComplete": 100.0,
            "percentCoverage": 100.0,
            "datetimeFrom": {
                "utc": "2017-10-09T20:00:00Z",
                "local": "2017-10-09T13:00:00-07:00"
            },
            "datetimeTo": {
                "utc": "2017-10-09T21:00:00Z",
                "local": "2017-10-09T14:00:00-07:00"
            }
        }
    },
    {
        "value": 25.0,
        "flagInfo": {
            "hasFlags": false
        },
        "parameter": {
            "id": 2,
            "name": "pm25",
            "units": "\u00b5g/m\u00b3",
            "displayName": null
        },
        "period": {
            "label": "raw",
            "interval": "01:00:00",
            "datetimeFrom": {
                "utc": "2017-10-09T21:00:00Z",
                "local": "2017-10-09T14:00:00-07:00"
            },
            "datetimeTo": {
                "utc": "2017-10-09T22:00:00Z",
                "local": "2017-10-09T15:00:00-07:00"
            }
        },
        "coordinates": null,
        "summary": null,
        "coverage": {
            "expectedCount": 1,
            "expectedInterval": "01:00:00",
            "observedCount": 1,
            "observedInterval": "01:00:00",
            "percentComplete": 100.0,
            "percentCoverage": 100.0,
            "datetimeFrom": {
                "utc": "2017-10-09T21:00:00Z",
                "local": "2017-10-09T14:00:00-07:00"
            },
            "datetimeTo": {
                "utc": "2017-10-09T22:00:00Z",
                "local": "2017-10-09T15:00:00-07:00"
            }
        }
    },
    {
        "value": 15.0,
        "flagInfo": {
            "hasFlags": false
        },
        "parameter": {
            "id": 2,
            "name": "pm25",
            "units": "\u00b5g/m\u00b3",
            "displayName": null
        },
        "period": {
            "label": "raw",
            "interval": "01:00:00",
            "datetimeFrom": {
                "utc": "2017-10-09T22:00:00Z",
                "local": "2017-10-09T15:00:00-07:00"
            },
            "datetimeTo": {
                "utc": "2017-10-09T23:00:00Z",
                "local": "2017-10-09T16:00:00-07:00"
            }
        },
        "coordinates": null,
        "summary": null,
        "coverage": {
            "expectedCount": 1,
            "expectedInterval": "01:00:00",
            "observedCount": 1,
            "observedInterval": "01:00:00",
            "percentComplete": 100.0,
            "percentCoverage": 100.0,
            "datetimeFrom": {
                "utc": "2017-10-09T22:00:00Z",
                "local": "2017-10-09T15:00:00-07:00"
            },
            "datetimeTo": {
                "utc": "2017-10-09T23:00:00Z",
                "local": "2017-10-09T16:00:00-07:00"
            }
        }
    },
    {
        "value": 15.0,
        "flagInfo": {
            "hasFlags": false
        },
        "parameter": {
            "id": 2,
            "name": "pm25",
            "units": "\u00b5g/m\u00b3",
            "displayName": null
        },
        "period": {
            "label": "raw",
            "interval": "01:00:00",
            "datetimeFrom": {
                "utc": "2017-10-09T23:00:00Z",
                "local": "2017-10-09T16:00:00-07:00"
            },
            "datetimeTo": {
                "utc": "2017-10-10T00:00:00Z",
                "local": "2017-10-09T17:00:00-07:00"
            }
        },
        "coordinates": null,
        "summary": null,
        "coverage": {
            "expectedCount": 1,
            "expectedInterval": "01:00:00",
            "observedCount": 1,
            "observedInterval": "01:00:00",
            "percentComplete": 100.0,
            "percentCoverage": 100.0,
            "datetimeFrom": {
                "utc": "2017-10-09T23:00:00Z",
                "local": "2017-10-09T16:00:00-07:00"
            },
            "datetimeTo": {
                "utc": "2017-10-10T00:00:00Z",
                "local": "2017-10-09T17:00:00-07:00"
            }
        }
    },
    {
        "value": 14.0,
        "flagInfo": {
            "hasFlags": false
        },
        "parameter": {
            "id": 2,
            "name": "pm25",
            "units": "\u00b5g/m\u00b3",
            "displayName": null
        },
        "period": {
            "label": "raw",
            "interval": "01:00:00",
            "datetimeFrom": {
                "utc": "2017-10-10T00:00:00Z",
                "local": "2017-10-09T17:00:00-07:00"
            },
            "datetimeTo": {
                "utc": "2017-10-10T01:00:00Z",
                "local": "2017-10-09T18:00:00-07:00"
            }
        },
        "coordinates": null,
        "summary": null,
        "coverage": {
            "expectedCount": 1,
            "expectedInterval": "01:00:00",
            "observedCount": 1,
            "observedInterval": "01:00:00",
            "percentComplete": 100.0,
            "percentCoverage": 100.0,
            "datetimeFrom": {
                "utc": "2017-10-10T00:00:00Z",
                "local": "2017-10-09T17:00:00-07:00"
            },
            "datetimeTo": {
                "utc": "2017-10-10T01:00:00Z",
                "local": "2017-10-09T18:00:00-07:00"
            }
        }
    },
    {
        "value": 4.0,
        "flagInfo": {
            "hasFlags": false
        },
        "parameter": {
            "id": 2,
            "name": "pm25",
            "units": "\u00b5g/m\u00b3",
            "displayName": null
        },
        "period": {
            "label": "raw",
            "interval": "01:00:00",
            "datetimeFrom": {
                "utc": "2017-10-10T01:00:00Z",
                "local": "2017-10-09T18:00:00-07:00"
            },
            "datetimeTo": {
                "utc": "2017-10-10T02:00:00Z",
                "local": "2017-10-09T19:00:00-07:00"
            }
        },
        "coordinates": null,
        "summary": null,
        "coverage": {
            "expectedCount": 1,
            "expectedInterval": "01:00:00",
            "observedCount": 1,
            "observedInterval": "01:00:00",
            "percentComplete": 100.0,
            "percentCoverage": 100.0,
            "datetimeFrom": {
                "utc": "2017-10-10T01:00:00Z",
                "local": "2017-10-09T18:00:00-07:00"
            },
            "datetimeTo": {
                "utc": "2017-10-10T02:00:00Z",
                "local": "2017-10-09T19:00:00-07:00"
            }
        }
    },
    {
        "value": 56.0,
        "flagInfo": {
            "hasFlags": false
        },
        "parameter": {
            "id": 2,
            "name": "pm25",
            "units": "\u00b5g/m\u00b3",
            "displayName": null
        },
        "period": {
            "label": "raw",
            "interval": "01:00:00",
            "datetimeFrom": {
                "utc": "2017-10-16T00:00:00Z",
                "local": "2017-10-15T17:00:00-07:00"
            },
            "datetimeTo": {
                "utc": "2017-10-16T01:00:00Z",
                "local": "2017-10-15T18:00:00-07:00"
            }
        },
        "coordinates": null,
        "summary": null,
        "coverage": {
            "expectedCount": 1,
            "expectedInterval": "01:00:00",
            "observedCount": 1,
            "observedInterval": "01:00:00",
            "percentComplete": 100.0,
            "percentCoverage": 100.0,
            "datetimeFrom": {
                "utc": "2017-10-16T00:00:00Z",
                "local": "2017-10-15T17:00:00-07:00"
            },
            "datetimeTo": {
                "utc": "2017-10-16T01:00:00Z",
                "local": "2017-10-15T18:00:00-07:00"
            }
        }
    },
    {
        "value": 42.0,
        "flagInfo": {
            "hasFlags": false
        },
        "parameter": {
            "id": 2,
            "name": "pm25",
            "units": "\u00b5g/m\u00b3",
            "displayName": null
        },
        "period": {
            "label": "raw",
            "interval": "01:00:00",
            "datetimeFrom": {
                "utc": "2017-10-16T01:00:00Z",
                "local": "2017-10-15T18:00:00-07:00"
            },
            "datetimeTo": {
                "utc": "2017-10-16T02:00:00Z",
                "local": "2017-10-15T19:00:00-07:00"
            }
        },
        "coordinates": null,
        "summary": null,
        "coverage": {
            "expectedCount": 1,
            "expectedInterval": "01:00:00",
            "observedCount": 1,
            "observedInterval": "01:00:00",
            "percentComplete": 100.0,
            "percentCoverage": 100.0,
            "datetimeFrom": {
                "utc": "2017-10-16T01:00:00Z",
                "local": "2017-10-15T18:00:00-07:00"
            },
            "datetimeTo": {
                "utc": "2017-10-16T02:00:00Z",
                "local": "2017-10-15T19:00:00-07:00"
            }
        }
    },
    {
        "value": 44.0,
        "flagInfo": {
            "hasFlags": false
        },
        "parameter": {
            "id": 2,
            "name": "pm25",
            "units": "\u00b5g/m\u00b3",
            "displayName": null
        },
        "period": {
            "label": "raw",
            "interval": "01:00:00",
            "datetimeFrom": {
                "utc": "2017-10-16T02:00:00Z",
                "local": "2017-10-15T19:00:00-07:00"
            },
            "datetimeTo": {
                "utc": "2017-10-16T03:00:00Z",
                "local": "2017-10-15T20:00:00-07:00"
            }
        },
        "coordinates": null,
        "summary": null,
        "coverage": {
            "expectedCount": 1,
            "expectedInterval": "01:00:00",
            "observedCount": 1,
            "observedInterval": "01:00:00",
            "percentComplete": 100.0,
            "percentCoverage": 100.0,
            "datetimeFrom": {
                "utc": "2017-10-16T02:00:00Z",
                "local": "2017-10-15T19:00:00-07:00"
            },
            "datetimeTo": {
                "utc": "2017-10-16T03:00:00Z",
                "local": "2017-10-15T20:00:00-07:00"
            }
        }
    },
    {
        "value": 41.0,
        "flagInfo": {
            "hasFlags": false
        },
        "parameter": {
            "id": 2,
            "name": "pm25",
            "units": "\u00b5g/m\u00b3",
            "displayName": null
        },
        "period": {
            "label": "raw",
            "interval": "01:00:00",
            "datetimeFrom": {
                "utc": "2017-10-16T03:00:00Z",
                "local": "2017-10-15T20:00:00-07:00"
            },
            "datetimeTo": {
                "utc": "2017-10-16T04:00:00Z",
                "local": "2017-10-15T21:00:00-07:00"
            }
        },
        "coordinates": null,
        "summary": null,
        "coverage": {
            "expectedCount": 1,
            "expectedInterval": "01:00:00",
            "observedCount": 1,
            "observedInterval": "01:00:00",
            "percentComplete": 100.0,
            "percentCoverage": 100.0,
            "datetimeFrom": {
                "utc": "2017-10-16T03:00:00Z",
                "local": "2017-10-15T20:00:00-07:00"
            },
            "datetimeTo": {
                "utc": "2017-10-16T04:00:00Z",
                "local": "2017-10-15T21:00:00-07:00"
            }
        }
    },
    {
        "value": 34.0,
        "flagInfo": {
            "hasFlags": false
        },
        "parameter": {
            "id": 2,
            "name": "pm25",
            "units": "\u00b5g/m\u00b3",
            "displayName": null
        },
        "period": {
            "label": "raw",
            "interval": "01:00:00",
            "datetimeFrom": {
                "utc": "2017-10-16T04:00:00Z",
                "local": "2017-10-15T21:00:00-07:00"
            },
            "datetimeTo": {
                "utc": "2017-10-16T05:00:00Z",
                "local": "2017-10-15T22:00:00-07:00"
            }
        },
        "coordinates": null,
        "summary": null,
        "coverage": {
            "expectedCount": 1,
            "expectedInterval": "01:00:00",
            "observedCount": 1,
            "observedInterval": "01:00:00",
            "percentComplete": 100.0,
            "percentCoverage": 100.0,
            "datetimeFrom": {
                "utc": "2017-10-16T04:00:00Z",
                "local": "2017-10-15T21:00:00-07:00"
            },
            "datetimeTo": {
                "utc": "2017-10-16T05:00:00Z",
                "local": "2017-10-15T22:00:00-07:00"
            }
        }
    },
    {
        "value": 77.0,
        "flagInfo": {
            "hasFlags": false
        },
        "parameter": {
            "id": 2,
            "name": "pm25",
            "units": "\u00b5g/m\u00b3",
            "displayName": null
        },
        "period": {
            "label": "raw",
            "interval": "01:00:00",
            "datetimeFrom": {
                "utc": "2017-10-16T10:00:00Z",
                "local": "2017-10-16T03:00:00-07:00"
            },
            "datetimeTo": {
                "utc": "2017-10-16T11:00:00Z",
                "local": "2017-10-16T04:00:00-07:00"
            }
        },
        "coordinates": null,
        "summary": null,
        "coverage": {
            "expectedCount": 1,
            "expectedInterval": "01:00:00",
            "observedCount": 1,
            "observedInterval": "01:00:00",
            "percentComplete": 100.0,
            "percentCoverage": 100.0,
            "datetimeFrom": {
                "utc": "2017-10-16T10:00:00Z",
                "local": "2017-10-16T03:00:00-07:00"
            },
            "datetimeTo": {
                "utc": "2017-10-16T11:00:00Z",
                "local": "2017-10-16T04:00:00-07:00"
            }
        }
    },
    {
        "value": 45.0,
        "flagInfo": {
            "hasFlags": false
        },
        "parameter": {
            "id": 2,
            "name": "pm25",
            "units": "\u00b5g/m\u00b3",
            "displayName": null
        },
        "period": {
            "label": "raw",
            "interval": "01:00:00",
            "datetimeFrom": {
                "utc": "2017-10-16T12:00:00Z",
                "local": "2017-10-16T05:00:00-07:00"
            },
            "datetimeTo": {
                "utc": "2017-10-16T13:00:00Z",
                "local": "2017-10-16T06:00:00-07:00"
            }
        },
        "coordinates": null,
        "summary": null,
        "coverage": {
            "expectedCount": 1,
            "expectedInterval": "01:00:00",
            "observedCount": 1,
            "observedInterval": "01:00:00",
            "percentComplete": 100.0,
            "percentCoverage": 100.0,
            "datetimeFrom": {
                "utc": "2017-10-16T12:00:00Z",
                "local": "2017-10-16T05:00:00-07:00"
            },
            "datetimeTo": {
                "utc": "2017-10-16T13:00:00Z",
                "local": "2017-10-16T06:00:00-07:00"
            }
        }
    },
    {
        "value": 19.0,
        "flagInfo": {
            "hasFlags": false
        },
        "parameter": {
            "id": 2,
            "name": "pm25",
            "units": "\u00b5g/m\u00b3",
            "displayName": null
        },
        "period": {
            "label": "raw",
            "interval": "01:00:00",
            "datetimeFrom": {
                "utc": "2017-10-16T23:00:00Z",
                "local": "2017-10-16T16:00:00-07:00"
            },
            "datetimeTo": {
                "utc": "2017-10-17T00:00:00Z",
                "local": "2017-10-16T17:00:00-07:00"
            }
        },
        "coordinates": null,
        "summary": null,
        "coverage": {
            "expectedCount": 1,
            "expectedInterval": "01:00:00",
            "observedCount": 1,
            "observedInterval": "01:00:00",
            "percentComplete": 100.0,
            "percentCoverage": 100.0,
            "datetimeFrom": {
                "utc": "2017-10-16T23:00:00Z",
                "local": "2017-10-16T16:00:00-07:00"
            },
            "datetimeTo": {
                "utc": "2017-10-17T00:00:00Z",
                "local": "2017-10-16T17:00:00-07:00"
            }
        }
    },
    {
        "value": 13.0,
        "flagInfo": {
            "hasFlags": false
        },
        "parameter": {
            "id": 2,
            "name": "pm25",
            "units": "\u00b5g/m\u00b3",
            "displayName": null
        },
        "period": {
            "label": "raw",
            "interval": "01:00:00",
            "datetimeFrom": {
                "utc": "2017-10-17T00:00:00Z",
                "local": "2017-10-16T17:00:00-07:00"
            },
            "datetimeTo": {
                "utc": "2017-10-17T01:00:00Z",
                "local": "2017-10-16T18:00:00-07:00"
            }
        },
        "coordinates": null,
        "summary": null,
        "coverage": {
            "expectedCount": 1,
            "expectedInterval": "01:00:00",
            "observedCount": 1,
            "observedInterval": "01:00:00",
            "percentComplete": 100.0,
            "percentCoverage": 100.0,
            "datetimeFrom": {
                "utc": "2017-10-17T00:00:00Z",
                "local": "2017-10-16T17:00:00-07:00"
            },
            "datetimeTo": {
                "utc": "2017-10-17T01:00:00Z",
                "local": "2017-10-16T18:00:00-07:00"
            }
        }
    },
    {
        "value": 6.0,
        "flagInfo": {
            "hasFlags": false
        },
        "parameter": {
            "id": 2,
            "name": "pm25",
            "units": "\u00b5g/m\u00b3",
            "displayName": null
        },
        "period": {
            "label": "raw",
            "interval": "01:00:00",
            "datetimeFrom": {
                "utc": "2017-10-17T01:00:00Z",
                "local": "2017-10-16T18:00:00-07:00"
            },
            "datetimeTo": {
                "utc": "2017-10-17T02:00:00Z",
                "local": "2017-10-16T19:00:00-07:00"
            }
        },
        "coordinates": null,
        "summary": null,
        "coverage": {
            "expectedCount": 1,
            "expectedInterval": "01:00:00",
            "observedCount": 1,
            "observedInterval": "01:00:00",
            "percentComplete": 100.0,
            "percentCoverage": 100.0,
            "datetimeFrom": {
                "utc": "2017-10-17T01:00:00Z",
                "local": "2017-10-16T18:00:00-07:00"
            },
            "datetimeTo": {
                "utc": "2017-10-17T02:00:00Z",
                "local": "2017-10-16T19:00:00-07:00"
            }
        }
    },
    {
        "value": 13.0,
        "flagInfo": {
            "hasFlags": false
        },
        "parameter": {
            "id": 2,
            "name": "pm25",
            "units": "\u00b5g/m\u00b3",
            "displayName": null
        },
        "period": {
            "label": "raw",
            "interval": "01:00:00",
            "datetimeFrom": {
                "utc": "2017-10-17T02:00:00Z",
                "local": "2017-10-16T19:00:00-07:00"
            },
            "datetimeTo": {
                "utc": "2017-10-17T03:00:00Z",
                "local": "2017-10-16T20:00:00-07:00"
            }
        },
        "coordinates": null,
        "summary": null,
        "coverage": {
            "expectedCount": 1,
            "expectedInterval": "01:00:00",
            "observedCount": 1,
            "observedInterval": "01:00:00",
            "percentComplete": 100.0,
            "percentCoverage": 100.0,
            "datetimeFrom": {
                "utc": "2017-10-17T02:00:00Z",
                "local": "2017-10-16T19:00:00-07:00"
            },
            "datetimeTo": {
                "utc": "2017-10-17T03:00:00Z",
                "local": "2017-10-16T20:00:00-07:00"
            }
        }
    },
    {
        "value": 26.0,
        "flagInfo": {
            "hasFlags": false
        },
        "parameter": {
            "id": 2,
            "name": "pm25",
            "units": "\u00b5g/m\u00b3",
            "displayName": null
        },
        "period": {
            "label": "raw",
            "interval": "01:00:00",
            "datetimeFrom": {
                "utc": "2017-10-17T03:00:00Z",
                "local": "2017-10-16T20:00:00-07:00"
            },
            "datetimeTo": {
                "utc": "2017-10-17T04:00:00Z",
                "local": "2017-10-16T21:00:00-07:00"
            }
        },
        "coordinates": null,
        "summary": null,
        "coverage": {
            "expectedCount": 1,
            "expectedInterval": "01:00:00",
            "observedCount": 1,
            "observedInterval": "01:00:00",
            "percentComplete": 100.0,
            "percentCoverage": 100.0,
            "datetimeFrom": {
                "utc": "2017-10-17T03:00:00Z",
                "local": "2017-10-16T20:00:00-07:00"
            },
            "datetimeTo": {
                "utc": "2017-10-17T04:00:00Z",
                "local": "2017-10-16T21:00:00-07:00"
            }
        }
    },
    {
        "value": 17.0,
        "flagInfo": {
            "hasFlags": false
        },
        "parameter": {
            "id": 2,
            "name": "pm25",
            "units": "\u00b5g/m\u00b3",
            "displayName": null
        },
        "period": {
            "label": "raw",
            "interval": "01:00:00",
            "datetimeFrom": {
                "utc": "2017-10-17T04:00:00Z",
                "local": "2017-10-16T21:00:00-07:00"
            },
            "datetimeTo": {
                "utc": "2017-10-17T05:00:00Z",
                "local": "2017-10-16T22:00:00-07:00"
            }
        },
        "coordinates": null,
        "summary": null,
        "coverage": {
            "expectedCount": 1,
            "expectedInterval": "01:00:00",
            "observedCount": 1,
            "observedInterval": "01:00:00",
            "percentComplete": 100.0,
            "percentCoverage": 100.0,
            "datetimeFrom": {
                "utc": "2017-10-17T04:00:00Z",
                "local": "2017-10-16T21:00:00-07:00"
            },
            "datetimeTo": {
                "utc": "2017-10-17T05:00:00Z",
                "local": "2017-10-16T22:00:00-07:00"
            }
        }
    },
    {
        "value": 17.0,
        "flagInfo": {
            "hasFlags": false
        },
        "parameter": {
            "id": 2,
            "name": "pm25",
            "units": "\u00b5g/m\u00b3",
            "displayName": null
        },
        "period": {
            "label": "raw",
            "interval": "01:00:00",
            "datetimeFrom": {
                "utc": "2017-10-17T05:00:00Z",
                "local": "2017-10-16T22:00:00-07:00"
            },
            "datetimeTo": {
                "utc": "2017-10-17T06:00:00Z",
                "local": "2017-10-16T23:00:00-07:00"
            }
        },
        "coordinates": null,
        "summary": null,
        "coverage": {
            "expectedCount": 1,
            "expectedInterval": "01:00:00",
            "observedCount": 1,
            "observedInterval": "01:00:00",
            "percentComplete": 100.0,
            "percentCoverage": 100.0,
            "datetimeFrom": {
                "utc": "2017-10-17T05:00:00Z",
                "local": "2017-10-16T22:00:00-07:00"
            },
            "datetimeTo": {
                "utc": "2017-10-17T06:00:00Z",
                "local": "2017-10-16T23:00:00-07:00"
            }
        }
    },
    {
        "value": 19.0,
        "flagInfo": {
            "hasFlags": false
        },
        "parameter": {
            "id": 2,
            "name": "pm25",
            "units": "\u00b5g/m\u00b3",
            "displayName": null
        },
        "period": {
            "label": "raw",
            "interval": "01:00:00",
            "datetimeFrom": {
                "utc": "2017-10-17T07:00:00Z",
                "local": "2017-10-17T00:00:00-07:00"
            },
            "datetimeTo": {
                "utc": "2017-10-17T08:00:00Z",
                "local": "2017-10-17T01:00:00-07:00"
            }
        },
        "coordinates": null,
        "summary": null,
        "coverage": {
            "expectedCount": 1,
            "expectedInterval": "01:00:00",
            "observedCount": 1,
            "observedInterval": "01:00:00",
            "percentComplete": 100.0,
            "percentCoverage": 100.0,
            "datetimeFrom": {
                "utc": "2017-10-17T07:00:00Z",
                "local": "2017-10-17T00:00:00-07:00"
            },
            "datetimeTo": {
                "utc": "2017-10-17T08:00:00Z",
                "local": "2017-10-17T01:00:00-07:00"
            }
        }
    },
    {
        "value": 9.0,
        "flagInfo": {
            "hasFlags": false
        },
        "parameter": {
            "id": 2,
            "name": "pm25",
            "units": "\u00b5g/m\u00b3",
            "displayName": null
        },
        "period": {
            "label": "raw",
            "interval": "01:00:00",
            "datetimeFrom": {
                "utc": "2017-10-17T13:00:00Z",
                "local": "2017-10-17T06:00:00-07:00"
            },
            "datetimeTo": {
                "utc": "2017-10-17T14:00:00Z",
                "local": "2017-10-17T07:00:00-07:00"
            }
        },
        "coordinates": null,
        "summary": null,
        "coverage": {
            "expectedCount": 1,
            "expectedInterval": "01:00:00",
            "observedCount": 1,
            "observedInterval": "01:00:00",
            "percentComplete": 100.0,
            "percentCoverage": 100.0,
            "datetimeFrom": {
                "utc": "2017-10-17T13:00:00Z",
                "local": "2017-10-17T06:00:00-07:00"
            },
            "datetimeTo": {
                "utc": "2017-10-17T14:00:00Z",
                "local": "2017-10-17T07:00:00-07:00"
            }
        }
    },
    {
        "value": 18.0,
        "flagInfo": {
            "hasFlags": false
        },
        "parameter": {
            "id": 2,
            "name": "pm25",
            "units": "\u00b5g/m\u00b3",
            "displayName": null
        },
        "period": {
            "label": "raw",
            "interval": "01:00:00",
            "datetimeFrom": {
                "utc": "2017-10-17T14:00:00Z",
                "local": "2017-10-17T07:00:00-07:00"
            },
            "datetimeTo": {
                "utc": "2017-10-17T15:00:00Z",
                "local": "2017-10-17T08:00:00-07:00"
            }
        },
        "coordinates": null,
        "summary": null,
        "coverage": {
            "expectedCount": 1,
            "expectedInterval": "01:00:00",
            "observedCount": 1,
            "observedInterval": "01:00:00",
            "percentComplete": 100.0,
            "percentCoverage": 100.0,
            "datetimeFrom": {
                "utc": "2017-10-17T14:00:00Z",
                "local": "2017-10-17T07:00:00-07:00"
            },
            "datetimeTo": {
                "utc": "2017-10-17T15:00:00Z",
                "local": "2017-10-17T08:00:00-07:00"
            }
        }
    },
    {
        "value": 9.0,
        "flagInfo": {
            "hasFlags": false
        },
        "parameter": {
            "id": 2,
            "name": "pm25",
            "units": "\u00b5g/m\u00b3",
            "displayName": null
        },
        "period": {
            "label": "raw",
            "interval": "01:00:00",
            "datetimeFrom": {
                "utc": "2017-10-17T15:00:00Z",
                "local": "2017-10-17T08:00:00-07:00"
            },
            "datetimeTo": {
                "utc": "2017-10-17T16:00:00Z",
                "local": "2017-10-17T09:00:00-07:00"
            }
        },
        "coordinates": null,
        "summary": null,
        "coverage": {
            "expectedCount": 1,
            "expectedInterval": "01:00:00",
            "observedCount": 1,
            "observedInterval": "01:00:00",
            "percentComplete": 100.0,
            "percentCoverage": 100.0,
            "datetimeFrom": {
                "utc": "2017-10-17T15:00:00Z",
                "local": "2017-10-17T08:00:00-07:00"
            },
            "datetimeTo": {
                "utc": "2017-10-17T16:00:00Z",
                "local": "2017-10-17T09:00:00-07:00"
            }
        }
    },
    {
        "value": 31.0,
        "flagInfo": {
            "hasFlags": false
        },
        "parameter": {
            "id": 2,
            "name": "pm25",
            "units": "\u00b5g/m\u00b3",
            "displayName": null
        },
        "period": {
            "label": "raw",
            "interval": "01:00:00",
            "datetimeFrom": {
                "utc": "2017-10-17T19:00:00Z",
                "local": "2017-10-17T12:00:00-07:00"
            },
            "datetimeTo": {
                "utc": "2017-10-17T20:00:00Z",
                "local": "2017-10-17T13:00:00-07:00"
            }
        },
        "coordinates": null,
        "summary": null,
        "coverage": {
            "expectedCount": 1,
            "expectedInterval": "01:00:00",
            "observedCount": 1,
            "observedInterval": "01:00:00",
            "percentComplete": 100.0,
            "percentCoverage": 100.0,
            "datetimeFrom": {
                "utc": "2017-10-17T19:00:00Z",
                "local": "2017-10-17T12:00:00-07:00"
            },
            "datetimeTo": {
                "utc": "2017-10-17T20:00:00Z",
                "local": "2017-10-17T13:00:00-07:00"
            }
        }
    },
    {
        "value": 7.0,
        "flagInfo": {
            "hasFlags": false
        },
        "parameter": {
            "id": 2,
            "name": "pm25",
            "units": "\u00b5g/m\u00b3",
            "displayName": null
        },
        "period": {
            "label": "raw",
            "interval": "01:00:00",
            "datetimeFrom": {
                "utc": "2017-10-17T21:00:00Z",
                "local": "2017-10-17T14:00:00-07:00"
            },
            "datetimeTo": {
                "utc": "2017-10-17T22:00:00Z",
                "local": "2017-10-17T15:00:00-07:00"
            }
        },
        "coordinates": null,
        "summary": null,
        "coverage": {
            "expectedCount": 1,
            "expectedInterval": "01:00:00",
            "observedCount": 1,
            "observedInterval": "01:00:00",
            "percentComplete": 100.0,
            "percentCoverage": 100.0,
            "datetimeFrom": {
                "utc": "2017-10-17T21:00:00Z",
                "local": "2017-10-17T14:00:00-07:00"
            },
            "datetimeTo": {
                "utc": "2017-10-17T22:00:00Z",
                "local": "2017-10-17T15:00:00-07:00"
            }
        }
    },
    {
        "value": 14.0,
        "flagInfo": {
            "hasFlags": false
        },
        "parameter": {
            "id": 2,
            "name": "pm25",
            "units": "\u00b5g/m\u00b3",
            "displayName": null
        },
        "period": {
            "label": "raw",
            "interval": "01:00:00",
            "datetimeFrom": {
                "utc": "2017-10-17T22:00:00Z",
                "local": "2017-10-17T15:00:00-07:00"
            },
            "datetimeTo": {
                "utc": "2017-10-17T23:00:00Z",
                "local": "2017-10-17T16:00:00-07:00"
            }
        },
        "coordinates": null,
        "summary": null,
        "coverage": {
            "expectedCount": 1,
            "expectedInterval": "01:00:00",
            "observedCount": 1,
            "observedInterval": "01:00:00",
            "percentComplete": 100.0,
            "percentCoverage": 100.0,
            "datetimeFrom": {
                "utc": "2017-10-17T22:00:00Z",
                "local": "2017-10-17T15:00:00-07:00"
            },
            "datetimeTo": {
                "utc": "2017-10-17T23:00:00Z",
                "local": "2017-10-17T16:00:00-07:00"
            }
        }
    },
    {
        "value": 11.0,
        "flagInfo": {
            "hasFlags": false
        },
        "parameter": {
            "id": 2,
            "name": "pm25",
            "units": "\u00b5g/m\u00b3",
            "displayName": null
        },
        "period": {
            "label": "raw",
            "interval": "01:00:00",
            "datetimeFrom": {
                "utc": "2017-10-18T00:00:00Z",
                "local": "2017-10-17T17:00:00-07:00"
            },
            "datetimeTo": {
                "utc": "2017-10-18T01:00:00Z",
                "local": "2017-10-17T18:00:00-07:00"
            }
        },
        "coordinates": null,
        "summary": null,
        "coverage": {
            "expectedCount": 1,
            "expectedInterval": "01:00:00",
            "observedCount": 1,
            "observedInterval": "01:00:00",
            "percentComplete": 100.0,
            "percentCoverage": 100.0,
            "datetimeFrom": {
                "utc": "2017-10-18T00:00:00Z",
                "local": "2017-10-17T17:00:00-07:00"
            },
            "datetimeTo": {
                "utc": "2017-10-18T01:00:00Z",
                "local": "2017-10-17T18:00:00-07:00"
            }
        }
    },
    {
        "value": 11.0,
        "flagInfo": {
            "hasFlags": false
        },
        "parameter": {
            "id": 2,
            "name": "pm25",
            "units": "\u00b5g/m\u00b3",
            "displayName": null
        },
        "period": {
            "label": "raw",
            "interval": "01:00:00",
            "datetimeFrom": {
                "utc": "2017-10-18T01:00:00Z",
                "local": "2017-10-17T18:00:00-07:00"
            },
            "datetimeTo": {
                "utc": "2017-10-18T02:00:00Z",
                "local": "2017-10-17T19:00:00-07:00"
            }
        },
        "coordinates": null,
        "summary": null,
        "coverage": {
            "expectedCount": 1,
            "expectedInterval": "01:00:00",
            "observedCount": 1,
            "observedInterval": "01:00:00",
            "percentComplete": 100.0,
            "percentCoverage": 100.0,
            "datetimeFrom": {
                "utc": "2017-10-18T01:00:00Z",
                "local": "2017-10-17T18:00:00-07:00"
            },
            "datetimeTo": {
                "utc": "2017-10-18T02:00:00Z",
                "local": "2017-10-17T19:00:00-07:00"
            }
        }
    },
    {
        "value": 13.0,
        "flagInfo": {
            "hasFlags": false
        },
        "parameter": {
            "id": 2,
            "name": "pm25",
            "units": "\u00b5g/m\u00b3",
            "displayName": null
        },
        "period": {
            "label": "raw",
            "interval": "01:00:00",
            "datetimeFrom": {
                "utc": "2017-10-18T04:00:00Z",
                "local": "2017-10-17T21:00:00-07:00"
            },
            "datetimeTo": {
                "utc": "2017-10-18T05:00:00Z",
                "local": "2017-10-17T22:00:00-07:00"
            }
        },
        "coordinates": null,
        "summary": null,
        "coverage": {
            "expectedCount": 1,
            "expectedInterval": "01:00:00",
            "observedCount": 1,
            "observedInterval": "01:00:00",
            "percentComplete": 100.0,
            "percentCoverage": 100.0,
            "datetimeFrom": {
                "utc": "2017-10-18T04:00:00Z",
                "local": "2017-10-17T21:00:00-07:00"
            },
            "datetimeTo": {
                "utc": "2017-10-18T05:00:00Z",
                "local": "2017-10-17T22:00:00-07:00"
            }
        }
    },
    {
        "value": 18.0,
        "flagInfo": {
            "hasFlags": false
        },
        "parameter": {
            "id": 2,
            "name": "pm25",
            "units": "\u00b5g/m\u00b3",
            "displayName": null
        },
        "period": {
            "label": "raw",
            "interval": "01:00:00",
            "datetimeFrom": {
                "utc": "2017-10-18T05:00:00Z",
                "local": "2017-10-17T22:00:00-07:00"
            },
            "datetimeTo": {
                "utc": "2017-10-18T06:00:00Z",
                "local": "2017-10-17T23:00:00-07:00"
            }
        },
        "coordinates": null,
        "summary": null,
        "coverage": {
            "expectedCount": 1,
            "expectedInterval": "01:00:00",
            "observedCount": 1,
            "observedInterval": "01:00:00",
            "percentComplete": 100.0,
            "percentCoverage": 100.0,
            "datetimeFrom": {
                "utc": "2017-10-18T05:00:00Z",
                "local": "2017-10-17T22:00:00-07:00"
            },
            "datetimeTo": {
                "utc": "2017-10-18T06:00:00Z",
                "local": "2017-10-17T23:00:00-07:00"
            }
        }
    },
    {
        "value": 13.0,
        "flagInfo": {
            "hasFlags": false
        },
        "parameter": {
            "id": 2,
            "name": "pm25",
            "units": "\u00b5g/m\u00b3",
            "displayName": null
        },
        "period": {
            "label": "raw",
            "interval": "01:00:00",
            "datetimeFrom": {
                "utc": "2017-10-18T07:00:00Z",
                "local": "2017-10-18T00:00:00-07:00"
            },
            "datetimeTo": {
                "utc": "2017-10-18T08:00:00Z",
                "local": "2017-10-18T01:00:00-07:00"
            }
        },
        "coordinates": null,
        "summary": null,
        "coverage": {
            "expectedCount": 1,
            "expectedInterval": "01:00:00",
            "observedCount": 1,
            "observedInterval": "01:00:00",
            "percentComplete": 100.0,
            "percentCoverage": 100.0,
            "datetimeFrom": {
                "utc": "2017-10-18T07:00:00Z",
                "local": "2017-10-18T00:00:00-07:00"
            },
            "datetimeTo": {
                "utc": "2017-10-18T08:00:00Z",
                "local": "2017-10-18T01:00:00-07:00"
            }
        }
    },
    {
        "value": 14.0,
        "flagInfo": {
            "hasFlags": false
        },
        "parameter": {
            "id": 2,
            "name": "pm25",
            "units": "\u00b5g/m\u00b3",
            "displayName": null
        },
        "period": {
            "label": "raw",
            "interval": "01:00:00",
            "datetimeFrom": {
                "utc": "2017-10-18T08:00:00Z",
                "local": "2017-10-18T01:00:00-07:00"
            },
            "datetimeTo": {
                "utc": "2017-10-18T09:00:00Z",
                "local": "2017-10-18T02:00:00-07:00"
            }
        },
        "coordinates": null,
        "summary": null,
        "coverage": {
            "expectedCount": 1,
            "expectedInterval": "01:00:00",
            "observedCount": 1,
            "observedInterval": "01:00:00",
            "percentComplete": 100.0,
            "percentCoverage": 100.0,
            "datetimeFrom": {
                "utc": "2017-10-18T08:00:00Z",
                "local": "2017-10-18T01:00:00-07:00"
            },
            "datetimeTo": {
                "utc": "2017-10-18T09:00:00Z",
                "local": "2017-10-18T02:00:00-07:00"
            }
        }
    },
    {
        "value": 14.0,
        "flagInfo": {
            "hasFlags": false
        },
        "parameter": {
            "id": 2,
            "name": "pm25",
            "units": "\u00b5g/m\u00b3",
            "displayName": null
        },
        "period": {
            "label": "raw",
            "interval": "01:00:00",
            "datetimeFrom": {
                "utc": "2017-10-18T09:00:00Z",
                "local": "2017-10-18T02:00:00-07:00"
            },
            "datetimeTo": {
                "utc": "2017-10-18T10:00:00Z",
                "local": "2017-10-18T03:00:00-07:00"
            }
        },
        "coordinates": null,
        "summary": null,
        "coverage": {
            "expectedCount": 1,
            "expectedInterval": "01:00:00",
            "observedCount": 1,
            "observedInterval": "01:00:00",
            "percentComplete": 100.0,
            "percentCoverage": 100.0,
            "datetimeFrom": {
                "utc": "2017-10-18T09:00:00Z",
                "local": "2017-10-18T02:00:00-07:00"
            },
            "datetimeTo": {
                "utc": "2017-10-18T10:00:00Z",
                "local": "2017-10-18T03:00:00-07:00"
            }
        }
    },
    {
        "value": 14.0,
        "flagInfo": {
            "hasFlags": false
        },
        "parameter": {
            "id": 2,
            "name": "pm25",
            "units": "\u00b5g/m\u00b3",
            "displayName": null
        },
        "period": {
            "label": "raw",
            "interval": "01:00:00",
            "datetimeFrom": {
                "utc": "2017-10-18T12:00:00Z",
                "local": "2017-10-18T05:00:00-07:00"
            },
            "datetimeTo": {
                "utc": "2017-10-18T13:00:00Z",
                "local": "2017-10-18T06:00:00-07:00"
            }
        },
        "coordinates": null,
        "summary": null,
        "coverage": {
            "expectedCount": 1,
            "expectedInterval": "01:00:00",
            "observedCount": 1,
            "observedInterval": "01:00:00",
            "percentComplete": 100.0,
            "percentCoverage": 100.0,
            "datetimeFrom": {
                "utc": "2017-10-18T12:00:00Z",
                "local": "2017-10-18T05:00:00-07:00"
            },
            "datetimeTo": {
                "utc": "2017-10-18T13:00:00Z",
                "local": "2017-10-18T06:00:00-07:00"
            }
        }
    },
    {
        "value": 19.0,
        "flagInfo": {
            "hasFlags": false
        },
        "parameter": {
            "id": 2,
            "name": "pm25",
            "units": "\u00b5g/m\u00b3",
            "displayName": null
        },
        "period": {
            "label": "raw",
            "interval": "01:00:00",
            "datetimeFrom": {
                "utc": "2017-10-18T19:00:00Z",
                "local": "2017-10-18T12:00:00-07:00"
            },
            "datetimeTo": {
                "utc": "2017-10-18T20:00:00Z",
                "local": "2017-10-18T13:00:00-07:00"
            }
        },
        "coordinates": null,
        "summary": null,
        "coverage": {
            "expectedCount": 1,
            "expectedInterval": "01:00:00",
            "observedCount": 1,
            "observedInterval": "01:00:00",
            "percentComplete": 100.0,
            "percentCoverage": 100.0,
            "datetimeFrom": {
                "utc": "2017-10-18T19:00:00Z",
                "local": "2017-10-18T12:00:00-07:00"
            },
            "datetimeTo": {
                "utc": "2017-10-18T20:00:00Z",
                "local": "2017-10-18T13:00:00-07:00"
            }
        }
    },
    {
        "value": 17.0,
        "flagInfo": {
            "hasFlags": false
        },
        "parameter": {
            "id": 2,
            "name": "pm25",
            "units": "\u00b5g/m\u00b3",
            "displayName": null
        },
        "period": {
            "label": "raw",
            "interval": "01:00:00",
            "datetimeFrom": {
                "utc": "2017-10-18T20:00:00Z",
                "local": "2017-10-18T13:00:00-07:00"
            },
            "datetimeTo": {
                "utc": "2017-10-18T21:00:00Z",
                "local": "2017-10-18T14:00:00-07:00"
            }
        },
        "coordinates": null,
        "summary": null,
        "coverage": {
            "expectedCount": 1,
            "expectedInterval": "01:00:00",
            "observedCount": 1,
            "observedInterval": "01:00:00",
            "percentComplete": 100.0,
            "percentCoverage": 100.0,
            "datetimeFrom": {
                "utc": "2017-10-18T20:00:00Z",
                "local": "2017-10-18T13:00:00-07:00"
            },
            "datetimeTo": {
                "utc": "2017-10-18T21:00:00Z",
                "local": "2017-10-18T14:00:00-07:00"
            }
        }
    }
]