[
    {
        "value": 19.0,
        "flagInfo": {
            "hasFlags": false
        },
        "parameter": {
            "id": 2,
            "name": "pm25",
            "units": "\u00b5g/m\u00b3",
            "displayName": null
        },
        "period": {
            "label": "raw",
            "interval": "01:00:00",
            "datetimeFrom": {
                "utc": "2016-09-21T07:00:00Z",
                "local": "2016-09-21T00:00:00-07:00"
            },
            "datetimeTo": {
                "utc": "2016-09-21T08:00:00Z",
                "local": "2016-09-21T01:00:00-07:00"
            }
        },
        "coordinates": null,
        "summary": null,
        "coverage": {
            "expectedCount": 1,
            "expectedInterval": "01:00:00",
            "observedCount": 1,
            "observedInterval": "01:00:00",
            "percentComplete": 100.0,
            "percentCoverage": 100.0,
            "datetimeFrom": {
                "utc": "2016-09-21T07:00:00Z",
                "local": "2016-09-21T00:00:00-07:00"
            },
            "datetimeTo": {
                "utc": "2016-09-21T08:00:00Z",
                "local": "2016-09-21T01:00:00-07:00"
            }
        }
    },
    {
        "value": 25.0,
        "flagInfo": {
            "hasFlags": false
        },
        "parameter": {
            "id": 2,
            "name": "pm25",
            "units": "\u00b5g/m\u00b3",
            "displayName": null
        },
        "period": {
            "label": "raw",
            "interval": "01:00:00",
            "datetimeFrom": {
                "utc": "2016-09-21T08:00:00Z",
                "local": "2016-09-21T01:00:00-07:00"
            },
            "datetimeTo": {
                "utc": "2016-09-21T09:00:00Z",
                "local": "2016-09-21T02:00:00-07:00"
            }
        },
        "coordinates": null,
        "summary": null,
        "coverage": {
            "expectedCount": 1,
            "expectedInterval": "01:00:00",
            "observedCount": 1,
            "observedInterval": "01:00:00",
            "percentComplete": 100.0,
            "percentCoverage": 100.0,
            "datetimeFrom": {
                "utc": "2016-09-21T08:00:00Z",
                "local": "2016-09-21T01:00:00-07:00"
            },
            "datetimeTo": {
                "utc": "2016-09-21T09:00:00Z",
                "local": "2016-09-21T02:00:00-07:00"
            }
        }
    },
    {
        "value": 10.0,
        "flagInfo": {
            "hasFlags": false
        },
        "parameter": {
            "id": 2,
            "name": "pm25",
            "units": "\u00b5g/m\u00b3",
            "displayName": null
        },
        "period": {
            "label": "raw",
            "interval": "01:00:00",
            "datetimeFrom": {
                "utc": "2016-09-21T09:00:00Z",
                "local": "2016-09-21T02:00:00-07:00"
            },
            "datetimeTo": {
                "utc": "2016-09-21T10:00:00Z",
                "local": "2016-09-21T03:00:00-07:00"
            }
        },
        "coordinates": null,
        "summary": null,
        "coverage": {
            "expectedCount": 1,
            "expectedInterval": "01:00:00",
            "observedCount": 1,
            "observedInterval": "01:00:00",
            "percentComplete": 100.0,
            "percentCoverage": 100.0,
            "datetimeFrom": {
                "utc": "2016-09-21T09:00:00Z",
                "local": "2016-09-21T02:00:00-07:00"
            },
            "datetimeTo": {
                "utc": "2016-09-21T10:00:00Z",
                "local": "2016-09-21T03:00:00-07:00"
            }
        }
    },
    {
        "value": 18.0,
        "flagInfo": {
            "hasFlags": false
        },
        "parameter": {
            "id": 2,
            "name": "pm25",
            "units": "\u00b5g/m\u00b3",
            "displayName": null
        },
        "period": {
            "label": "raw",
            "interval": "01:00:00",
            "datetimeFrom": {
                "utc": "2016-09-21T10:00:00Z",
                "local": "2016-09-21T03:00:00-07:00"
            },
            "datetimeTo": {
                "utc": "2016-09-21T11:00:00Z",
                "local": "2016-09-21T04:00:00-07:00"
            }
        },
        "coordinates": null,
        "summary": null,
        "coverage": {
            "expectedCount": 1,
            "expectedInterval": "01:00:00",
            "observedCount": 1,
            "observedInterval": "01:00:00",
            "percentComplete": 100.0,
            "percentCoverage": 100.0,
            "datetimeFrom": {
                "utc": "2016-09-21T10:00:00Z",
                "local": "2016-09-21T03:00:00-07:00"
            },
            "datetimeTo": {
                "utc": "2016-09-21T11:00:00Z",
                "local": "2016-09-21T04:00:00-07:00"
            }
        }
    },
    {
        "value": 12.0,
        "flagInfo": {
            "hasFlags": false
        },
        "parameter": {
            "id": 2,
            "name": "pm25",
            "units": "\u00b5g/m\u00b3",
            "displayName": null
        },
        "period": {
            "label": "raw",
            "interval": "01:00:00",
            "datetimeFrom": {
                "utc": "2016-09-21T11:00:00Z",
                "local": "2016-09-21T04:00:00-07:00"
            },
            "datetimeTo": {
                "utc": "2016-09-21T12:00:00Z",
                "local": "2016-09-21T05:00:00-07:00"
            }
        },
        "coordinates": null,
        "summary": null,
        "coverage": {
            "expectedCount": 1,
            "expectedInterval": "01:00:00",
            "observedCount": 1,
            "observedInterval": "01:00:00",
            "percentComplete": 100.0,
            "percentCoverage": 100.0,
            "datetimeFrom": {
                "utc": "2016-09-21T11:00:00Z",
                "local": "2016-09-21T04:00:00-07:00"
            },
            "datetimeTo": {
                "utc": "2016-09-21T12:00:00Z",
                "local": "2016-09-21T05:00:00-07:00"
            }
        }
    },
    {
        "value": 20.0,
        "flagInfo": {
            "hasFlags": false
        },
        "parameter": {
            "id": 2,
            "name": "pm25",
            "units": "\u00b5g/m\u00b3",
            "displayName": null
        },
        "period": {
            "label": "raw",
            "interval": "01:00:00",
            "datetimeFrom": {
                "utc": "2016-09-21T12:00:00Z",
                "local": "2016-09-21T05:00:00-07:00"
            },
            "datetimeTo": {
                "utc": "2016-09-21T13:00:00Z",
                "local": "2016-09-21T06:00:00-07:00"
            }
        },
        "coordinates": null,
        "summary": null,
        "coverage": {
            "expectedCount": 1,
            "expectedInterval": "01:00:00",
            "observedCount": 1,
            "observedInterval": "01:00:00",
            "percentComplete": 100.0,
            "percentCoverage": 100.0,
            "datetimeFrom": {
                "utc": "2016-09-21T12:00:00Z",
                "local": "2016-09-21T05:00:00-07:00"
            },
            "datetimeTo": {
                "utc": "2016-09-21T13:00:00Z",
                "local": "2016-09-21T06:00:00-07:00"
            }
        }
    },
    {
        "value": 23.0,
        "flagInfo": {
            "hasFlags": false
        },
        "parameter": {
            "id": 2,
            "name": "pm25",
            "units": "\u00b5g/m\u00b3",
            "displayName": null
        },
        "period": {
            "label": "raw",
            "interval": "01:00:00",
            "datetimeFrom": {
                "utc": "2016-09-21T13:00:00Z",
                "local": "2016-09-21T06:00:00-07:00"
            },
            "datetimeTo": {
                "utc": "2016-09-21T14:00:00Z",
                "local": "2016-09-21T07:00:00-07:00"
            }
        },
        "coordinates": null,
        "summary": null,
        "coverage": {
            "expectedCount": 1,
            "expectedInterval": "01:00:00",
            "observedCount": 1,
            "observedInterval": "01:00:00",
            "percentComplete": 100.0,
            "percentCoverage": 100.0,
            "datetimeFrom": {
                "utc": "2016-09-21T13:00:00Z",
                "local": "2016-09-21T06:00:00-07:00"
            },
            "datetimeTo": {
                "utc": "2016-09-21T14:00:00Z",
                "local": "2016-09-21T07:00:00-07:00"
            }
        }
    },
    {
        "value": 13.0,
        "flagInfo": {
            "hasFlags": false
        },
        "parameter": {
            "id": 2,
            "name": "pm25",
            "units": "\u00b5g/m\u00b3",
            "displayName": null
        },
        "period": {
            "label": "raw",
            "interval": "01:00:00",
            "datetimeFrom": {
                "utc": "2016-09-21T14:00:00Z",
                "local": "2016-09-21T07:00:00-07:00"
            },
            "datetimeTo": {
                "utc": "2016-09-21T15:00:00Z",
                "local": "2016-09-21T08:00:00-07:00"
            }
        },
        "coordinates": null,
        "summary": null,
        "coverage": {
            "expectedCount": 1,
            "expectedInterval": "01:00:00",
            "observedCount": 1,
            "observedInterval": "01:00:00",
            "percentComplete": 100.0,
            "percentCoverage": 100.0,
            "datetimeFrom": {
                "utc": "2016-09-21T14:00:00Z",
                "local": "2016-09-21T07:00:00-07:00"
            },
            "datetimeTo": {
                "utc": "2016-09-21T15:00:00Z",
                "local": "2016-09-21T08:00:00-07:00"
            }
        }
    },
    {
        "value": 16.0,
        "flagInfo": {
            "hasFlags": false
        },
        "parameter": {
            "id": 2,
            "name": "pm25",
            "units": "\u00b5g/m\u00b3",
            "displayName": null
        },
        "period": {
            "label": "raw",
            "interval": "01:00:00",
            "datetimeFrom": {
                "utc": "2016-09-21T15:00:00Z",
                "local": "2016-09-21T08:00:00-07:00"
            },
            "datetimeTo": {
                "utc": "2016-09-21T16:00:00Z",
                "local": "2016-09-21T09:00:00-07:00"
            }
        },
        "coordinates": null,
        "summary": null,
        "coverage": {
            "expectedCount": 1,
            "expectedInterval": "01:00:00",
            "observedCount": 1,
            "observedInterval": "01:00:00",
            "percentComplete": 100.0,
            "percentCoverage": 100.0,
            "datetimeFrom": {
                "utc": "2016-09-21T15:00:00Z",
                "local": "2016-09-21T08:00:00-07:00"
            },
            "datetimeTo": {
                "utc": "2016-09-21T16:00:00Z",
                "local": "2016-09-21T09:00:00-07:00"
            }
        }
    },
    {
        "value": 21.0,
        "flagInfo": {
            "hasFlags": false
        },
        "parameter": {
            "id": 2,
            "name": "pm25",
            "units": "\u00b5g/m\u00b3",
            "displayName": null
        },
        "period": {
            "label": "raw",
            "interval": "01:00:00",
            "datetimeFrom": {
                "utc": "2016-09-21T16:00:00Z",
                "local": "2016-09-21T09:00:00-07:00"
            },
            "datetimeTo": {
                "utc": "2016-09-21T17:00:00Z",
                "local": "2016-09-21T10:00:00-07:00"
            }
        },
        "coordinates": null,
        "summary": null,
        "coverage": {
            "expectedCount": 1,
            "expectedInterval": "01:00:00",
            "observedCount": 1,
            "observedInterval": "01:00:00",
            "percentComplete": 100.0,
            "percentCoverage": 100.0,
            "datetimeFrom": {
                "utc": "2016-09-21T16:00:00Z",
                "local": "2016-09-21T09:00:00-07:00"
            },
            "datetimeTo": {
                "utc": "2016-09-21T17:00:00Z",
                "local": "2016-09-21T10:00:00-07:00"
            }
        }
    },
    {
        "value": 9.0,
        "flagInfo": {
            "hasFlags": false
        },
        "parameter": {
            "id": 2,
            "name": "pm25",
            "units": "\u00b5g/m\u00b3",
            "displayName": null
        },
        "period": {
            "label": "raw",
            "interval": "01:00:00",
            "datetimeFrom": {
                "utc": "2016-09-21T17:00:00Z",
                "local": "2016-09-21T10:00:00-07:00"
            },
            "datetimeTo": {
                "utc": "2016-09-21T18:00:00Z",
                "local": "2016-09-21T11:00:00-07:00"
            }
        },
        "coordinates": null,
        "summary": null,
        "coverage": {
            "expectedCount": 1,
            "expectedInterval": "01:00:00",
            "observedCount": 1,
            "observedInterval": "01:00:00",
            "percentComplete": 100.0,
            "percentCoverage": 100.0,
            "datetimeFrom": {
                "utc": "2016-09-21T17:00:00Z",
                "local": "2016-09-21T10:00:00-07:00"
            },
            "datetimeTo": {
                "utc": "2016-09-21T18:00:00Z",
                "local": "2016-09-21T11:00:00-07:00"
            }
        }
    },
    {
        "value": 41.0,
        "flagInfo": {
            "hasFlags": false
        },
        "parameter": {
            "id": 2,
            "name": "pm25",
            "units": "\u00b5g/m\u00b3",
            "displayName": null
        },
        "period": {
            "label": "raw",
            "interval": "01:00:00",
            "datetimeFrom": {
                "utc": "2016-09-21T18:00:00Z",
                "local": "2016-09-21T11:00:00-07:00"
            },
            "datetimeTo": {
                "utc": "2016-09-21T19:00:00Z",
                "local": "2016-09-21T12:00:00-07:00"
            }
        },
        "coordinates": null,
        "summary": null,
        "coverage": {
            "expectedCount": 1,
            "expectedInterval": "01:00:00",
            "observedCount": 1,
            "observedInterval": "01:00:00",
            "percentComplete": 100.0,
            "percentCoverage": 100.0,
            "datetimeFrom": {
                "utc": "2016-09-21T18:00:00Z",
                "local": "2016-09-21T11:00:00-07:00"
            },
            "datetimeTo": {
                "utc": "2016-09-21T19:00:00Z",
                "local": "2016-09-21T12:00:00-07:00"
            }
        }
    },
    {
        "value": 12.0,
        "flagInfo": {
            "hasFlags": false
        },
        "parameter": {
            "id": 2,
            "name": "pm25",
            "units": "\u00b5g/m\u00b3",
            "displayName": null
        },
        "period": {
            "label": "raw",
            "interval": "01:00:00",
            "datetimeFrom": {
                "utc": "2017-09-19T06:00:00Z",
                "local": "2017-09-18T23:00:00-07:00"
            },
            "datetimeTo": {
                "utc": "2017-09-19T07:00:00Z",
                "local": "2017-09-19T00:00:00-07:00"
            }
        },
        "coordinates": null,
        "summary": null,
        "coverage": {
            "expectedCount": 1,
            "expectedInterval": "01:00:00",
            "observedCount": 1,
            "observedInterval": "01:00:00",
            "percentComplete": 100.0,
            "percentCoverage": 100.0,
            "datetimeFrom": {
                "utc": "2017-09-19T06:00:00Z",
                "local": "2017-09-18T23:00:00-07:00"
            },
            "datetimeTo": {
                "utc": "2017-09-19T07:00:00Z",
                "local": "2017-09-19T00:00:00-07:00"
            }
        }
    },
    {
        "value": 5.0,
        "flagInfo": {
            "hasFlags": false
        },
        "parameter": {
            "id": 2,
            "name": "pm25",
            "units": "\u00b5g/m\u00b3",
            "displayName": null
        },
        "period": {
            "label": "raw",
            "interval": "01:00:00",
            "datetimeFrom": {
                "utc": "2017-09-19T07:00:00Z",
                "local": "2017-09-19T00:00:00-07:00"
            },
            "datetimeTo": {
                "utc": "2017-09-19T08:00:00Z",
                "local": "2017-09-19T01:00:00-07:00"
            }
        },
        "coordinates": null,
        "summary": null,
        "coverage": {
            "expectedCount": 1,
            "expectedInterval": "01:00:00",
            "observedCount": 1,
            "observedInterval": "01:00:00",
            "percentComplete": 100.0,
            "percentCoverage": 100.0,
            "datetimeFrom": {
                "utc": "2017-09-19T07:00:00Z",
                "local": "2017-09-19T00:00:00-07:00"
            },
            "datetimeTo": {
                "utc": "2017-09-19T08:00:00Z",
                "local": "2017-09-19T01:00:00-07:00"
            }
        }
    },
    {
        "value": 5.0,
        "flagInfo": {
            "hasFlags": false
        },
        "parameter": {
            "id": 2,
            "name": "pm25",
            "units": "\u00b5g/m\u00b3",
            "displayName": null
        },
        "period": {
            "label": "raw",
            "interval": "01:00:00",
            "datetimeFrom": {
                "utc": "2017-09-30T14:00:00Z",
                "local": "2017-09-30T07:00:00-07:00"
            },
            "datetimeTo": {
                "utc": "2017-09-30T15:00:00Z",
                "local": "2017-09-30T08:00:00-07:00"
            }
        },
        "coordinates": null,
        "summary": null,
        "coverage": {
            "expectedCount": 1,
            "expectedInterval": "01:00:00",
            "observedCount": 1,
            "observedInterval": "01:00:00",
            "percentComplete": 100.0,
            "percentCoverage": 100.0,
            "datetimeFrom": {
                "utc": "2017-09-30T14:00:00Z",
                "local": "2017-09-30T07:00:00-07:00"
            },
            "datetimeTo": {
                "utc": "2017-09-30T15:00:00Z",
                "local": "2017-09-30T08:00:00-07:00"
            }
        }
    },
    {
        "value": -2.0,
        "flagInfo": {
            "hasFlags": false
        },
        "parameter": {
            "id": 2,
            "name": "pm25",
            "units": "\u00b5g/m\u00b3",
            "displayName": null
        },
        "period": {
            "label": "raw",
            "interval": "01:00:00",
            "datetimeFrom": {
                "utc": "2017-09-30T15:00:00Z",
                "local": "2017-09-30T08:00:00-07:00"
            },
            "datetimeTo": {
                "utc": "2017-09-30T16:00:00Z",
                "local": "2017-09-30T09:00:00-07:00"
            }
        },
        "coordinates": null,
        "summary": null,
        "coverage": {
            "expectedCount": 1,
            "expectedInterval": "01:00:00",
            "observedCount": 1,
            "observedInterval": "01:00:00",
            "percentComplete": 100.0,
            "percentCoverage": 100.0,
            "datetimeFrom": {
                "utc": "2017-09-30T15:00:00Z",
                "local": "2017-09-30T08:00:00-07:00"
            },
            "datetimeTo": {
                "utc": "2017-09-30T16:00:00Z",
                "local": "2017-09-30T09:00:00-07:00"
            }
        }
    },
    {
        "value": -1.0,
        "flagInfo": {
            "hasFlags": false
        },
        "parameter": {
            "id": 2,
            "name": "pm25",
            "units": "\u00b5g/m\u00b3",
            "displayName": null
        },
        "period": {
            "label": "raw",
            "interval": "01:00:00",
            "datetimeFrom": {
                "utc": "2017-09-30T17:00:00Z",
                "local": "2017-09-30T10:00:00-07:00"
            },
            "datetimeTo": {
                "utc": "2017-09-30T18:00:00Z",
                "local": "2017-09-30T11:00:00-07:00"
            }
        },
        "coordinates": null,
        "summary": null,
        "coverage": {
            "expectedCount": 1,
            "expectedInterval": "01:00:00",
            "observedCount": 1,
            "observedInterval": "01:00:00",
            "percentComplete": 100.0,
            "percentCoverage": 100.0,
            "datetimeFrom": {
                "utc": "2017-09-30T17:00:00Z",
                "local": "2017-09-30T10:00:00-07:00"
            },
            "datetimeTo": {
                "utc": "2017-09-30T18:00:00Z",
                "local": "2017-09-30T11:00:00-07:00"
            }
        }
    },
    {
        "value": 7.0,
        "flagInfo": {
            "hasFlags": false
        },
        "parameter": {
            "id": 2,
            "name": "pm25",
            "units": "\u00b5g/m\u00b3",
            "displayName": null
        },
        "period": {
            "label": "raw",
            "interval": "01:00:00",
            "datetimeFrom": {
                "utc": "2017-10-06T07:00:00Z",
                "local": "2017-10-06T00:00:00-07:00"
            },
            "datetimeTo": {
                "utc": "2017-10-06T08:00:00Z",
                "local": "2017-10-06T01:00:00-07:00"
            }
        },
        "coordinates": null,
        "summary": null,
        "coverage": {
            "expectedCount": 1,
            "expectedInterval": "01:00:00",
            "observedCount": 1,
            "observedInterval": "01:00:00",
            "percentComplete": 100.0,
            "percentCoverage": 100.0,
            "datetimeFrom": {
                "utc": "2017-10-06T07:00:00Z",
                "local": "2017-10-06T00:00:00-07:00"
            },
            "datetimeTo": {
                "utc": "2017-10-06T08:00:00Z",
                "local": "2017-10-06T01:00:00-07:00"
            }
        }
    },
    {
        "value": 3.0,
        "flagInfo": {
            "hasFlags": false
        },
        "parameter": {
            "id": 2,
            "name": "pm25",
            "units": "\u00b5g/m\u00b3",
            "displayName": null
        },
        "period": {
            "label": "raw",
            "interval": "01:00:00",
            "datetimeFrom": {
                "utc": "2017-10-06T11:00:00Z",
                "local": "2017-10-06T04:00:00-07:00"
            },
            "datetimeTo": {
                "utc": "2017-10-06T12:00:00Z",
                "local": "2017-10-06T05:00:00-07:00"
            }
        },
        "coordinates": null,
        "summary": null,
        "coverage": {
            "expectedCount": 1,
            "expectedInterval": "01:00:00",
            "observedCount": 1,
            "observedInterval": "01:00:00",
            "percentComplete": 100.0,
            "percentCoverage": 100.0,
            "datetimeFrom": {
                "utc": "2017-10-06T11:00:00Z",
                "local": "2017-10-06T04:00:00-07:00"
            },
            "datetimeTo": {
                "utc": "2017-10-06T12:00:00Z",
                "local": "2017-10-06T05:00:00-07:00"
            }
        }
    },
    {
        "value": 8.0,
        "flagInfo": {
            "hasFlags": false
        },
        "parameter": {
            "id": 2,
            "name": "pm25",
            "units": "\u00b5g/m\u00b3",
            "displayName": null
        },
        "period": {
            "label": "raw",
            "interval": "01:00:00",
            "datetimeFrom": {
                "utc": "2017-10-06T12:00:00Z",
                "local": "2017-10-06T05:00:00-07:00"
            },
            "datetimeTo": {
                "utc": "2017-10-06T13:00:00Z",
                "local": "2017-10-06T06:00:00-07:00"
            }
        },
        "coordinates": null,
        "summary": null,
        "coverage": {
            "expectedCount": 1,
            "expectedInterval": "01:00:00",
            "observedCount": 1,
            "observedInterval": "01:00:00",
            "percentComplete": 100.0,
            "percentCoverage": 100.0,
            "datetimeFrom": {
                "utc": "2017-10-06T12:00:00Z",
                "local": "2017-10-06T05:00:00-07:00"
            },
            "datetimeTo": {
                "utc": "2017-10-06T13:00:00Z",
                "local": "2017-10-06T06:00:00-07:00"
            }
        }
    },
    {
        "value": 8.0,
        "flagInfo": {
            "hasFlags": false
        },
        "parameter": {
            "id": 2,
            "name": "pm25",
            "units": "\u00b5g/m\u00b3",
            "displayName": null
        },
        "period": {
            "label": "raw",
            "interval": "01:00:00",
            "datetimeFrom": {
                "utc": "2017-10-06T14:00:00Z",
                "local": "2017-10-06T07:00:00-07:00"
            },
            "datetimeTo": {
                "utc": "2017-10-06T15:00:00Z",
                "local": "2017-10-06T08:00:00-07:00"
            }
        },
        "coordinates": null,
        "summary": null,
        "coverage": {
            "expectedCount": 1,
            "expectedInterval": "01:00:00",
            "observedCount": 1,
            "observedInterval": "01:00:00",
            "percentComplete": 100.0,
            "percentCoverage": 100.0,
            "datetimeFrom": {
                "utc": "2017-10-06T14:00:00Z",
                "local": "2017-10-06T07:00:00-07:00"
            },
            "datetimeTo": {
                "utc": "2017-10-06T15:00:00Z",
                "local": "2017-10-06T08:00:00-07:00"
            }
        }
    },
    {
        "value": 7.0,
        "flagInfo": {
            "hasFlags": false
        },
        "parameter": {
            "id": 2,
            "name": "pm25",
            "units": "\u00b5g/m\u00b3",
            "displayName": null
        },
        "period": {
            "label": "raw",
            "interval": "01:00:00",
            "datetimeFrom": {
                "utc": "2017-10-06T16:00:00Z",
                "local": "2017-10-06T09:00:00-07:00"
            },
            "datetimeTo": {
                "utc": "2017-10-06T17:00:00Z",
                "local": "2017-10-06T10:00:00-07:00"
            }
        },
        "coordinates": null,
        "summary": null,
        "coverage": {
            "expectedCount": 1,
            "expectedInterval": "01:00:00",
            "observedCount": 1,
            "observedInterval": "01:00:00",
            "percentComplete": 100.0,
            "percentCoverage": 100.0,
            "datetimeFrom": {
                "utc": "2017-10-06T16:00:00Z",
                "local": "2017-10-06T09:00:00-07:00"
            },
            "datetimeTo": {
                "utc": "2017-10-06T17:00:00Z",
                "local": "2017-10-06T10:00:00-07:00"
            }
        }
    },
    {
        "value": 8.0,
        "flagInfo": {
            "hasFlags": false
        },
        "parameter": {
            "id": 2,
            "name": "pm25",
            "units": "\u00b5g/m\u00b3",
            "displayName": null
        },
        "period": {
            "label": "raw",
            "interval": "01:00:00",
            "datetimeFrom": {
                "utc": "2017-10-06T20:00:00Z",
                "local": "2017-10-06T13:00:00-07:00"
            },
            "datetimeTo": {
                "utc": "2017-10-06T21:00:00Z",
                "local": "2017-10-06T14:00:00-07:00"
            }
        },
        "coordinates": null,
        "summary": null,
        "coverage": {
            "expectedCount": 1,
            "expectedInterval": "01:00:00",
            "observedCount": 1,
            "observedInterval": "01:00:00",
            "percentComplete": 100.0,
            "percentCoverage": 100.0,
            "datetimeFrom": {
                "utc": "2017-10-06T20:00:00Z",
                "local": "2017-10-06T13:00:00-07:00"
            },
            "datetimeTo": {
                "utc": "2017-10-06T21:00:00Z",
                "local": "2017-10-06T14:00:00-07:00"
            }
        }
    },
    {
        "value": 8.0,
        "flagInfo": {
            "hasFlags": false
        },
        "parameter": {
            "id": 2,
            "name": "pm25",
            "units": "\u00b5g/m\u00b3",
            "displayName": null
        },
        "period": {
            "label": "raw",
            "interval": "01:00:00",
            "datetimeFrom": {
                "utc": "2017-10-11T23:00:00Z",
                "local": "2017-10-11T16:00:00-07:00"
            },
            "datetimeTo": {
                "utc": "2017-10-12T00:00:00Z",
                "local": "2017-10-11T17:00:00-07:00"
            }
        },
        "coordinates": null,
        "summary": null,
        "coverage": {
            "expectedCount": 1,
            "expectedInterval": "01:00:00",
            "observedCount": 1,
            "observedInterval": "01:00:00",
            "percentComplete": 100.0,
            "percentCoverage": 100.0,
            "datetimeFrom": {
                "utc": "2017-10-11T23:00:00Z",
                "local": "2017-10-11T16:00:00-07:00"
            },
            "datetimeTo": {
                "utc": "2017-10-12T00:00:00Z",
                "local": "2017-10-11T17:00:00-07:00"
            }
        }
    },
    {
        "value": 8.0,
        "flagInfo": {
            "hasFlags": false
        },
        "parameter": {
            "id": 2,
            "name": "pm25",
            "units": "\u00b5g/m\u00b3",
            "displayName": null
        },
        "period": {
            "label": "raw",
            "interval": "01:00:00",
            "datetimeFrom": {
                "utc": "2017-10-12T00:00:00Z",
                "local": "2017-10-11T17:00:00-07:00"
            },
            "datetimeTo": {
                "utc": "2017-10-12T01:00:00Z",
                "local": "2017-10-11T18:00:00-07:00"
            }
        },
        "coordinates": null,
        "summary": null,
        "coverage": {
            "expectedCount": 1,
            "expectedInterval": "01:00:00",
            "observedCount": 1,
            "observedInterval": "01:00:00",
            "percentComplete": 100.0,
            "percentCoverage": 100.0,
            "datetimeFrom": {
                "utc": "2017-10-12T00:00:00Z",
                "local": "2017-10-11T17:00:00-07:00"
            },
            "datetimeTo": {
                "utc": "2017-10-12T01:00:00Z",
                "local": "2017-10-11T18:00:00-07:00"
            }
        }
    },
    {
        "value": 14.0,
        "flagInfo": {
            "hasFlags": false
        },
        "parameter": {
            "id": 2,
            "name": "pm25",
            "units": "\u00b5g/m\u00b3",
            "displayName": null
        },
        "period": {
            "label": "raw",
            "interval": "01:00:00",
            "datetimeFrom": {
                "utc": "2017-10-12T01:00:00Z",
                "local": "2017-10-11T18:00:00-07:00"
            },
            "datetimeTo": {
                "utc": "2017-10-12T02:00:00Z",
                "local": "2017-10-11T19:00:00-07:00"
            }
        },
        "coordinates": null,
        "summary": null,
        "coverage": {
            "expectedCount": 1,
            "expectedInterval": "01:00:00",
            "observedCount": 1,
            "observedInterval": "01:00:00",
            "percentComplete": 100.0,
            "percentCoverage": 100.0,
            "datetimeFrom": {
                "utc": "2017-10-12T01:00:00Z",
                "local": "2017-10-11T18:00:00-07:00"
            },
            "datetimeTo": {
                "utc": "2017-10-12T02:00:00Z",
                "local": "2017-10-11T19:00:00-07:00"
            }
        }
    },
    {
        "value": 13.0,
        "flagInfo": {
            "hasFlags": false
        },
        "parameter": {
            "id": 2,
            "name": "pm25",
            "units": "\u00b5g/m\u00b3",
            "displayName": null
        },
        "period": {
            "label": "raw",
            "interval": "01:00:00",
            "datetimeFrom": {
                "utc": "2017-10-12T02:00:00Z",
                "local": "2017-10-11T19:00:00-07:00"
            },
            "datetimeTo": {
                "utc": "2017-10-12T03:00:00Z",
                "local": "2017-10-11T20:00:00-07:00"
            }
        },
        "coordinates": null,
        "summary": null,
        "coverage": {
            "expectedCount": 1,
            "expectedInterval": "01:00:00",
            "observedCount": 1,
            "observedInterval": "01:00:00",
            "percentComplete": 100.0,
            "percentCoverage": 100.0,
            "datetimeFrom": {
                "utc": "2017-10-12T02:00:00Z",
                "local": "2017-10-11T19:00:00-07:00"
            },
            "datetimeTo": {
                "utc": "2017-10-12T03:00:00Z",
                "local": "2017-10-11T20:00:00-07:00"
            }
        }
    },
    {
        "value": 12.0,
        "flagInfo": {
            "hasFlags": false
        },
        "parameter": {
            "id": 2,
            "name": "pm25",
            "units": "\u00b5g/m\u00b3",
            "displayName": null
        },
        "period": {
            "label": "raw",
            "interval": "01:00:00",
            "datetimeFrom": {
                "utc": "2017-10-12T06:00:00Z",
                "local": "2017-10-11T23:00:00-07:00"
            },
            "datetimeTo": {
                "utc": "2017-10-12T07:00:00Z",
                "local": "2017-10-12T00:00:00-07:00"
            }
        },
        "coordinates": null,
        "summary": null,
        "coverage": {
            "expectedCount": 1,
            "expectedInterval": "01:00:00",
            "observedCount": 1,
            "observedInterval": "01:00:00",
            "percentComplete": 100.0,
            "percentCoverage": 100.0,
            "datetimeFrom": {
                "utc": "2017-10-12T06:00:00Z",
                "local": "2017-10-11T23:00:00-07:00"
            },
            "datetimeTo": {
                "utc": "2017-10-12T07:00:00Z",
                "local": "2017-10-12T00:00:00-07:00"
            }
        }
    },
    {
        "value": 19.0,
        "flagInfo": {
            "hasFlags": false
        },
        "parameter": {
            "id": 2,
            "name": "pm25",
            "units": "\u00b5g/m\u00b3",
            "displayName": null
        },
        "period": {
            "label": "raw",
            "interval": "01:00:00",
            "datetimeFrom": {
                "utc": "2017-10-12T13:00:00Z",
                "local": "2017-10-12T06:00:00-07:00"
            },
            "datetimeTo": {
                "utc": "2017-10-12T14:00:00Z",
                "local": "2017-10-12T07:00:00-07:00"
            }
        },
        "coordinates": null,
        "summary": null,
        "coverage": {
            "expectedCount": 1,
            "expectedInterval": "01:00:00",
            "observedCount": 1,
            "observedInterval": "01:00:00",
            "percentComplete": 100.0,
            "percentCoverage": 100.0,
            "datetimeFrom": {
                "utc": "2017-10-12T13:00:00Z",
                "local": "2017-10-12T06:00:00-07:00"
            },
            "datetimeTo": {
                "utc": "2017-10-12T14:00:00Z",
                "local": "2017-10-12T07:00:00-07:00"
            }
        }
    },
    {
        "value": 6.0,
        "flagInfo": {
            "hasFlags": false
        },
        "parameter": {
            "id": 2,
            "name": "pm25",
            "units": "\u00b5g/m\u00b3",
            "displayName": null
        },
        "period": {
            "label": "raw",
            "interval": "01:00:00",
            "datetimeFrom": {
                "utc": "2017-10-12T15:00:00Z",
                "local": "2017-10-12T08:00:00-07:00"
            },
            "datetimeTo": {
                "utc": "2017-10-12T16:00:00Z",
                "local": "2017-10-12T09:00:00-07:00"
            }
        },
        "coordinates": null,
        "summary": null,
        "coverage": {
            "expectedCount": 1,
            "expectedInterval": "01:00:00",
            "observedCount": 1,
            "observedInterval": "01:00:00",
            "percentComplete": 100.0,
            "percentCoverage": 100.0,
            "datetimeFrom": {
                "utc": "2017-10-12T15:00:00Z",
                "local": "2017-10-12T08:00:00-07:00"
            },
            "datetimeTo": {
                "utc": "2017-10-12T16:00:00Z",
                "local": "2017-10-12T09:00:00-07:00"
            }
        }
    },
    {
        "value": 12.0,
        "flagInfo": {
            "hasFlags": false
        },
        "parameter": {
            "id": 2,
            "name": "pm25",
            "units": "\u00b5g/m\u00b3",
            "displayName": null
        },
        "period": {
            "label": "raw",
            "interval": "01:00:00",
            "datetimeFrom": {
                "utc": "2017-10-12T16:00:00Z",
                "local": "2017-10-12T09:00:00-07:00"
            },
            "datetimeTo": {
                "utc": "2017-10-12T17:00:00Z",
                "local": "2017-10-12T10:00:00-07:00"
            }
        },
        "coordinates": null,
        "summary": null,
        "coverage": {
            "expectedCount": 1,
            "expectedInterval": "01:00:00",
            "observedCount": 1,
            "observedInterval": "01:00:00",
            "percentComplete": 100.0,
            "percentCoverage": 100.0,
            "datetimeFrom": {
                "utc": "2017-10-12T16:00:00Z",
                "local": "2017-10-12T09:00:00-07:00"
            },
            "datetimeTo": {
                "utc": "2017-10-12T17:00:00Z",
                "local": "2017-10-12T10:00:00-07:00"
            }
        }
    },
    {
        "value": 6.0,
        "flagInfo": {
            "hasFlags": false
        },
        "parameter": {
            "id": 2,
            "name": "pm25",
            "units": "\u00b5g/m\u00b3",
            "displayName": null
        },
        "period": {
            "label": "raw",
            "interval": "01:00:00",
            "datetimeFrom": {
                "utc": "2017-10-12T21:00:00Z",
                "local": "2017-10-12T14:00:00-07:00"
            },
            "datetimeTo": {
                "utc": "2017-10-12T22:00:00Z",
                "local": "2017-10-12T15:00:00-07:00"
            }
        },
        "coordinates": null,
        "summary": null,
        "coverage": {
            "expectedCount": 1,
            "expectedInterval": "01:00:00",
            "observedCount": 1,
            "observedInterval": "01:00:00",
            "percentComplete": 100.0,
            "percentCoverage": 100.0,
            "datetimeFrom": {
                "utc": "2017-10-12T21:00:00Z",
                "local": "2017-10-12T14:00:00-07:00"
            },
            "datetimeTo": {
                "utc": "2017-10-12T22:00:00Z",
                "local": "2017-10-12T15:00:00-07:00"
            }
        }
    },
    {
        "value": 21.0,
        "flagInfo": {
            "hasFlags": false
        },
        "parameter": {
            "id": 2,
            "name": "pm25",
            "units": "\u00b5g/m\u00b3",
            "displayName": null
        },
        "period": {
            "label": "raw",
            "interval": "01:00:00",
            "datetimeFrom": {
                "utc": "2017-10-18T00:00:00Z",
                "local": "2017-10-17T17:00:00-07:00"
            },
            "datetimeTo": {
                "utc": "2017-10-18T01:00:00Z",
                "local": "2017-10-17T18:00:00-07:00"
            }
        },
        "coordinates": null,
        "summary": null,
        "coverage": {
            "expectedCount": 1,
            "expectedInterval": "01:00:00",
            "observedCount": 1,
            "observedInterval": "01:00:00",
            "percentComplete": 100.0,
            "percentCoverage": 100.0,
            "datetimeFrom": {
                "utc": "2017-10-18T00:00:00Z",
                "local": "2017-10-17T17:00:00-07:00"
            },
            "datetimeTo": {
                "utc": "2017-10-18T01:00:00Z",
                "local": "2017-10-17T18:00:00-07:00"
            }
        }
    },
    {
        "value": 7.0,
        "flagInfo": {
            "hasFlags": false
        },
        "parameter": {
            "id": 2,
            "name": "pm25",
            "units": "\u00b5g/m\u00b3",
            "displayName": null
        },
        "period": {
            "label": "raw",
            "interval": "01:00:00",
            "datetimeFrom": {
                "utc": "2017-10-18T01:00:00Z",
                "local": "2017-10-17T18:00:00-07:00"
            },
            "datetimeTo": {
                "utc": "2017-10-18T02:00:00Z",
                "local": "2017-10-17T19:00:00-07:00"
            }
        },
        "coordinates": null,
        "summary": null,
        "coverage": {
            "expectedCount": 1,
            "expectedInterval": "01:00:00",
            "observedCount": 1,
            "observedInterval": "01:00:00",
            "percentComplete": 100.0,
            "percentCoverage": 100.0,
            "datetimeFrom": {
                "utc": "2017-10-18T01:00:00Z",
                "local": "2017-10-17T18:00:00-07:00"
            },
            "datetimeTo": {
                "utc": "2017-10-18T02:00:00Z",
                "local": "2017-10-17T19:00:00-07:00"
            }
        }
    },
    {
        "value": 42.0,
        "flagInfo": {
            "hasFlags": false
        },
        "parameter": {
            "id": 2,
            "name": "pm25",
            "units": "\u00b5g/m\u00b3",
            "displayName": null
        },
        "period": {
            "label": "raw",
            "interval": "01:00:00",
            "datetimeFrom": {
                "utc": "2017-10-18T04:00:00Z",
                "local": "2017-10-17T21:00:00-07:00"
            },
            "datetimeTo": {
                "utc": "2017-10-18T05:00:00Z",
                "local": "2017-10-17T22:00:00-07:00"
            }
        },
        "coordinates": null,
        "summary": null,
        "coverage": {
            "expectedCount": 1,
            "expectedInterval": "01:00:00",
            "observedCount": 1,
            "observedInterval": "01:00:00",
            "percentComplete": 100.0,
            "percentCoverage": 100.0,
            "datetimeFrom": {
                "utc": "2017-10-18T04:00:00Z",
                "local": "2017-10-17T21:00:00-07:00"
            },
            "datetimeTo": {
                "utc": "2017-10-18T05:00:00Z",
                "local": "2017-10-17T22:00:00-07:00"
            }
        }
    },
    {
        "value": 14.0,
        "flagInfo": {
            "hasFlags": false
        },
        "parameter": {
            "id": 2,
            "name": "pm25",
            "units": "\u00b5g/m\u00b3",
            "displayName": null
        },
        "period": {
            "label": "raw",
            "interval": "01:00:00",
            "datetimeFrom": {
                "utc": "2017-10-18T05:00:00Z",
                "local": "2017-10-17T22:00:00-07:00"
            },
            "datetimeTo": {
                "utc": "2017-10-18T06:00:00Z",
                "local": "2017-10-17T23:00:00-07:00"
            }
        },
        "coordinates": null,
        "summary": null,
        "coverage": {
            "expectedCount": 1,
            "expectedInterval": "01:00:00",
            "observedCount": 1,
            "observedInterval": "01:00:00",
            "percentComplete": 100.0,
            "percentCoverage": 100.0,
            "datetimeFrom": {
                "utc": "2017-10-18T05:00:00Z",
                "local": "2017-10-17T22:00:00-07:00"
            },
            "datetimeTo": {
                "utc": "2017-10-18T06:00:00Z",
                "local": "2017-10-17T23:00:00-07:00"
            }
        }
    },
    {
        "value": 15.0,
        "flagInfo": {
            "hasFlags": false
        },
        "parameter": {
            "id": 2,
            "name": "pm25",
            "units": "\u00b5g/m\u00b3",
            "displayName": null
        },
        "period": {
            "label": "raw",
            "interval": "01:00:00",
            "datetimeFrom": {
                "utc": "2017-10-18T07:00:00Z",
                "local": "2017-10-18T00:00:00-07:00"
            },
            "datetimeTo": {
                "utc": "2017-10-18T08:00:00Z",
                "local": "2017-10-18T01:00:00-07:00"
            }
        },
        "coordinates": null,
        "summary": null,
        "coverage": {
            "expectedCount": 1,
            "expectedInterval": "01:00:00",
            "observedCount": 1,
            "observedInterval": "01:00:00",
            "percentComplete": 100.0,
            "percentCoverage": 100.0,
            "datetimeFrom": {
                "utc": "2017-10-18T07:00:00Z",
                "local": "2017-10-18T00:00:00-07:00"
            },
            "datetimeTo": {
                "utc": "2017-10-18T08:00:00Z",
                "local": "2017-10-18T01:00:00-07:00"
            }
        }
    },
    {
        "value": 26.0,
        "flagInfo": {
            "hasFlags": false
        },
        "parameter": {
            "id": 2,
            "name": "pm25",
            "units": "\u00b5g/m\u00b3",
            "displayName": null
        },
        "period": {
            "label": "raw",
            "interval": "01:00:00",
            "datetimeFrom": {
                "utc": "2017-10-18T08:00:00Z",
                "local": "2017-10-18T01:00:00-07:00"
            },
            "datetimeTo": {
                "utc": "2017-10-18T09:00:00Z",
                "local": "2017-10-18T02:00:00-07:00"
            }
        },
        "coordinates": null,
        "summary": null,
        "coverage": {
            "expectedCount": 1,
            "expectedInterval": "01:00:00",
            "observedCount": 1,
            "observedInterval": "01:00:00",
            "percentComplete": 100.0,
            "percentCoverage": 100.0,
            "datetimeFrom": {
                "utc": "2017-10-18T08:00:00Z",
                "local": "2017-10-18T01:00:00-07:00"
            },
            "datetimeTo": {
                "utc": "2017-10-18T09:00:00Z",
                "local": "2017-10-18T02:00:00-07:00"
            }
        }
    },
    {
        "value": 31.0,
        "flagInfo": {
            "hasFlags": false
        },
        "parameter": {
            "id": 2,
            "name": "pm25",
            "units": "\u00b5g/m\u00b3",
            "displayName": null
        },
        "period": {
            "label": "raw",
            "interval": "01:00:00",
            "datetimeFrom": {
                "utc": "2017-10-18T09:00:00Z",
                "local": "2017-10-18T02:00:00-07:00"
            },
            "datetimeTo": {
                "utc": "2017-10-18T10:00:00Z",
                "local": "2017-10-18T03:00:00-07:00"
            }
        },
        "coordinates": null,
        "summary": null,
        "coverage": {
            "expectedCount": 1,
            "expectedInterval": "01:00:00",
            "observedCount": 1,
            "observedInterval": "01:00:00",
            "percentComplete": 100.0,
            "percentCoverage": 100.0,
            "datetimeFrom": {
                "utc": "2017-10-18T09:00:00Z",
                "local": "2017-10-18T02:00:00-07:00"
            },
            "datetimeTo": {
                "utc": "2017-10-18T10:00:00Z",
                "local": "2017-10-18T03:00:00-07:00"
            }
        }
    },
    {
        "value": 27.0,
        "flagInfo": {
            "hasFlags": false
        },
        "parameter": {
            "id": 2,
            "name": "pm25",
            "units": "\u00b5g/m\u00b3",
            "displayName": null
        },
        "period": {
            "label": "raw",
            "interval": "01:00:00",
            "datetimeFrom": {
                "utc": "2017-10-18T12:00:00Z",
                "local": "2017-10-18T05:00:00-07:00"
            },
            "datetimeTo": {
                "utc": "2017-10-18T13:00:00Z",
                "local": "2017-10-18T06:00:00-07:00"
            }
        },
        "coordinates": null,
        "summary": null,
        "coverage": {
            "expectedCount": 1,
            "expectedInterval": "01:00:00",
            "observedCount": 1,
            "observedInterval": "01:00:00",
            "percentComplete": 100.0,
            "percentCoverage": 100.0,
            "datetimeFrom": {
                "utc": "2017-10-18T12:00:00Z",
                "local": "2017-10-18T05:00:00-07:00"
            },
            "datetimeTo": {
                "utc": "2017-10-18T13:00:00Z",
                "local": "2017-10-18T06:00:00-07:00"
            }
        }
    },
    {
        "value": 13.0,
        "flagInfo": {
            "hasFlags": false
        },
        "parameter": {
            "id": 2,
            "name": "pm25",
            "units": "\u00b5g/m\u00b3",
            "displayName": null
        },
        "period": {
            "label": "raw",
            "interval": "01:00:00",
            "datetimeFrom": {
                "utc": "2017-10-18T16:00:00Z",
                "local": "2017-10-18T09:00:00-07:00"
            },
            "datetimeTo": {
                "utc": "2017-10-18T17:00:00Z",
                "local": "2017-10-18T10:00:00-07:00"
            }
        },
        "coordinates": null,
        "summary": null,
        "coverage": {
            "expectedCount": 1,
            "expectedInterval": "01:00:00",
            "observedCount": 1,
            "observedInterval": "01:00:00",
            "percentComplete": 100.0,
            "percentCoverage": 100.0,
            "datetimeFrom": {
                "utc": "2017-10-18T16:00:00Z",
                "local": "2017-10-18T09:00:00-07:00"
            },
            "datetimeTo": {
                "utc": "2017-10-18T17:00:00Z",
                "local": "2017-10-18T10:00:00-07:00"
            }
        }
    },
    {
        "value": 16.0,
        "flagInfo": {
            "hasFlags": false
        },
        "parameter": {
            "id": 2,
            "name": "pm25",
            "units": "\u00b5g/m\u00b3",
            "displayName": null
        },
        "period": {
            "label": "raw",
            "interval": "01:00:00",
            "datetimeFrom": {
                "utc": "2017-10-18T19:00:00Z",
                "local": "2017-10-18T12:00:00-07:00"
            },
            "datetimeTo": {
                "utc": "2017-10-18T20:00:00Z",
                "local": "2017-10-18T13:00:00-07:00"
            }
        },
        "coordinates": null,
        "summary": null,
        "coverage": {
            "expectedCount": 1,
            "expectedInterval": "01:00:00",
            "observedCount": 1,
            "observedInterval": "01:00:00",
            "percentComplete": 100.0,
            "percentCoverage": 100.0,
            "datetimeFrom": {
                "utc": "2017-10-18T19:00:00Z",
                "local": "2017-10-18T12:00:00-07:00"
            },
            "datetimeTo": {
                "utc": "2017-10-18T20:00:00Z",
                "local": "2017-10-18T13:00:00-07:00"
            }
        }
    },
    {
        "value": 21.0,
        "flagInfo": {
            "hasFlags": false
        },
        "parameter": {
            "id": 2,
            "name": "pm25",
            "units": "\u00b5g/m\u00b3",
            "displayName": null
        },
        "period": {
            "label": "raw",
            "interval": "01:00:00",
            "datetimeFrom": {
                "utc": "2017-10-18T20:00:00Z",
                "local": "2017-10-18T13:00:00-07:00"
            },
            "datetimeTo": {
                "utc": "2017-10-18T21:00:00Z",
                "local": "2017-10-18T14:00:00-07:00"
            }
        },
        "coordinates": null,
        "summary": null,
        "coverage": {
            "expectedCount": 1,
            "expectedInterval": "01:00:00",
            "observedCount": 1,
            "observedInterval": "01:00:00",
            "percentComplete": 100.0,
            "percentCoverage": 100.0,
            "datetimeFrom": {
                "utc": "2017-10-18T20:00:00Z",
                "local": "2017-10-18T13:00:00-07:00"
            },
            "datetimeTo": {
                "utc": "2017-10-18T21:00:00Z",
                "local": "2017-10-18T14:00:00-07:00"
            }
        }
    },
    {
        "value": 5.0,
        "flagInfo": {
            "hasFlags": false
        },
        "parameter": {
            "id": 2,
            "name": "pm25",
            "units": "\u00b5g/m\u00b3",
            "displayName": null
        },
        "period": {
            "label": "raw",
            "interval": "01:00:00",
            "datetimeFrom": {
                "utc": "2017-10-23T07:00:00Z",
                "local": "2017-10-23T00:00:00-07:00"
            },
            "datetimeTo": {
                "utc": "2017-10-23T08:00:00Z",
                "local": "2017-10-23T01:00:00-07:00"
            }
        },
        "coordinates": null,
        "summary": null,
        "coverage": {
            "expectedCount": 1,
            "expectedInterval": "01:00:00",
            "observedCount": 1,
            "observedInterval": "01:00:00",
            "percentComplete": 100.0,
            "percentCoverage": 100.0,
            "datetimeFrom": {
                "utc": "2017-10-23T07:00:00Z",
                "local": "2017-10-23T00:00:00-07:00"
            },
            "datetimeTo": {
                "utc": "2017-10-23T08:00:00Z",
                "local": "2017-10-23T01:00:00-07:00"
            }
        }
    },
    {
        "value": 3.0,
        "flagInfo": {
            "hasFlags": false
        },
        "parameter": {
            "id": 2,
            "name": "pm25",
            "units": "\u00b5g/m\u00b3",
            "displayName": null
        },
        "period": {
            "label": "raw",
            "interval": "01:00:00",
            "datetimeFrom": {
                "utc": "2017-10-23T08:00:00Z",
                "local": "2017-10-23T01:00:00-07:00"
            },
            "datetimeTo": {
                "utc": "2017-10-23T09:00:00Z",
                "local": "2017-10-23T02:00:00-07:00"
            }
        },
        "coordinates": null,
        "summary": null,
        "coverage": {
            "expectedCount": 1,
            "expectedInterval": "01:00:00",
            "observedCount": 1,
            "observedInterval": "01:00:00",
            "percentComplete": 100.0,
            "percentCoverage": 100.0,
            "datetimeFrom": {
                "utc": "2017-10-23T08:00:00Z",
                "local": "2017-10-23T01:00:00-07:00"
            },
            "datetimeTo": {
                "utc": "2017-10-23T09:00:00Z",
                "local": "2017-10-23T02:00:00-07:00"
            }
        }
    },
    {
        "value": -2.0,
        "flagInfo": {
            "hasFlags": false
        },
        "parameter": {
            "id": 2,
            "name": "pm25",
            "units": "\u00b5g/m\u00b3",
            "displayName": null
        },
        "period": {
            "label": "raw",
            "interval": "01:00:00",
            "datetimeFrom": {
                "utc": "2017-10-29T02:00:00Z",
                "local": "2017-10-28T19:00:00-07:00"
            },
            "datetimeTo": {
                "utc": "2017-10-29T03:00:00Z",
                "local": "2017-10-28T20:00:00-07:00"
            }
        },
        "coordinates": null,
        "summary": null,
        "coverage": {
            "expectedCount": 1,
            "expectedInterval": "01:00:00",
            "observedCount": 1,
            "observedInterval": "01:00:00",
            "percentComplete": 100.0,
            "percentCoverage": 100.0,
            "datetimeFrom": {
                "utc": "2017-10-29T02:00:00Z",
                "local": "2017-10-28T19:00:00-07:00"
            },
            "datetimeTo": {
                "utc": "2017-10-29T03:00:00Z",
                "local": "2017-10-28T20:00:00-07:00"
            }
        }
    },
    {
        "value": 3.0,
        "flagInfo": {
            "hasFlags": false
        },
        "parameter": {
            "id": 2,
            "name": "pm25",
            "units": "\u00b5g/m\u00b3",
            "displayName": null
        },
        "period": {
            "label": "raw",
            "interval": "01:00:00",
            "datetimeFrom": {
                "utc": "2017-10-29T03:00:00Z",
                "local": "2017-10-28T20:00:00-07:00"
            },
            "datetimeTo": {
                "utc": "2017-10-29T04:00:00Z",
                "local": "2017-10-28T21:00:00-07:00"
            }
        },
        "coordinates": null,
        "summary": null,
        "coverage": {
            "expectedCount": 1,
            "expectedInterval": "01:00:00",
            "observedCount": 1,
            "observedInterval": "01:00:00",
            "percentComplete": 100.0,
            "percentCoverage": 100.0,
            "datetimeFrom": {
                "utc": "2017-10-29T03:00:00Z",
                "local": "2017-10-28T20:00:00-07:00"
            },
            "datetimeTo": {
                "utc": "2017-10-29T04:00:00Z",
                "local": "2017-10-28T21:00:00-07:00"
            }
        }
    },
    {
        "value": -1.0,
        "flagInfo": {
            "hasFlags": false
        },
        "parameter": {
            "id": 2,
            "name": "pm25",
            "units": "\u00b5g/m\u00b3",
            "displayName": null
        },
        "period": {
            "label": "raw",
            "interval": "01:00:00",
            "datetimeFrom": {
                "utc": "2017-10-29T04:00:00Z",
                "local": "2017-10-28T21:00:00-07:00"
            },
            "datetimeTo": {
                "utc": "2017-10-29T05:00:00Z",
                "local": "2017-10-28T22:00:00-07:00"
            }
        },
        "coordinates": null,
        "summary": null,
        "coverage": {
            "expectedCount": 1,
            "expectedInterval": "01:00:00",
            "observedCount": 1,
            "observedInterval": "01:00:00",
            "percentComplete": 100.0,
            "percentCoverage": 100.0,
            "datetimeFrom": {
                "utc": "2017-10-29T04:00:00Z",
                "local": "2017-10-28T21:00:00-07:00"
            },
            "datetimeTo": {
                "utc": "2017-10-29T05:00:00Z",
                "local": "2017-10-28T22:00:00-07:00"
            }
        }
    },
    {
        "value": 2.0,
        "flagInfo": {
            "hasFlags": false
        },
        "parameter": {
            "id": 2,
            "name": "pm25",
            "units": "\u00b5g/m\u00b3",
            "displayName": null
        },
        "period": {
            "label": "raw",
            "interval": "01:00:00",
            "datetimeFrom": {
                "utc": "2017-10-29T08:00:00Z",
                "local": "2017-10-29T01:00:00-07:00"
            },
            "datetimeTo": {
                "utc": "2017-10-29T09:00:00Z",
                "local": "2017-10-29T02:00:00-07:00"
            }
        },
        "coordinates": null,
        "summary": null,
        "coverage": {
            "expectedCount": 1,
            "expectedInterval": "01:00:00",
            "observedCount": 1,
            "observedInterval": "01:00:00",
            "percentComplete": 100.0,
            "percentCoverage": 100.0,
            "datetimeFrom": {
                "utc": "2017-10-29T08:00:00Z",
                "local": "2017-10-29T01:00:00-07:00"
            },
            "datetimeTo": {
                "utc": "2017-10-29T09:00:00Z",
                "local": "2017-10-29T02:00:00-07:00"
            }
        }
    },
    {
        "value": -1.0,
        "flagInfo": {
            "hasFlags": false
        },
        "parameter": {
            "id": 2,
            "name": "pm25",
            "units": "\u00b5g/m\u00b3",
            "displayName": null
        },
        "period": {
            "label": "raw",
            "interval": "01:00:00",
            "datetimeFrom": {
                "utc": "2017-10-29T18:00:00Z",
                "local": "2017-10-29T11:00:00-07:00"
            },
            "datetimeTo": {
                "utc": "2017-10-29T19:00:00Z",
                "local": "2017-10-29T12:00:00-07:00"
            }
        },
        "coordinates": null,
        "summary": null,
        "coverage": {
            "expectedCount": 1,
            "expectedInterval": "01:00:00",
            "observedCount": 1,
            "observedInterval": "01:00:00",
            "percentComplete": 100.0,
            "percentCoverage": 100.0,
            "datetimeFrom": {
                "utc": "2017-10-29T18:00:00Z",
                "local": "2017-10-29T11:00:00-07:00"
            },
            "datetimeTo": {
                "utc": "2017-10-29T19:00:00Z",
                "local": "2017-10-29T12:00:00-07:00"
            }
        }
    },
    {
        "value": -2.0,
        "flagInfo": {
            "hasFlags": false
        },
        "parameter": {
            "id": 2,
            "name": "pm25",
            "units": "\u00b5g/m\u00b3",
            "displayName": null
        },
        "period": {
            "label": "raw",
            "interval": "01:00:00",
            "datetimeFrom": {
                "utc": "2017-11-04T10:00:00Z",
                "local": "2017-11-04T03:00:00-07:00"
            },
            "datetimeTo": {
                "utc": "2017-11-04T11:00:00Z",
                "local": "2017-11-04T04:00:00-07:00"
            }
        },
        "coordinates": null,
        "summary": null,
        "coverage": {
            "expectedCount": 1,
            "expectedInterval": "01:00:00",
            "observedCount": 1,
            "observedInterval": "01:00:00",
            "percentComplete": 100.0,
            "percentCoverage": 100.0,
            "datetimeFrom": {
                "utc": "2017-11-04T10:00:00Z",
                "local": "2017-11-04T03:00:00-07:00"
            },
            "datetimeTo": {
                "utc": "2017-11-04T11:00:00Z",
                "local": "2017-11-04T04:00:00-07:00"
            }
        }
    },
    {
        "value": 3.0,
        "flagInfo": {
            "hasFlags": false
        },
        "parameter": {
            "id": 2,
            "name": "pm25",
            "units": "\u00b5g/m\u00b3",
            "displayName": null
        },
        "period": {
            "label": "raw",
            "interval": "01:00:00",
            "datetimeFrom": {
                "utc": "2017-11-04T13:00:00Z",
                "local": "2017-11-04T06:00:00-07:00"
            },
            "datetimeTo": {
                "utc": "2017-11-04T14:00:00Z",
                "local": "2017-11-04T07:00:00-07:00"
            }
        },
        "coordinates": null,
        "summary": null,
        "coverage": {
            "expectedCount": 1,
            "expectedInterval": "01:00:00",
            "observedCount": 1,
            "observedInterval": "01:00:00",
            "percentComplete": 100.0,
            "percentCoverage": 100.0,
            "datetimeFrom": {
                "utc": "2017-11-04T13:00:00Z",
                "local": "2017-11-04T06:00:00-07:00"
            },
            "datetimeTo": {
                "utc": "2017-11-04T14:00:00Z",
                "local": "2017-11-04T07:00:00-07:00"
            }
        }
    },
    {
        "value": -4.0,
        "flagInfo": {
            "hasFlags": false
        },
        "parameter": {
            "id": 2,
            "name": "pm25",
            "units": "\u00b5g/m\u00b3",
            "displayName": null
        },
        "period": {
            "label": "raw",
            "interval": "01:00:00",
            "datetimeFrom": {
                "utc": "2017-11-10T01:00:00Z",
                "local": "2017-11-09T17:00:00-08:00"
            },
            "datetimeTo": {
                "utc": "2017-11-10T02:00:00Z",
                "local": "2017-11-09T18:00:00-08:00"
            }
        },
        "coordinates": null,
        "summary": null,
        "coverage": {
            "expectedCount": 1,
            "expectedInterval": "01:00:00",
            "observedCount": 1,
            "observedInterval": "01:00:00",
            "percentComplete": 100.0,
            "percentCoverage": 100.0,
            "datetimeFrom": {
                "utc": "2017-11-10T01:00:00Z",
                "local": "2017-11-09T17:00:00-08:00"
            },
            "datetimeTo": {
                "utc": "2017-11-10T02:00:00Z",
                "local": "2017-11-09T18:00:00-08:00"
            }
        }
    },
    {
        "value": 4.0,
        "flagInfo": {
            "hasFlags": false
        },
        "parameter": {
            "id": 2,
            "name": "pm25",
            "units": "\u00b5g/m\u00b3",
            "displayName": null
        },
        "period": {
            "label": "raw",
            "interval": "01:00:00",
            "datetimeFrom": {
                "utc": "2017-11-10T05:00:00Z",
                "local": "2017-11-09T21:00:00-08:00"
            },
            "datetimeTo": {
                "utc": "2017-11-10T06:00:00Z",
                "local": "2017-11-09T22:00:00-08:00"
            }
        },
        "coordinates": null,
        "summary": null,
        "coverage": {
            "expectedCount": 1,
            "expectedInterval": "01:00:00",
            "observedCount": 1,
            "observedInterval": "01:00:00",
            "percentComplete": 100.0,
            "percentCoverage": 100.0,
            "datetimeFrom": {
                "utc": "2017-11-10T05:00:00Z",
                "local": "2017-11-09T21:00:00-08:00"
            },
            "datetimeTo": {
                "utc": "2017-11-10T06:00:00Z",
                "local": "2017-11-09T22:00:00-08:00"
            }
        }
    },
    {
        "value": -2.0,
        "flagInfo": {
            "hasFlags": false
        },
        "parameter": {
            "id": 2,
            "name": "pm25",
            "units": "\u00b5g/m\u00b3",
            "displayName": null
        },
        "period": {
            "label": "raw",
            "interval": "01:00:00",
            "datetimeFrom": {
                "utc": "2017-11-10T20:00:00Z",
                "local": "2017-11-10T12:00:00-08:00"
            },
            "datetimeTo": {
                "utc": "2017-11-10T21:00:00Z",
                "local": "2017-11-10T13:00:00-08:00"
            }
        },
        "coordinates": null,
        "summary": null,
        "coverage": {
            "expectedCount": 1,
            "expectedInterval": "01:00:00",
            "observedCount": 1,
            "observedInterval": "01:00:00",
            "percentComplete": 100.0,
            "percentCoverage": 100.0,
            "datetimeFrom": {
                "utc": "2017-11-10T20:00:00Z",
                "local": "2017-11-10T12:00:00-08:00"
            },
            "datetimeTo": {
                "utc": "2017-11-10T21:00:00Z",
                "local": "2017-11-10T13:00:00-08:00"
            }
        }
    },
    {
        "value": 5.0,
        "flagInfo": {
            "hasFlags": false
        },
        "parameter": {
            "id": 2,
            "name": "pm25",
            "units": "\u00b5g/m\u00b3",
            "displayName": null
        },
        "period": {
            "label": "raw",
            "interval": "01:00:00",
            "datetimeFrom": {
                "utc": "2017-11-16T02:00:00Z",
                "local": "2017-11-15T18:00:00-08:00"
            },
            "datetimeTo": {
                "utc": "2017-11-16T03:00:00Z",
                "local": "2017-11-15T19:00:00-08:00"
            }
        },
        "coordinates": null,
        "summary": null,
        "coverage": {
            "expectedCount": 1,
            "expectedInterval": "01:00:00",
            "observedCount": 1,
            "observedInterval": "01:00:00",
            "percentComplete": 100.0,
            "percentCoverage": 100.0,
            "datetimeFrom": {
                "utc": "2017-11-16T02:00:00Z",
                "local": "2017-11-15T18:00:00-08:00"
            },
            "datetimeTo": {
                "utc": "2017-11-16T03:00:00Z",
                "local": "2017-11-15T19:00:00-08:00"
            }
        }
    },
    {
        "value": 2.0,
        "flagInfo": {
            "hasFlags": false
        },
        "parameter": {
            "id": 2,
            "name": "pm25",
            "units": "\u00b5g/m\u00b3",
            "displayName": null
        },
        "period": {
            "label": "raw",
            "interval": "01:00:00",
            "datetimeFrom": {
                "utc": "2017-11-16T04:00:00Z",
                "local": "2017-11-15T20:00:00-08:00"
            },
            "datetimeTo": {
                "utc": "2017-11-16T05:00:00Z",
                "local": "2017-11-15T21:00:00-08:00"
            }
        },
        "coordinates": null,
        "summary": null,
        "coverage": {
            "expectedCount": 1,
            "expectedInterval": "01:00:00",
            "observedCount": 1,
            "observedInterval": "01:00:00",
            "percentComplete": 100.0,
            "percentCoverage": 100.0,
            "datetimeFrom": {
                "utc": "2017-11-16T04:00:00Z",
                "local": "2017-11-15T20:00:00-08:00"
            },
            "datetimeTo": {
                "utc": "2017-11-16T05:00:00Z",
                "local": "2017-11-15T21:00:00-08:00"
            }
        }
    },
    {
        "value": -2.0,
        "flagInfo": {
            "hasFlags": false
        },
        "parameter": {
            "id": 2,
            "name": "pm25",
            "units": "\u00b5g/m\u00b3",
            "displayName": null
        },
        "period": {
            "label": "raw",
            "interval": "01:00:00",
            "datetimeFrom": {
                "utc": "2017-11-16T18:00:00Z",
                "local": "2017-11-16T10:00:00-08:00"
            },
            "datetimeTo": {
                "utc": "2017-11-16T19:00:00Z",
                "local": "2017-11-16T11:00:00-08:00"
            }
        },
        "coordinates": null,
        "summary": null,
        "coverage": {
            "expectedCount": 1,
            "expectedInterval": "01:00:00",
            "observedCount": 1,
            "observedInterval": "01:00:00",
            "percentComplete": 100.0,
            "percentCoverage": 100.0,
            "datetimeFrom": {
                "utc": "2017-11-16T18:00:00Z",
                "local": "2017-11-16T10:00:00-08:00"
            },
            "datetimeTo": {
                "utc": "2017-11-16T19:00:00Z",
                "local": "2017-11-16T11:00:00-08:00"
            }
        }
    },
    {
        "value": 9.0,
        "flagInfo": {
            "hasFlags": false
        },
        "parameter": {
            "id": 2,
            "name": "pm25",
            "units": "\u00b5g/m\u00b3",
            "displayName": null
        },
        "period": {
            "label": "raw",
            "interval": "01:00:00",
            "datetimeFrom": {
                "utc": "2017-11-16T19:00:00Z",
                "local": "2017-11-16T11:00:00-08:00"
            },
            "datetimeTo": {
                "utc": "2017-11-16T20:00:00Z",
                "local": "2017-11-16T12:00:00-08:00"
            }
        },
        "coordinates": null,
        "summary": null,
        "coverage": {
            "expectedCount": 1,
            "expectedInterval": "01:00:00",
            "observedCount": 1,
            "observedInterval": "01:00:00",
            "percentComplete": 100.0,
            "percentCoverage": 100.0,
            "datetimeFrom": {
                "utc": "2017-11-16T19:00:00Z",
                "local": "2017-11-16T11:00:00-08:00"
            },
            "datetimeTo": {
                "utc": "2017-11-16T20:00:00Z",
                "local": "2017-11-16T12:00:00-08:00"
            }
        }
    },
    {
        "value": 6.0,
        "flagInfo": {
            "hasFlags": false
        },
        "parameter": {
            "id": 2,
            "name": "pm25",
            "units": "\u00b5g/m\u00b3",
            "displayName": null
        },
        "period": {
            "label": "raw",
            "interval": "01:00:00",
            "datetimeFrom": {
                "utc": "2017-11-21T14:00:00Z",
                "local": "2017-11-21T06:00:00-08:00"
            },
            "datetimeTo": {
                "utc": "2017-11-21T15:00:00Z",
                "local": "2017-11-21T07:00:00-08:00"
            }
        },
        "coordinates": null,
        "summary": null,
        "coverage": {
            "expectedCount": 1,
            "expectedInterval": "01:00:00",
            "observedCount": 1,
            "observedInterval": "01:00:00",
            "percentComplete": 100.0,
            "percentCoverage": 100.0,
            "datetimeFrom": {
                "utc": "2017-11-21T14:00:00Z",
                "local": "2017-11-21T06:00:00-08:00"
            },
            "datetimeTo": {
                "utc": "2017-11-21T15:00:00Z",
                "local": "2017-11-21T07:00:00-08:00"
            }
        }
    },
    {
        "value": -4.0,
        "flagInfo": {
            "hasFlags": false
        },
        "parameter": {
            "id": 2,
            "name": "pm25",
            "units": "\u00b5g/m\u00b3",
            "displayName": null
        },
        "period": {
            "label": "raw",
            "interval": "01:00:00",
            "datetimeFrom": {
                "utc": "2017-11-21T20:00:00Z",
                "local": "2017-11-21T12:00:00-08:00"
            },
            "datetimeTo": {
                "utc": "2017-11-21T21:00:00Z",
                "local": "2017-11-21T13:00:00-08:00"
            }
        },
        "coordinates": null,
        "summary": null,
        "coverage": {
            "expectedCount": 1,
            "expectedInterval": "01:00:00",
            "observedCount": 1,
            "observedInterval": "01:00:00",
            "percentComplete": 100.0,
            "percentCoverage": 100.0,
            "datetimeFrom": {
                "utc": "2017-11-21T20:00:00Z",
                "local": "2017-11-21T12:00:00-08:00"
            },
            "datetimeTo": {
                "utc": "2017-11-21T21:00:00Z",
                "local": "2017-11-21T13:00:00-08:00"
            }
        }
    },
    {
        "value": 5.0,
        "flagInfo": {
            "hasFlags": false
        },
        "parameter": {
            "id": 2,
            "name": "pm25",
            "units": "\u00b5g/m\u00b3",
            "displayName": null
        },
        "period": {
            "label": "raw",
            "interval": "01:00:00",
            "datetimeFrom": {
                "utc": "2017-11-21T22:00:00Z",
                "local": "2017-11-21T14:00:00-08:00"
            },
            "datetimeTo": {
                "utc": "2017-11-21T23:00:00Z",
                "local": "2017-11-21T15:00:00-08:00"
            }
        },
        "coordinates": null,
        "summary": null,
        "coverage": {
            "expectedCount": 1,
            "expectedInterval": "01:00:00",
            "observedCount": 1,
            "observedInterval": "01:00:00",
            "percentComplete": 100.0,
            "percentCoverage": 100.0,
            "datetimeFrom": {
                "utc": "2017-11-21T22:00:00Z",
                "local": "2017-11-21T14:00:00-08:00"
            },
            "datetimeTo": {
                "utc": "2017-11-21T23:00:00Z",
                "local": "2017-11-21T15:00:00-08:00"
            }
        }
    }
]