[
    {
        "value": 64.0,
        "flagInfo": {
            "hasFlags": false
        },
        "parameter": {
            "id": 2,
            "name": "pm25",
            "units": "\u00b5g/m\u00b3",
            "displayName": null
        },
        "period": {
            "label": "raw",
            "interval": "01:00:00",
            "datetimeFrom": {
                "utc": "2018-08-10T19:00:00Z",
                "local": "2018-08-10T12:00:00-07:00"
            },
            "datetimeTo": {
                "utc": "2018-08-10T20:00:00Z",
                "local": "2018-08-10T13:00:00-07:00"
            }
        },
        "coordinates": null,
        "summary": null,
        "coverage": {
            "expectedCount": 1,
            "expectedInterval": "01:00:00",
            "observedCount": 1,
            "observedInterval": "01:00:00",
            "percentComplete": 100.0,
            "percentCoverage": 100.0,
            "datetimeFrom": {
                "utc": "2018-08-10T19:00:00Z",
                "local": "2018-08-10T12:00:00-07:00"
            },
            "datetimeTo": {
                "utc": "2018-08-10T20:00:00Z",
                "local": "2018-08-10T13:00:00-07:00"
            }
        }
    },
    {
        "value": 27.0,
        "flagInfo": {
            "hasFlags": false
        },
        "parameter": {
            "id": 2,
            "name": "pm25",
            "units": "\u00b5g/m\u00b3",
            "displayName": null
        },
        "period": {
            "label": "raw",
            "interval": "01:00:00",
            "datetimeFrom": {
                "utc": "2018-08-10T20:00:00Z",
                "local": "2018-08-10T13:00:00-07:00"
            },
            "datetimeTo": {
                "utc": "2018-08-10T21:00:00Z",
                "local": "2018-08-10T14:00:00-07:00"
            }
        },
        "coordinates": null,
        "summary": null,
        "coverage": {
            "expectedCount": 1,
            "expectedInterval": "01:00:00",
            "observedCount": 1,
            "observedInterval": "01:00:00",
            "percentComplete": 100.0,
            "percentCoverage": 100.0,
            "datetimeFrom": {
                "utc": "2018-08-10T20:00:00Z",
                "local": "2018-08-10T13:00:00-07:00"
            },
            "datetimeTo": {
                "utc": "2018-08-10T21:00:00Z",
                "local": "2018-08-10T14:00:00-07:00"
            }
        }
    },
    {
        "value": 5.0,
        "flagInfo": {
            "hasFlags": false
        },
        "parameter": {
            "id": 2,
            "name": "pm25",
            "units": "\u00b5g/m\u00b3",
            "displayName": null
        },
        "period": {
            "label": "raw",
            "interval": "01:00:00",
            "datetimeFrom": {
                "utc": "2018-08-10T21:00:00Z",
                "local": "2018-08-10T14:00:00-07:00"
            },
            "datetimeTo": {
                "utc": "2018-08-10T22:00:00Z",
                "local": "2018-08-10T15:00:00-07:00"
            }
        },
        "coordinates": null,
        "summary": null,
        "coverage": {
            "expectedCount": 1,
            "expectedInterval": "01:00:00",
            "observedCount": 1,
            "observedInterval": "01:00:00",
            "percentComplete": 100.0,
            "percentCoverage": 100.0,
            "datetimeFrom": {
                "utc": "2018-08-10T21:00:00Z",
                "local": "2018-08-10T14:00:00-07:00"
            },
            "datetimeTo": {
                "utc": "2018-08-10T22:00:00Z",
                "local": "2018-08-10T15:00:00-07:00"
            }
        }
    },
    {
        "value": 11.0,
        "flagInfo": {
            "hasFlags": false
        },
        "parameter": {
            "id": 2,
            "name": "pm25",
            "units": "\u00b5g/m\u00b3",
            "displayName": null
        },
        "period": {
            "label": "raw",
            "interval": "01:00:00",
            "datetimeFrom": {
                "utc": "2018-08-10T22:00:00Z",
                "local": "2018-08-10T15:00:00-07:00"
            },
            "datetimeTo": {
                "utc": "2018-08-10T23:00:00Z",
                "local": "2018-08-10T16:00:00-07:00"
            }
        },
        "coordinates": null,
        "summary": null,
        "coverage": {
            "expectedCount": 1,
            "expectedInterval": "01:00:00",
            "observedCount": 1,
            "observedInterval": "01:00:00",
            "percentComplete": 100.0,
            "percentCoverage": 100.0,
            "datetimeFrom": {
                "utc": "2018-08-10T22:00:00Z",
                "local": "2018-08-10T15:00:00-07:00"
            },
            "datetimeTo": {
                "utc": "2018-08-10T23:00:00Z",
                "local": "2018-08-10T16:00:00-07:00"
            }
        }
    },
    {
        "value": 41.0,
        "flagInfo": {
            "hasFlags": false
        },
        "parameter": {
            "id": 2,
            "name": "pm25",
            "units": "\u00b5g/m\u00b3",
            "displayName": null
        },
        "period": {
            "label": "raw",
            "interval": "01:00:00",
            "datetimeFrom": {
                "utc": "2018-08-10T23:00:00Z",
                "local": "2018-08-10T16:00:00-07:00"
            },
            "datetimeTo": {
                "utc": "2018-08-11T00:00:00Z",
                "local": "2018-08-10T17:00:00-07:00"
            }
        },
        "coordinates": null,
        "summary": null,
        "coverage": {
            "expectedCount": 1,
            "expectedInterval": "01:00:00",
            "observedCount": 1,
            "observedInterval": "01:00:00",
            "percentComplete": 100.0,
            "percentCoverage": 100.0,
            "datetimeFrom": {
                "utc": "2018-08-10T23:00:00Z",
                "local": "2018-08-10T16:00:00-07:00"
            },
            "datetimeTo": {
                "utc": "2018-08-11T00:00:00Z",
                "local": "2018-08-10T17:00:00-07:00"
            }
        }
    },
    {
        "value": 52.0,
        "flagInfo": {
            "hasFlags": false
        },
        "parameter": {
            "id": 2,
            "name": "pm25",
            "units": "\u00b5g/m\u00b3",
            "displayName": null
        },
        "period": {
            "label": "raw",
            "interval": "01:00:00",
            "datetimeFrom": {
                "utc": "2018-08-11T00:00:00Z",
                "local": "2018-08-10T17:00:00-07:00"
            },
            "datetimeTo": {
                "utc": "2018-08-11T01:00:00Z",
                "local": "2018-08-10T18:00:00-07:00"
            }
        },
        "coordinates": null,
        "summary": null,
        "coverage": {
            "expectedCount": 1,
            "expectedInterval": "01:00:00",
            "observedCount": 1,
            "observedInterval": "01:00:00",
            "percentComplete": 100.0,
            "percentCoverage": 100.0,
            "datetimeFrom": {
                "utc": "2018-08-11T00:00:00Z",
                "local": "2018-08-10T17:00:00-07:00"
            },
            "datetimeTo": {
                "utc": "2018-08-11T01:00:00Z",
                "local": "2018-08-10T18:00:00-07:00"
            }
        }
    },
    {
        "value": 351.0,
        "flagInfo": {
            "hasFlags": false
        },
        "parameter": {
            "id": 2,
            "name": "pm25",
            "units": "\u00b5g/m\u00b3",
            "displayName": null
        },
        "period": {
            "label": "raw",
            "interval": "01:00:00",
            "datetimeFrom": {
                "utc": "2018-08-11T04:00:00Z",
                "local": "2018-08-10T21:00:00-07:00"
            },
            "datetimeTo": {
                "utc": "2018-08-11T05:00:00Z",
                "local": "2018-08-10T22:00:00-07:00"
            }
        },
        "coordinates": null,
        "summary": null,
        "coverage": {
            "expectedCount": 1,
            "expectedInterval": "01:00:00",
            "observedCount": 1,
            "observedInterval": "01:00:00",
            "percentComplete": 100.0,
            "percentCoverage": 100.0,
            "datetimeFrom": {
                "utc": "2018-08-11T04:00:00Z",
                "local": "2018-08-10T21:00:00-07:00"
            },
            "datetimeTo": {
                "utc": "2018-08-11T05:00:00Z",
                "local": "2018-08-10T22:00:00-07:00"
            }
        }
    },
    {
        "value": 220.0,
        "flagInfo": {
            "hasFlags": false
        },
        "parameter": {
            "id": 2,
            "name": "pm25",
            "units": "\u00b5g/m\u00b3",
            "displayName": null
        },
        "period": {
            "label": "raw",
            "interval": "01:00:00",
            "datetimeFrom": {
                "utc": "2018-08-11T06:00:00Z",
                "local": "2018-08-10T23:00:00-07:00"
            },
            "datetimeTo": {
                "utc": "2018-08-11T07:00:00Z",
                "local": "2018-08-11T00:00:00-07:00"
            }
        },
        "coordinates": null,
        "summary": null,
        "coverage": {
            "expectedCount": 1,
            "expectedInterval": "01:00:00",
            "observedCount": 1,
            "observedInterval": "01:00:00",
            "percentComplete": 100.0,
            "percentCoverage": 100.0,
            "datetimeFrom": {
                "utc": "2018-08-11T06:00:00Z",
                "local": "2018-08-10T23:00:00-07:00"
            },
            "datetimeTo": {
                "utc": "2018-08-11T07:00:00Z",
                "local": "2018-08-11T00:00:00-07:00"
            }
        }
    }
]