[
    {
        "value": 20.0,
        "flagInfo": {
            "hasFlags": false
        },
        "parameter": {
            "id": 2,
            "name": "pm25",
            "units": "\u00b5g/m\u00b3",
            "displayName": null
        },
        "period": {
            "label": "raw",
            "interval": "01:00:00",
            "datetimeFrom": {
                "utc": "2018-06-29T21:00:00Z",
                "local": "2018-06-29T14:00:00-07:00"
            },
            "datetimeTo": {
                "utc": "2018-06-29T22:00:00Z",
                "local": "2018-06-29T15:00:00-07:00"
            }
        },
        "coordinates": null,
        "summary": null,
        "coverage": {
            "expectedCount": 1,
            "expectedInterval": "01:00:00",
            "observedCount": 1,
            "observedInterval": "01:00:00",
            "percentComplete": 100.0,
            "percentCoverage": 100.0,
            "datetimeFrom": {
                "utc": "2018-06-29T21:00:00Z",
                "local": "2018-06-29T14:00:00-07:00"
            },
            "datetimeTo": {
                "utc": "2018-06-29T22:00:00Z",
                "local": "2018-06-29T15:00:00-07:00"
            }
        }
    },
    {
        "value": 9.0,
        "flagInfo": {
            "hasFlags": false
        },
        "parameter": {
            "id": 2,
            "name": "pm25",
            "units": "\u00b5g/m\u00b3",
            "displayName": null
        },
        "period": {
            "label": "raw",
            "interval": "01:00:00",
            "datetimeFrom": {
                "utc": "2018-06-29T22:00:00Z",
                "local": "2018-06-29T15:00:00-07:00"
            },
            "datetimeTo": {
                "utc": "2018-06-29T23:00:00Z",
                "local": "2018-06-29T16:00:00-07:00"
            }
        },
        "coordinates": null,
        "summary": null,
        "coverage": {
            "expectedCount": 1,
            "expectedInterval": "01:00:00",
            "observedCount": 1,
            "observedInterval": "01:00:00",
            "percentComplete": 100.0,
            "percentCoverage": 100.0,
            "datetimeFrom": {
                "utc": "2018-06-29T22:00:00Z",
                "local": "2018-06-29T15:00:00-07:00"
            },
            "datetimeTo": {
                "utc": "2018-06-29T23:00:00Z",
                "local": "2018-06-29T16:00:00-07:00"
            }
        }
    },
    {
        "value": 17.0,
        "flagInfo": {
            "hasFlags": false
        },
        "parameter": {
            "id": 2,
            "name": "pm25",
            "units": "\u00b5g/m\u00b3",
            "displayName": null
        },
        "period": {
            "label": "raw",
            "interval": "01:00:00",
            "datetimeFrom": {
                "utc": "2018-06-29T23:00:00Z",
                "local": "2018-06-29T16:00:00-07:00"
            },
            "datetimeTo": {
                "utc": "2018-06-30T00:00:00Z",
                "local": "2018-06-29T17:00:00-07:00"
            }
        },
        "coordinates": null,
        "summary": null,
        "coverage": {
            "expectedCount": 1,
            "expectedInterval": "01:00:00",
            "observedCount": 1,
            "observedInterval": "01:00:00",
            "percentComplete": 100.0,
            "percentCoverage": 100.0,
            "datetimeFrom": {
                "utc": "2018-06-29T23:00:00Z",
                "local": "2018-06-29T16:00:00-07:00"
            },
            "datetimeTo": {
                "utc": "2018-06-30T00:00:00Z",
                "local": "2018-06-29T17:00:00-07:00"
            }
        }
    },
    {
        "value": 11.0,
        "flagInfo": {
            "hasFlags": false
        },
        "parameter": {
            "id": 2,
            "name": "pm25",
            "units": "\u00b5g/m\u00b3",
            "displayName": null
        },
        "period": {
            "label": "raw",
            "interval": "01:00:00",
            "datetimeFrom": {
                "utc": "2018-06-30T00:00:00Z",
                "local": "2018-06-29T17:00:00-07:00"
            },
            "datetimeTo": {
                "utc": "2018-06-30T01:00:00Z",
                "local": "2018-06-29T18:00:00-07:00"
            }
        },
        "coordinates": null,
        "summary": null,
        "coverage": {
            "expectedCount": 1,
            "expectedInterval": "01:00:00",
            "observedCount": 1,
            "observedInterval": "01:00:00",
            "percentComplete": 100.0,
            "percentCoverage": 100.0,
            "datetimeFrom": {
                "utc": "2018-06-30T00:00:00Z",
                "local": "2018-06-29T17:00:00-07:00"
            },
            "datetimeTo": {
                "utc": "2018-06-30T01:00:00Z",
                "local": "2018-06-29T18:00:00-07:00"
            }
        }
    },
    {
        "value": 8.0,
        "flagInfo": {
            "hasFlags": false
        },
        "parameter": {
            "id": 2,
            "name": "pm25",
            "units": "\u00b5g/m\u00b3",
            "displayName": null
        },
        "period": {
            "label": "raw",
            "interval": "01:00:00",
            "datetimeFrom": {
                "utc": "2018-06-30T01:00:00Z",
                "local": "2018-06-29T18:00:00-07:00"
            },
            "datetimeTo": {
                "utc": "2018-06-30T02:00:00Z",
                "local": "2018-06-29T19:00:00-07:00"
            }
        },
        "coordinates": null,
        "summary": null,
        "coverage": {
            "expectedCount": 1,
            "expectedInterval": "01:00:00",
            "observedCount": 1,
            "observedInterval": "01:00:00",
            "percentComplete": 100.0,
            "percentCoverage": 100.0,
            "datetimeFrom": {
                "utc": "2018-06-30T01:00:00Z",
                "local": "2018-06-29T18:00:00-07:00"
            },
            "datetimeTo": {
                "utc": "2018-06-30T02:00:00Z",
                "local": "2018-06-29T19:00:00-07:00"
            }
        }
    },
    {
        "value": 4.0,
        "flagInfo": {
            "hasFlags": false
        },
        "parameter": {
            "id": 2,
            "name": "pm25",
            "units": "\u00b5g/m\u00b3",
            "displayName": null
        },
        "period": {
            "label": "raw",
            "interval": "01:00:00",
            "datetimeFrom": {
                "utc": "2018-06-30T02:00:00Z",
                "local": "2018-06-29T19:00:00-07:00"
            },
            "datetimeTo": {
                "utc": "2018-06-30T03:00:00Z",
                "local": "2018-06-29T20:00:00-07:00"
            }
        },
        "coordinates": null,
        "summary": null,
        "coverage": {
            "expectedCount": 1,
            "expectedInterval": "01:00:00",
            "observedCount": 1,
            "observedInterval": "01:00:00",
            "percentComplete": 100.0,
            "percentCoverage": 100.0,
            "datetimeFrom": {
                "utc": "2018-06-30T02:00:00Z",
                "local": "2018-06-29T19:00:00-07:00"
            },
            "datetimeTo": {
                "utc": "2018-06-30T03:00:00Z",
                "local": "2018-06-29T20:00:00-07:00"
            }
        }
    },
    {
        "value": 13.0,
        "flagInfo": {
            "hasFlags": false
        },
        "parameter": {
            "id": 2,
            "name": "pm25",
            "units": "\u00b5g/m\u00b3",
            "displayName": null
        },
        "period": {
            "label": "raw",
            "interval": "01:00:00",
            "datetimeFrom": {
                "utc": "2018-06-30T03:00:00Z",
                "local": "2018-06-29T20:00:00-07:00"
            },
            "datetimeTo": {
                "utc": "2018-06-30T04:00:00Z",
                "local": "2018-06-29T21:00:00-07:00"
            }
        },
        "coordinates": null,
        "summary": null,
        "coverage": {
            "expectedCount": 1,
            "expectedInterval": "01:00:00",
            "observedCount": 1,
            "observedInterval": "01:00:00",
            "percentComplete": 100.0,
            "percentCoverage": 100.0,
            "datetimeFrom": {
                "utc": "2018-06-30T03:00:00Z",
                "local": "2018-06-29T20:00:00-07:00"
            },
            "datetimeTo": {
                "utc": "2018-06-30T04:00:00Z",
                "local": "2018-06-29T21:00:00-07:00"
            }
        }
    },
    {
        "value": 13.0,
        "flagInfo": {
            "hasFlags": false
        },
        "parameter": {
            "id": 2,
            "name": "pm25",
            "units": "\u00b5g/m\u00b3",
            "displayName": null
        },
        "period": {
            "label": "raw",
            "interval": "01:00:00",
            "datetimeFrom": {
                "utc": "2018-06-30T04:00:00Z",
                "local": "2018-06-29T21:00:00-07:00"
            },
            "datetimeTo": {
                "utc": "2018-06-30T05:00:00Z",
                "local": "2018-06-29T22:00:00-07:00"
            }
        },
        "coordinates": null,
        "summary": null,
        "coverage": {
            "expectedCount": 1,
            "expectedInterval": "01:00:00",
            "observedCount": 1,
            "observedInterval": "01:00:00",
            "percentComplete": 100.0,
            "percentCoverage": 100.0,
            "datetimeFrom": {
                "utc": "2018-06-30T04:00:00Z",
                "local": "2018-06-29T21:00:00-07:00"
            },
            "datetimeTo": {
                "utc": "2018-06-30T05:00:00Z",
                "local": "2018-06-29T22:00:00-07:00"
            }
        }
    },
    {
        "value": 15.0,
        "flagInfo": {
            "hasFlags": false
        },
        "parameter": {
            "id": 2,
            "name": "pm25",
            "units": "\u00b5g/m\u00b3",
            "displayName": null
        },
        "period": {
            "label": "raw",
            "interval": "01:00:00",
            "datetimeFrom": {
                "utc": "2018-06-30T06:00:00Z",
                "local": "2018-06-29T23:00:00-07:00"
            },
            "datetimeTo": {
                "utc": "2018-06-30T07:00:00Z",
                "local": "2018-06-30T00:00:00-07:00"
            }
        },
        "coordinates": null,
        "summary": null,
        "coverage": {
            "expectedCount": 1,
            "expectedInterval": "01:00:00",
            "observedCount": 1,
            "observedInterval": "01:00:00",
            "percentComplete": 100.0,
            "percentCoverage": 100.0,
            "datetimeFrom": {
                "utc": "2018-06-30T06:00:00Z",
                "local": "2018-06-29T23:00:00-07:00"
            },
            "datetimeTo": {
                "utc": "2018-06-30T07:00:00Z",
                "local": "2018-06-30T00:00:00-07:00"
            }
        }
    }
]