[
    {
        "value": 36.0,
        "flagInfo": {
            "hasFlags": false
        },
        "parameter": {
            "id": 2,
            "name": "pm25",
            "units": "\u00b5g/m\u00b3",
            "displayName": null
        },
        "period": {
            "label": "raw",
            "interval": "01:00:00",
            "datetimeFrom": {
                "utc": "2016-08-05T23:00:00Z",
                "local": "2016-08-05T16:00:00-07:00"
            },
            "datetimeTo": {
                "utc": "2016-08-06T00:00:00Z",
                "local": "2016-08-05T17:00:00-07:00"
            }
        },
        "coordinates": null,
        "summary": null,
        "coverage": {
            "expectedCount": 1,
            "expectedInterval": "01:00:00",
            "observedCount": 1,
            "observedInterval": "01:00:00",
            "percentComplete": 100.0,
            "percentCoverage": 100.0,
            "datetimeFrom": {
                "utc": "2016-08-05T23:00:00Z",
                "local": "2016-08-05T16:00:00-07:00"
            },
            "datetimeTo": {
                "utc": "2016-08-06T00:00:00Z",
                "local": "2016-08-05T17:00:00-07:00"
            }
        }
    },
    {
        "value": 8.0,
        "flagInfo": {
            "hasFlags": false
        },
        "parameter": {
            "id": 2,
            "name": "pm25",
            "units": "\u00b5g/m\u00b3",
            "displayName": null
        },
        "period": {
            "label": "raw",
            "interval": "01:00:00",
            "datetimeFrom": {
                "utc": "2016-08-06T00:00:00Z",
                "local": "2016-08-05T17:00:00-07:00"
            },
            "datetimeTo": {
                "utc": "2016-08-06T01:00:00Z",
                "local": "2016-08-05T18:00:00-07:00"
            }
        },
        "coordinates": null,
        "summary": null,
        "coverage": {
            "expectedCount": 1,
            "expectedInterval": "01:00:00",
            "observedCount": 1,
            "observedInterval": "01:00:00",
            "percentComplete": 100.0,
            "percentCoverage": 100.0,
            "datetimeFrom": {
                "utc": "2016-08-06T00:00:00Z",
                "local": "2016-08-05T17:00:00-07:00"
            },
            "datetimeTo": {
                "utc": "2016-08-06T01:00:00Z",
                "local": "2016-08-05T18:00:00-07:00"
            }
        }
    },
    {
        "value": 6.0,
        "flagInfo": {
            "hasFlags": false
        },
        "parameter": {
            "id": 2,
            "name": "pm25",
            "units": "\u00b5g/m\u00b3",
            "displayName": null
        },
        "period": {
            "label": "raw",
            "interval": "01:00:00",
            "datetimeFrom": {
                "utc": "2016-08-06T01:00:00Z",
                "local": "2016-08-05T18:00:00-07:00"
            },
            "datetimeTo": {
                "utc": "2016-08-06T02:00:00Z",
                "local": "2016-08-05T19:00:00-07:00"
            }
        },
        "coordinates": null,
        "summary": null,
        "coverage": {
            "expectedCount": 1,
            "expectedInterval": "01:00:00",
            "observedCount": 1,
            "observedInterval": "01:00:00",
            "percentComplete": 100.0,
            "percentCoverage": 100.0,
            "datetimeFrom": {
                "utc": "2016-08-06T01:00:00Z",
                "local": "2016-08-05T18:00:00-07:00"
            },
            "datetimeTo": {
                "utc": "2016-08-06T02:00:00Z",
                "local": "2016-08-05T19:00:00-07:00"
            }
        }
    },
    {
        "value": -1.0,
        "flagInfo": {
            "hasFlags": false
        },
        "parameter": {
            "id": 2,
            "name": "pm25",
            "units": "\u00b5g/m\u00b3",
            "displayName": null
        },
        "period": {
            "label": "raw",
            "interval": "01:00:00",
            "datetimeFrom": {
                "utc": "2016-08-06T02:00:00Z",
                "local": "2016-08-05T19:00:00-07:00"
            },
            "datetimeTo": {
                "utc": "2016-08-06T03:00:00Z",
                "local": "2016-08-05T20:00:00-07:00"
            }
        },
        "coordinates": null,
        "summary": null,
        "coverage": {
            "expectedCount": 1,
            "expectedInterval": "01:00:00",
            "observedCount": 1,
            "observedInterval": "01:00:00",
            "percentComplete": 100.0,
            "percentCoverage": 100.0,
            "datetimeFrom": {
                "utc": "2016-08-06T02:00:00Z",
                "local": "2016-08-05T19:00:00-07:00"
            },
            "datetimeTo": {
                "utc": "2016-08-06T03:00:00Z",
                "local": "2016-08-05T20:00:00-07:00"
            }
        }
    },
    {
        "value": -1.0,
        "flagInfo": {
            "hasFlags": false
        },
        "parameter": {
            "id": 2,
            "name": "pm25",
            "units": "\u00b5g/m\u00b3",
            "displayName": null
        },
        "period": {
            "label": "raw",
            "interval": "01:00:00",
            "datetimeFrom": {
                "utc": "2016-08-06T03:00:00Z",
                "local": "2016-08-05T20:00:00-07:00"
            },
            "datetimeTo": {
                "utc": "2016-08-06T04:00:00Z",
                "local": "2016-08-05T21:00:00-07:00"
            }
        },
        "coordinates": null,
        "summary": null,
        "coverage": {
            "expectedCount": 1,
            "expectedInterval": "01:00:00",
            "observedCount": 1,
            "observedInterval": "01:00:00",
            "percentComplete": 100.0,
            "percentCoverage": 100.0,
            "datetimeFrom": {
                "utc": "2016-08-06T03:00:00Z",
                "local": "2016-08-05T20:00:00-07:00"
            },
            "datetimeTo": {
                "utc": "2016-08-06T04:00:00Z",
                "local": "2016-08-05T21:00:00-07:00"
            }
        }
    },
    {
        "value": 1.0,
        "flagInfo": {
            "hasFlags": false
        },
        "parameter": {
            "id": 2,
            "name": "pm25",
            "units": "\u00b5g/m\u00b3",
            "displayName": null
        },
        "period": {
            "label": "raw",
            "interval": "01:00:00",
            "datetimeFrom": {
                "utc": "2016-08-06T04:00:00Z",
                "local": "2016-08-05T21:00:00-07:00"
            },
            "datetimeTo": {
                "utc": "2016-08-06T05:00:00Z",
                "local": "2016-08-05T22:00:00-07:00"
            }
        },
        "coordinates": null,
        "summary": null,
        "coverage": {
            "expectedCount": 1,
            "expectedInterval": "01:00:00",
            "observedCount": 1,
            "observedInterval": "01:00:00",
            "percentComplete": 100.0,
            "percentCoverage": 100.0,
            "datetimeFrom": {
                "utc": "2016-08-06T04:00:00Z",
                "local": "2016-08-05T21:00:00-07:00"
            },
            "datetimeTo": {
                "utc": "2016-08-06T05:00:00Z",
                "local": "2016-08-05T22:00:00-07:00"
            }
        }
    },
    {
        "value": 8.0,
        "flagInfo": {
            "hasFlags": false
        },
        "parameter": {
            "id": 2,
            "name": "pm25",
            "units": "\u00b5g/m\u00b3",
            "displayName": null
        },
        "period": {
            "label": "raw",
            "interval": "01:00:00",
            "datetimeFrom": {
                "utc": "2016-08-06T05:00:00Z",
                "local": "2016-08-05T22:00:00-07:00"
            },
            "datetimeTo": {
                "utc": "2016-08-06T06:00:00Z",
                "local": "2016-08-05T23:00:00-07:00"
            }
        },
        "coordinates": null,
        "summary": null,
        "coverage": {
            "expectedCount": 1,
            "expectedInterval": "01:00:00",
            "observedCount": 1,
            "observedInterval": "01:00:00",
            "percentComplete": 100.0,
            "percentCoverage": 100.0,
            "datetimeFrom": {
                "utc": "2016-08-06T05:00:00Z",
                "local": "2016-08-05T22:00:00-07:00"
            },
            "datetimeTo": {
                "utc": "2016-08-06T06:00:00Z",
                "local": "2016-08-05T23:00:00-07:00"
            }
        }
    },
    {
        "value": 1.0,
        "flagInfo": {
            "hasFlags": false
        },
        "parameter": {
            "id": 2,
            "name": "pm25",
            "units": "\u00b5g/m\u00b3",
            "displayName": null
        },
        "period": {
            "label": "raw",
            "interval": "01:00:00",
            "datetimeFrom": {
                "utc": "2016-08-06T06:00:00Z",
                "local": "2016-08-05T23:00:00-07:00"
            },
            "datetimeTo": {
                "utc": "2016-08-06T07:00:00Z",
                "local": "2016-08-06T00:00:00-07:00"
            }
        },
        "coordinates": null,
        "summary": null,
        "coverage": {
            "expectedCount": 1,
            "expectedInterval": "01:00:00",
            "observedCount": 1,
            "observedInterval": "01:00:00",
            "percentComplete": 100.0,
            "percentCoverage": 100.0,
            "datetimeFrom": {
                "utc": "2016-08-06T06:00:00Z",
                "local": "2016-08-05T23:00:00-07:00"
            },
            "datetimeTo": {
                "utc": "2016-08-06T07:00:00Z",
                "local": "2016-08-06T00:00:00-07:00"
            }
        }
    },
    {
        "value": 11.0,
        "flagInfo": {
            "hasFlags": false
        },
        "parameter": {
            "id": 2,
            "name": "pm25",
            "units": "\u00b5g/m\u00b3",
            "displayName": null
        },
        "period": {
            "label": "raw",
            "interval": "01:00:00",
            "datetimeFrom": {
                "utc": "2016-08-06T07:00:00Z",
                "local": "2016-08-06T00:00:00-07:00"
            },
            "datetimeTo": {
                "utc": "2016-08-06T08:00:00Z",
                "local": "2016-08-06T01:00:00-07:00"
            }
        },
        "coordinates": null,
        "summary": null,
        "coverage": {
            "expectedCount": 1,
            "expectedInterval": "01:00:00",
            "observedCount": 1,
            "observedInterval": "01:00:00",
            "percentComplete": 100.0,
            "percentCoverage": 100.0,
            "datetimeFrom": {
                "utc": "2016-08-06T07:00:00Z",
                "local": "2016-08-06T00:00:00-07:00"
            },
            "datetimeTo": {
                "utc": "2016-08-06T08:00:00Z",
                "local": "2016-08-06T01:00:00-07:00"
            }
        }
    },
    {
        "value": 2.0,
        "flagInfo": {
            "hasFlags": false
        },
        "parameter": {
            "id": 2,
            "name": "pm25",
            "units": "\u00b5g/m\u00b3",
            "displayName": null
        },
        "period": {
            "label": "raw",
            "interval": "01:00:00",
            "datetimeFrom": {
                "utc": "2016-08-06T08:00:00Z",
                "local": "2016-08-06T01:00:00-07:00"
            },
            "datetimeTo": {
                "utc": "2016-08-06T09:00:00Z",
                "local": "2016-08-06T02:00:00-07:00"
            }
        },
        "coordinates": null,
        "summary": null,
        "coverage": {
            "expectedCount": 1,
            "expectedInterval": "01:00:00",
            "observedCount": 1,
            "observedInterval": "01:00:00",
            "percentComplete": 100.0,
            "percentCoverage": 100.0,
            "datetimeFrom": {
                "utc": "2016-08-06T08:00:00Z",
                "local": "2016-08-06T01:00:00-07:00"
            },
            "datetimeTo": {
                "utc": "2016-08-06T09:00:00Z",
                "local": "2016-08-06T02:00:00-07:00"
            }
        }
    },
    {
        "value": 7.0,
        "flagInfo": {
            "hasFlags": false
        },
        "parameter": {
            "id": 2,
            "name": "pm25",
            "units": "\u00b5g/m\u00b3",
            "displayName": null
        },
        "period": {
            "label": "raw",
            "interval": "01:00:00",
            "datetimeFrom": {
                "utc": "2016-08-06T09:00:00Z",
                "local": "2016-08-06T02:00:00-07:00"
            },
            "datetimeTo": {
                "utc": "2016-08-06T10:00:00Z",
                "local": "2016-08-06T03:00:00-07:00"
            }
        },
        "coordinates": null,
        "summary": null,
        "coverage": {
            "expectedCount": 1,
            "expectedInterval": "01:00:00",
            "observedCount": 1,
            "observedInterval": "01:00:00",
            "percentComplete": 100.0,
            "percentCoverage": 100.0,
            "datetimeFrom": {
                "utc": "2016-08-06T09:00:00Z",
                "local": "2016-08-06T02:00:00-07:00"
            },
            "datetimeTo": {
                "utc": "2016-08-06T10:00:00Z",
                "local": "2016-08-06T03:00:00-07:00"
            }
        }
    }
]