[
    {
        "value": 47.0,
        "flagInfo": {
            "hasFlags": false
        },
        "parameter": {
            "id": 2,
            "name": "pm25",
            "units": "\u00b5g/m\u00b3",
            "displayName": null
        },
        "period": {
            "label": "raw",
            "interval": "01:00:00",
            "datetimeFrom": {
                "utc": "2017-10-18T00:00:00Z",
                "local": "2017-10-17T17:00:00-07:00"
            },
            "datetimeTo": {
                "utc": "2017-10-18T01:00:00Z",
                "local": "2017-10-17T18:00:00-07:00"
            }
        },
        "coordinates": null,
        "summary": null,
        "coverage": {
            "expectedCount": 1,
            "expectedInterval": "01:00:00",
            "observedCount": 1,
            "observedInterval": "01:00:00",
            "percentComplete": 100.0,
            "percentCoverage": 100.0,
            "datetimeFrom": {
                "utc": "2017-10-18T00:00:00Z",
                "local": "2017-10-17T17:00:00-07:00"
            },
            "datetimeTo": {
                "utc": "2017-10-18T01:00:00Z",
                "local": "2017-10-17T18:00:00-07:00"
            }
        }
    },
    {
        "value": 42.0,
        "flagInfo": {
            "hasFlags": false
        },
        "parameter": {
            "id": 2,
            "name": "pm25",
            "units": "\u00b5g/m\u00b3",
            "displayName": null
        },
        "period": {
            "label": "raw",
            "interval": "01:00:00",
            "datetimeFrom": {
                "utc": "2017-10-18T01:00:00Z",
                "local": "2017-10-17T18:00:00-07:00"
            },
            "datetimeTo": {
                "utc": "2017-10-18T02:00:00Z",
                "local": "2017-10-17T19:00:00-07:00"
            }
        },
        "coordinates": null,
        "summary": null,
        "coverage": {
            "expectedCount": 1,
            "expectedInterval": "01:00:00",
            "observedCount": 1,
            "observedInterval": "01:00:00",
            "percentComplete": 100.0,
            "percentCoverage": 100.0,
            "datetimeFrom": {
                "utc": "2017-10-18T01:00:00Z",
                "local": "2017-10-17T18:00:00-07:00"
            },
            "datetimeTo": {
                "utc": "2017-10-18T02:00:00Z",
                "local": "2017-10-17T19:00:00-07:00"
            }
        }
    },
    {
        "value": 8.0,
        "flagInfo": {
            "hasFlags": false
        },
        "parameter": {
            "id": 2,
            "name": "pm25",
            "units": "\u00b5g/m\u00b3",
            "displayName": null
        },
        "period": {
            "label": "raw",
            "interval": "01:00:00",
            "datetimeFrom": {
                "utc": "2017-10-18T04:00:00Z",
                "local": "2017-10-17T21:00:00-07:00"
            },
            "datetimeTo": {
                "utc": "2017-10-18T05:00:00Z",
                "local": "2017-10-17T22:00:00-07:00"
            }
        },
        "coordinates": null,
        "summary": null,
        "coverage": {
            "expectedCount": 1,
            "expectedInterval": "01:00:00",
            "observedCount": 1,
            "observedInterval": "01:00:00",
            "percentComplete": 100.0,
            "percentCoverage": 100.0,
            "datetimeFrom": {
                "utc": "2017-10-18T04:00:00Z",
                "local": "2017-10-17T21:00:00-07:00"
            },
            "datetimeTo": {
                "utc": "2017-10-18T05:00:00Z",
                "local": "2017-10-17T22:00:00-07:00"
            }
        }
    },
    {
        "value": 13.0,
        "flagInfo": {
            "hasFlags": false
        },
        "parameter": {
            "id": 2,
            "name": "pm25",
            "units": "\u00b5g/m\u00b3",
            "displayName": null
        },
        "period": {
            "label": "raw",
            "interval": "01:00:00",
            "datetimeFrom": {
                "utc": "2017-10-18T05:00:00Z",
                "local": "2017-10-17T22:00:00-07:00"
            },
            "datetimeTo": {
                "utc": "2017-10-18T06:00:00Z",
                "local": "2017-10-17T23:00:00-07:00"
            }
        },
        "coordinates": null,
        "summary": null,
        "coverage": {
            "expectedCount": 1,
            "expectedInterval": "01:00:00",
            "observedCount": 1,
            "observedInterval": "01:00:00",
            "percentComplete": 100.0,
            "percentCoverage": 100.0,
            "datetimeFrom": {
                "utc": "2017-10-18T05:00:00Z",
                "local": "2017-10-17T22:00:00-07:00"
            },
            "datetimeTo": {
                "utc": "2017-10-18T06:00:00Z",
                "local": "2017-10-17T23:00:00-07:00"
            }
        }
    },
    {
        "value": 0.0,
        "flagInfo": {
            "hasFlags": false
        },
        "parameter": {
            "id": 2,
            "name": "pm25",
            "units": "\u00b5g/m\u00b3",
            "displayName": null
        },
        "period": {
            "label": "raw",
            "interval": "01:00:00",
            "datetimeFrom": {
                "utc": "2017-10-21T02:00:00Z",
                "local": "2017-10-20T19:00:00-07:00"
            },
            "datetimeTo": {
                "utc": "2017-10-21T03:00:00Z",
                "local": "2017-10-20T20:00:00-07:00"
            }
        },
        "coordinates": null,
        "summary": null,
        "coverage": {
            "expectedCount": 1,
            "expectedInterval": "01:00:00",
            "observedCount": 1,
            "observedInterval": "01:00:00",
            "percentComplete": 100.0,
            "percentCoverage": 100.0,
            "datetimeFrom": {
                "utc": "2017-10-21T02:00:00Z",
                "local": "2017-10-20T19:00:00-07:00"
            },
            "datetimeTo": {
                "utc": "2017-10-21T03:00:00Z",
                "local": "2017-10-20T20:00:00-07:00"
            }
        }
    },
    {
        "value": 3.0,
        "flagInfo": {
            "hasFlags": false
        },
        "parameter": {
            "id": 2,
            "name": "pm25",
            "units": "\u00b5g/m\u00b3",
            "displayName": null
        },
        "period": {
            "label": "raw",
            "interval": "01:00:00",
            "datetimeFrom": {
                "utc": "2017-10-21T03:00:00Z",
                "local": "2017-10-20T20:00:00-07:00"
            },
            "datetimeTo": {
                "utc": "2017-10-21T04:00:00Z",
                "local": "2017-10-20T21:00:00-07:00"
            }
        },
        "coordinates": null,
        "summary": null,
        "coverage": {
            "expectedCount": 1,
            "expectedInterval": "01:00:00",
            "observedCount": 1,
            "observedInterval": "01:00:00",
            "percentComplete": 100.0,
            "percentCoverage": 100.0,
            "datetimeFrom": {
                "utc": "2017-10-21T03:00:00Z",
                "local": "2017-10-20T20:00:00-07:00"
            },
            "datetimeTo": {
                "utc": "2017-10-21T04:00:00Z",
                "local": "2017-10-20T21:00:00-07:00"
            }
        }
    },
    {
        "value": 4.0,
        "flagInfo": {
            "hasFlags": false
        },
        "parameter": {
            "id": 2,
            "name": "pm25",
            "units": "\u00b5g/m\u00b3",
            "displayName": null
        },
        "period": {
            "label": "raw",
            "interval": "01:00:00",
            "datetimeFrom": {
                "utc": "2017-10-21T04:00:00Z",
                "local": "2017-10-20T21:00:00-07:00"
            },
            "datetimeTo": {
                "utc": "2017-10-21T05:00:00Z",
                "local": "2017-10-20T22:00:00-07:00"
            }
        },
        "coordinates": null,
        "summary": null,
        "coverage": {
            "expectedCount": 1,
            "expectedInterval": "01:00:00",
            "observedCount": 1,
            "observedInterval": "01:00:00",
            "percentComplete": 100.0,
            "percentCoverage": 100.0,
            "datetimeFrom": {
                "utc": "2017-10-21T04:00:00Z",
                "local": "2017-10-20T21:00:00-07:00"
            },
            "datetimeTo": {
                "utc": "2017-10-21T05:00:00Z",
                "local": "2017-10-20T22:00:00-07:00"
            }
        }
    },
    {
        "value": 13.0,
        "flagInfo": {
            "hasFlags": false
        },
        "parameter": {
            "id": 2,
            "name": "pm25",
            "units": "\u00b5g/m\u00b3",
            "displayName": null
        },
        "period": {
            "label": "raw",
            "interval": "01:00:00",
            "datetimeFrom": {
                "utc": "2017-10-21T20:00:00Z",
                "local": "2017-10-21T13:00:00-07:00"
            },
            "datetimeTo": {
                "utc": "2017-10-21T21:00:00Z",
                "local": "2017-10-21T14:00:00-07:00"
            }
        },
        "coordinates": null,
        "summary": null,
        "coverage": {
            "expectedCount": 1,
            "expectedInterval": "01:00:00",
            "observedCount": 1,
            "observedInterval": "01:00:00",
            "percentComplete": 100.0,
            "percentCoverage": 100.0,
            "datetimeFrom": {
                "utc": "2017-10-21T20:00:00Z",
                "local": "2017-10-21T13:00:00-07:00"
            },
            "datetimeTo": {
                "utc": "2017-10-21T21:00:00Z",
                "local": "2017-10-21T14:00:00-07:00"
            }
        }
    },
    {
        "value": -2.0,
        "flagInfo": {
            "hasFlags": false
        },
        "parameter": {
            "id": 2,
            "name": "pm25",
            "units": "\u00b5g/m\u00b3",
            "displayName": null
        },
        "period": {
            "label": "raw",
            "interval": "01:00:00",
            "datetimeFrom": {
                "utc": "2017-10-21T21:00:00Z",
                "local": "2017-10-21T14:00:00-07:00"
            },
            "datetimeTo": {
                "utc": "2017-10-21T22:00:00Z",
                "local": "2017-10-21T15:00:00-07:00"
            }
        },
        "coordinates": null,
        "summary": null,
        "coverage": {
            "expectedCount": 1,
            "expectedInterval": "01:00:00",
            "observedCount": 1,
            "observedInterval": "01:00:00",
            "percentComplete": 100.0,
            "percentCoverage": 100.0,
            "datetimeFrom": {
                "utc": "2017-10-21T21:00:00Z",
                "local": "2017-10-21T14:00:00-07:00"
            },
            "datetimeTo": {
                "utc": "2017-10-21T22:00:00Z",
                "local": "2017-10-21T15:00:00-07:00"
            }
        }
    },
    {
        "value": 6.0,
        "flagInfo": {
            "hasFlags": false
        },
        "parameter": {
            "id": 2,
            "name": "pm25",
            "units": "\u00b5g/m\u00b3",
            "displayName": null
        },
        "period": {
            "label": "raw",
            "interval": "01:00:00",
            "datetimeFrom": {
                "utc": "2017-10-21T22:00:00Z",
                "local": "2017-10-21T15:00:00-07:00"
            },
            "datetimeTo": {
                "utc": "2017-10-21T23:00:00Z",
                "local": "2017-10-21T16:00:00-07:00"
            }
        },
        "coordinates": null,
        "summary": null,
        "coverage": {
            "expectedCount": 1,
            "expectedInterval": "01:00:00",
            "observedCount": 1,
            "observedInterval": "01:00:00",
            "percentComplete": 100.0,
            "percentCoverage": 100.0,
            "datetimeFrom": {
                "utc": "2017-10-21T22:00:00Z",
                "local": "2017-10-21T15:00:00-07:00"
            },
            "datetimeTo": {
                "utc": "2017-10-21T23:00:00Z",
                "local": "2017-10-21T16:00:00-07:00"
            }
        }
    },
    {
        "value": 5.0,
        "flagInfo": {
            "hasFlags": false
        },
        "parameter": {
            "id": 2,
            "name": "pm25",
            "units": "\u00b5g/m\u00b3",
            "displayName": null
        },
        "period": {
            "label": "raw",
            "interval": "01:00:00",
            "datetimeFrom": {
                "utc": "2017-10-22T02:00:00Z",
                "local": "2017-10-21T19:00:00-07:00"
            },
            "datetimeTo": {
                "utc": "2017-10-22T03:00:00Z",
                "local": "2017-10-21T20:00:00-07:00"
            }
        },
        "coordinates": null,
        "summary": null,
        "coverage": {
            "expectedCount": 1,
            "expectedInterval": "01:00:00",
            "observedCount": 1,
            "observedInterval": "01:00:00",
            "percentComplete": 100.0,
            "percentCoverage": 100.0,
            "datetimeFrom": {
                "utc": "2017-10-22T02:00:00Z",
                "local": "2017-10-21T19:00:00-07:00"
            },
            "datetimeTo": {
                "utc": "2017-10-22T03:00:00Z",
                "local": "2017-10-21T20:00:00-07:00"
            }
        }
    },
    {
        "value": 4.0,
        "flagInfo": {
            "hasFlags": false
        },
        "parameter": {
            "id": 2,
            "name": "pm25",
            "units": "\u00b5g/m\u00b3",
            "displayName": null
        },
        "period": {
            "label": "raw",
            "interval": "01:00:00",
            "datetimeFrom": {
                "utc": "2017-10-22T03:00:00Z",
                "local": "2017-10-21T20:00:00-07:00"
            },
            "datetimeTo": {
                "utc": "2017-10-22T04:00:00Z",
                "local": "2017-10-21T21:00:00-07:00"
            }
        },
        "coordinates": null,
        "summary": null,
        "coverage": {
            "expectedCount": 1,
            "expectedInterval": "01:00:00",
            "observedCount": 1,
            "observedInterval": "01:00:00",
            "percentComplete": 100.0,
            "percentCoverage": 100.0,
            "datetimeFrom": {
                "utc": "2017-10-22T03:00:00Z",
                "local": "2017-10-21T20:00:00-07:00"
            },
            "datetimeTo": {
                "utc": "2017-10-22T04:00:00Z",
                "local": "2017-10-21T21:00:00-07:00"
            }
        }
    },
    {
        "value": 3.0,
        "flagInfo": {
            "hasFlags": false
        },
        "parameter": {
            "id": 2,
            "name": "pm25",
            "units": "\u00b5g/m\u00b3",
            "displayName": null
        },
        "period": {
            "label": "raw",
            "interval": "01:00:00",
            "datetimeFrom": {
                "utc": "2017-10-22T04:00:00Z",
                "local": "2017-10-21T21:00:00-07:00"
            },
            "datetimeTo": {
                "utc": "2017-10-22T05:00:00Z",
                "local": "2017-10-21T22:00:00-07:00"
            }
        },
        "coordinates": null,
        "summary": null,
        "coverage": {
            "expectedCount": 1,
            "expectedInterval": "01:00:00",
            "observedCount": 1,
            "observedInterval": "01:00:00",
            "percentComplete": 100.0,
            "percentCoverage": 100.0,
            "datetimeFrom": {
                "utc": "2017-10-22T04:00:00Z",
                "local": "2017-10-21T21:00:00-07:00"
            },
            "datetimeTo": {
                "utc": "2017-10-22T05:00:00Z",
                "local": "2017-10-21T22:00:00-07:00"
            }
        }
    },
    {
        "value": -3.0,
        "flagInfo": {
            "hasFlags": false
        },
        "parameter": {
            "id": 2,
            "name": "pm25",
            "units": "\u00b5g/m\u00b3",
            "displayName": null
        },
        "period": {
            "label": "raw",
            "interval": "01:00:00",
            "datetimeFrom": {
                "utc": "2017-10-22T05:00:00Z",
                "local": "2017-10-21T22:00:00-07:00"
            },
            "datetimeTo": {
                "utc": "2017-10-22T06:00:00Z",
                "local": "2017-10-21T23:00:00-07:00"
            }
        },
        "coordinates": null,
        "summary": null,
        "coverage": {
            "expectedCount": 1,
            "expectedInterval": "01:00:00",
            "observedCount": 1,
            "observedInterval": "01:00:00",
            "percentComplete": 100.0,
            "percentCoverage": 100.0,
            "datetimeFrom": {
                "utc": "2017-10-22T05:00:00Z",
                "local": "2017-10-21T22:00:00-07:00"
            },
            "datetimeTo": {
                "utc": "2017-10-22T06:00:00Z",
                "local": "2017-10-21T23:00:00-07:00"
            }
        }
    },
    {
        "value": 6.0,
        "flagInfo": {
            "hasFlags": false
        },
        "parameter": {
            "id": 2,
            "name": "pm25",
            "units": "\u00b5g/m\u00b3",
            "displayName": null
        },
        "period": {
            "label": "raw",
            "interval": "01:00:00",
            "datetimeFrom": {
                "utc": "2017-10-22T06:00:00Z",
                "local": "2017-10-21T23:00:00-07:00"
            },
            "datetimeTo": {
                "utc": "2017-10-22T07:00:00Z",
                "local": "2017-10-22T00:00:00-07:00"
            }
        },
        "coordinates": null,
        "summary": null,
        "coverage": {
            "expectedCount": 1,
            "expectedInterval": "01:00:00",
            "observedCount": 1,
            "observedInterval": "01:00:00",
            "percentComplete": 100.0,
            "percentCoverage": 100.0,
            "datetimeFrom": {
                "utc": "2017-10-22T06:00:00Z",
                "local": "2017-10-21T23:00:00-07:00"
            },
            "datetimeTo": {
                "utc": "2017-10-22T07:00:00Z",
                "local": "2017-10-22T00:00:00-07:00"
            }
        }
    },
    {
        "value": -2.0,
        "flagInfo": {
            "hasFlags": false
        },
        "parameter": {
            "id": 2,
            "name": "pm25",
            "units": "\u00b5g/m\u00b3",
            "displayName": null
        },
        "period": {
            "label": "raw",
            "interval": "01:00:00",
            "datetimeFrom": {
                "utc": "2017-10-22T08:00:00Z",
                "local": "2017-10-22T01:00:00-07:00"
            },
            "datetimeTo": {
                "utc": "2017-10-22T09:00:00Z",
                "local": "2017-10-22T02:00:00-07:00"
            }
        },
        "coordinates": null,
        "summary": null,
        "coverage": {
            "expectedCount": 1,
            "expectedInterval": "01:00:00",
            "observedCount": 1,
            "observedInterval": "01:00:00",
            "percentComplete": 100.0,
            "percentCoverage": 100.0,
            "datetimeFrom": {
                "utc": "2017-10-22T08:00:00Z",
                "local": "2017-10-22T01:00:00-07:00"
            },
            "datetimeTo": {
                "utc": "2017-10-22T09:00:00Z",
                "local": "2017-10-22T02:00:00-07:00"
            }
        }
    },
    {
        "value": 1.0,
        "flagInfo": {
            "hasFlags": false
        },
        "parameter": {
            "id": 2,
            "name": "pm25",
            "units": "\u00b5g/m\u00b3",
            "displayName": null
        },
        "period": {
            "label": "raw",
            "interval": "01:00:00",
            "datetimeFrom": {
                "utc": "2017-10-22T09:00:00Z",
                "local": "2017-10-22T02:00:00-07:00"
            },
            "datetimeTo": {
                "utc": "2017-10-22T10:00:00Z",
                "local": "2017-10-22T03:00:00-07:00"
            }
        },
        "coordinates": null,
        "summary": null,
        "coverage": {
            "expectedCount": 1,
            "expectedInterval": "01:00:00",
            "observedCount": 1,
            "observedInterval": "01:00:00",
            "percentComplete": 100.0,
            "percentCoverage": 100.0,
            "datetimeFrom": {
                "utc": "2017-10-22T09:00:00Z",
                "local": "2017-10-22T02:00:00-07:00"
            },
            "datetimeTo": {
                "utc": "2017-10-22T10:00:00Z",
                "local": "2017-10-22T03:00:00-07:00"
            }
        }
    },
    {
        "value": 2.0,
        "flagInfo": {
            "hasFlags": false
        },
        "parameter": {
            "id": 2,
            "name": "pm25",
            "units": "\u00b5g/m\u00b3",
            "displayName": null
        },
        "period": {
            "label": "raw",
            "interval": "01:00:00",
            "datetimeFrom": {
                "utc": "2017-10-22T10:00:00Z",
                "local": "2017-10-22T03:00:00-07:00"
            },
            "datetimeTo": {
                "utc": "2017-10-22T11:00:00Z",
                "local": "2017-10-22T04:00:00-07:00"
            }
        },
        "coordinates": null,
        "summary": null,
        "coverage": {
            "expectedCount": 1,
            "expectedInterval": "01:00:00",
            "observedCount": 1,
            "observedInterval": "01:00:00",
            "percentComplete": 100.0,
            "percentCoverage": 100.0,
            "datetimeFrom": {
                "utc": "2017-10-22T10:00:00Z",
                "local": "2017-10-22T03:00:00-07:00"
            },
            "datetimeTo": {
                "utc": "2017-10-22T11:00:00Z",
                "local": "2017-10-22T04:00:00-07:00"
            }
        }
    },
    {
        "value": 4.0,
        "flagInfo": {
            "hasFlags": false
        },
        "parameter": {
            "id": 2,
            "name": "pm25",
            "units": "\u00b5g/m\u00b3",
            "displayName": null
        },
        "period": {
            "label": "raw",
            "interval": "01:00:00",
            "datetimeFrom": {
                "utc": "2017-10-22T11:00:00Z",
                "local": "2017-10-22T04:00:00-07:00"
            },
            "datetimeTo": {
                "utc": "2017-10-22T12:00:00Z",
                "local": "2017-10-22T05:00:00-07:00"
            }
        },
        "coordinates": null,
        "summary": null,
        "coverage": {
            "expectedCount": 1,
            "expectedInterval": "01:00:00",
            "observedCount": 1,
            "observedInterval": "01:00:00",
            "percentComplete": 100.0,
            "percentCoverage": 100.0,
            "datetimeFrom": {
                "utc": "2017-10-22T11:00:00Z",
                "local": "2017-10-22T04:00:00-07:00"
            },
            "datetimeTo": {
                "utc": "2017-10-22T12:00:00Z",
                "local": "2017-10-22T05:00:00-07:00"
            }
        }
    },
    {
        "value": 0.0,
        "flagInfo": {
            "hasFlags": false
        },
        "parameter": {
            "id": 2,
            "name": "pm25",
            "units": "\u00b5g/m\u00b3",
            "displayName": null
        },
        "period": {
            "label": "raw",
            "interval": "01:00:00",
            "datetimeFrom": {
                "utc": "2017-10-22T13:00:00Z",
                "local": "2017-10-22T06:00:00-07:00"
            },
            "datetimeTo": {
                "utc": "2017-10-22T14:00:00Z",
                "local": "2017-10-22T07:00:00-07:00"
            }
        },
        "coordinates": null,
        "summary": null,
        "coverage": {
            "expectedCount": 1,
            "expectedInterval": "01:00:00",
            "observedCount": 1,
            "observedInterval": "01:00:00",
            "percentComplete": 100.0,
            "percentCoverage": 100.0,
            "datetimeFrom": {
                "utc": "2017-10-22T13:00:00Z",
                "local": "2017-10-22T06:00:00-07:00"
            },
            "datetimeTo": {
                "utc": "2017-10-22T14:00:00Z",
                "local": "2017-10-22T07:00:00-07:00"
            }
        }
    },
    {
        "value": 1.0,
        "flagInfo": {
            "hasFlags": false
        },
        "parameter": {
            "id": 2,
            "name": "pm25",
            "units": "\u00b5g/m\u00b3",
            "displayName": null
        },
        "period": {
            "label": "raw",
            "interval": "01:00:00",
            "datetimeFrom": {
                "utc": "2017-10-22T15:00:00Z",
                "local": "2017-10-22T08:00:00-07:00"
            },
            "datetimeTo": {
                "utc": "2017-10-22T16:00:00Z",
                "local": "2017-10-22T09:00:00-07:00"
            }
        },
        "coordinates": null,
        "summary": null,
        "coverage": {
            "expectedCount": 1,
            "expectedInterval": "01:00:00",
            "observedCount": 1,
            "observedInterval": "01:00:00",
            "percentComplete": 100.0,
            "percentCoverage": 100.0,
            "datetimeFrom": {
                "utc": "2017-10-22T15:00:00Z",
                "local": "2017-10-22T08:00:00-07:00"
            },
            "datetimeTo": {
                "utc": "2017-10-22T16:00:00Z",
                "local": "2017-10-22T09:00:00-07:00"
            }
        }
    },
    {
        "value": 5.0,
        "flagInfo": {
            "hasFlags": false
        },
        "parameter": {
            "id": 2,
            "name": "pm25",
            "units": "\u00b5g/m\u00b3",
            "displayName": null
        },
        "period": {
            "label": "raw",
            "interval": "01:00:00",
            "datetimeFrom": {
                "utc": "2017-10-22T16:00:00Z",
                "local": "2017-10-22T09:00:00-07:00"
            },
            "datetimeTo": {
                "utc": "2017-10-22T17:00:00Z",
                "local": "2017-10-22T10:00:00-07:00"
            }
        },
        "coordinates": null,
        "summary": null,
        "coverage": {
            "expectedCount": 1,
            "expectedInterval": "01:00:00",
            "observedCount": 1,
            "observedInterval": "01:00:00",
            "percentComplete": 100.0,
            "percentCoverage": 100.0,
            "datetimeFrom": {
                "utc": "2017-10-22T16:00:00Z",
                "local": "2017-10-22T09:00:00-07:00"
            },
            "datetimeTo": {
                "utc": "2017-10-22T17:00:00Z",
                "local": "2017-10-22T10:00:00-07:00"
            }
        }
    },
    {
        "value": 1.0,
        "flagInfo": {
            "hasFlags": false
        },
        "parameter": {
            "id": 2,
            "name": "pm25",
            "units": "\u00b5g/m\u00b3",
            "displayName": null
        },
        "period": {
            "label": "raw",
            "interval": "01:00:00",
            "datetimeFrom": {
                "utc": "2017-10-22T17:00:00Z",
                "local": "2017-10-22T10:00:00-07:00"
            },
            "datetimeTo": {
                "utc": "2017-10-22T18:00:00Z",
                "local": "2017-10-22T11:00:00-07:00"
            }
        },
        "coordinates": null,
        "summary": null,
        "coverage": {
            "expectedCount": 1,
            "expectedInterval": "01:00:00",
            "observedCount": 1,
            "observedInterval": "01:00:00",
            "percentComplete": 100.0,
            "percentCoverage": 100.0,
            "datetimeFrom": {
                "utc": "2017-10-22T17:00:00Z",
                "local": "2017-10-22T10:00:00-07:00"
            },
            "datetimeTo": {
                "utc": "2017-10-22T18:00:00Z",
                "local": "2017-10-22T11:00:00-07:00"
            }
        }
    },
    {
        "value": 4.0,
        "flagInfo": {
            "hasFlags": false
        },
        "parameter": {
            "id": 2,
            "name": "pm25",
            "units": "\u00b5g/m\u00b3",
            "displayName": null
        },
        "period": {
            "label": "raw",
            "interval": "01:00:00",
            "datetimeFrom": {
                "utc": "2017-10-22T18:00:00Z",
                "local": "2017-10-22T11:00:00-07:00"
            },
            "datetimeTo": {
                "utc": "2017-10-22T19:00:00Z",
                "local": "2017-10-22T12:00:00-07:00"
            }
        },
        "coordinates": null,
        "summary": null,
        "coverage": {
            "expectedCount": 1,
            "expectedInterval": "01:00:00",
            "observedCount": 1,
            "observedInterval": "01:00:00",
            "percentComplete": 100.0,
            "percentCoverage": 100.0,
            "datetimeFrom": {
                "utc": "2017-10-22T18:00:00Z",
                "local": "2017-10-22T11:00:00-07:00"
            },
            "datetimeTo": {
                "utc": "2017-10-22T19:00:00Z",
                "local": "2017-10-22T12:00:00-07:00"
            }
        }
    },
    {
        "value": -1.0,
        "flagInfo": {
            "hasFlags": false
        },
        "parameter": {
            "id": 2,
            "name": "pm25",
            "units": "\u00b5g/m\u00b3",
            "displayName": null
        },
        "period": {
            "label": "raw",
            "interval": "01:00:00",
            "datetimeFrom": {
                "utc": "2017-10-22T22:00:00Z",
                "local": "2017-10-22T15:00:00-07:00"
            },
            "datetimeTo": {
                "utc": "2017-10-22T23:00:00Z",
                "local": "2017-10-22T16:00:00-07:00"
            }
        },
        "coordinates": null,
        "summary": null,
        "coverage": {
            "expectedCount": 1,
            "expectedInterval": "01:00:00",
            "observedCount": 1,
            "observedInterval": "01:00:00",
            "percentComplete": 100.0,
            "percentCoverage": 100.0,
            "datetimeFrom": {
                "utc": "2017-10-22T22:00:00Z",
                "local": "2017-10-22T15:00:00-07:00"
            },
            "datetimeTo": {
                "utc": "2017-10-22T23:00:00Z",
                "local": "2017-10-22T16:00:00-07:00"
            }
        }
    },
    {
        "value": 5.0,
        "flagInfo": {
            "hasFlags": false
        },
        "parameter": {
            "id": 2,
            "name": "pm25",
            "units": "\u00b5g/m\u00b3",
            "displayName": null
        },
        "period": {
            "label": "raw",
            "interval": "01:00:00",
            "datetimeFrom": {
                "utc": "2017-10-23T07:00:00Z",
                "local": "2017-10-23T00:00:00-07:00"
            },
            "datetimeTo": {
                "utc": "2017-10-23T08:00:00Z",
                "local": "2017-10-23T01:00:00-07:00"
            }
        },
        "coordinates": null,
        "summary": null,
        "coverage": {
            "expectedCount": 1,
            "expectedInterval": "01:00:00",
            "observedCount": 1,
            "observedInterval": "01:00:00",
            "percentComplete": 100.0,
            "percentCoverage": 100.0,
            "datetimeFrom": {
                "utc": "2017-10-23T07:00:00Z",
                "local": "2017-10-23T00:00:00-07:00"
            },
            "datetimeTo": {
                "utc": "2017-10-23T08:00:00Z",
                "local": "2017-10-23T01:00:00-07:00"
            }
        }
    },
    {
        "value": 10.0,
        "flagInfo": {
            "hasFlags": false
        },
        "parameter": {
            "id": 2,
            "name": "pm25",
            "units": "\u00b5g/m\u00b3",
            "displayName": null
        },
        "period": {
            "label": "raw",
            "interval": "01:00:00",
            "datetimeFrom": {
                "utc": "2017-10-23T18:00:00Z",
                "local": "2017-10-23T11:00:00-07:00"
            },
            "datetimeTo": {
                "utc": "2017-10-23T19:00:00Z",
                "local": "2017-10-23T12:00:00-07:00"
            }
        },
        "coordinates": null,
        "summary": null,
        "coverage": {
            "expectedCount": 1,
            "expectedInterval": "01:00:00",
            "observedCount": 1,
            "observedInterval": "01:00:00",
            "percentComplete": 100.0,
            "percentCoverage": 100.0,
            "datetimeFrom": {
                "utc": "2017-10-23T18:00:00Z",
                "local": "2017-10-23T11:00:00-07:00"
            },
            "datetimeTo": {
                "utc": "2017-10-23T19:00:00Z",
                "local": "2017-10-23T12:00:00-07:00"
            }
        }
    },
    {
        "value": 7.0,
        "flagInfo": {
            "hasFlags": false
        },
        "parameter": {
            "id": 2,
            "name": "pm25",
            "units": "\u00b5g/m\u00b3",
            "displayName": null
        },
        "period": {
            "label": "raw",
            "interval": "01:00:00",
            "datetimeFrom": {
                "utc": "2017-10-24T00:00:00Z",
                "local": "2017-10-23T17:00:00-07:00"
            },
            "datetimeTo": {
                "utc": "2017-10-24T01:00:00Z",
                "local": "2017-10-23T18:00:00-07:00"
            }
        },
        "coordinates": null,
        "summary": null,
        "coverage": {
            "expectedCount": 1,
            "expectedInterval": "01:00:00",
            "observedCount": 1,
            "observedInterval": "01:00:00",
            "percentComplete": 100.0,
            "percentCoverage": 100.0,
            "datetimeFrom": {
                "utc": "2017-10-24T00:00:00Z",
                "local": "2017-10-23T17:00:00-07:00"
            },
            "datetimeTo": {
                "utc": "2017-10-24T01:00:00Z",
                "local": "2017-10-23T18:00:00-07:00"
            }
        }
    },
    {
        "value": 1.0,
        "flagInfo": {
            "hasFlags": false
        },
        "parameter": {
            "id": 2,
            "name": "pm25",
            "units": "\u00b5g/m\u00b3",
            "displayName": null
        },
        "period": {
            "label": "raw",
            "interval": "01:00:00",
            "datetimeFrom": {
                "utc": "2017-10-24T02:00:00Z",
                "local": "2017-10-23T19:00:00-07:00"
            },
            "datetimeTo": {
                "utc": "2017-10-24T03:00:00Z",
                "local": "2017-10-23T20:00:00-07:00"
            }
        },
        "coordinates": null,
        "summary": null,
        "coverage": {
            "expectedCount": 1,
            "expectedInterval": "01:00:00",
            "observedCount": 1,
            "observedInterval": "01:00:00",
            "percentComplete": 100.0,
            "percentCoverage": 100.0,
            "datetimeFrom": {
                "utc": "2017-10-24T02:00:00Z",
                "local": "2017-10-23T19:00:00-07:00"
            },
            "datetimeTo": {
                "utc": "2017-10-24T03:00:00Z",
                "local": "2017-10-23T20:00:00-07:00"
            }
        }
    },
    {
        "value": 8.0,
        "flagInfo": {
            "hasFlags": false
        },
        "parameter": {
            "id": 2,
            "name": "pm25",
            "units": "\u00b5g/m\u00b3",
            "displayName": null
        },
        "period": {
            "label": "raw",
            "interval": "01:00:00",
            "datetimeFrom": {
                "utc": "2017-10-24T05:00:00Z",
                "local": "2017-10-23T22:00:00-07:00"
            },
            "datetimeTo": {
                "utc": "2017-10-24T06:00:00Z",
                "local": "2017-10-23T23:00:00-07:00"
            }
        },
        "coordinates": null,
        "summary": null,
        "coverage": {
            "expectedCount": 1,
            "expectedInterval": "01:00:00",
            "observedCount": 1,
            "observedInterval": "01:00:00",
            "percentComplete": 100.0,
            "percentCoverage": 100.0,
            "datetimeFrom": {
                "utc": "2017-10-24T05:00:00Z",
                "local": "2017-10-23T22:00:00-07:00"
            },
            "datetimeTo": {
                "utc": "2017-10-24T06:00:00Z",
                "local": "2017-10-23T23:00:00-07:00"
            }
        }
    },
    {
        "value": 4.0,
        "flagInfo": {
            "hasFlags": false
        },
        "parameter": {
            "id": 2,
            "name": "pm25",
            "units": "\u00b5g/m\u00b3",
            "displayName": null
        },
        "period": {
            "label": "raw",
            "interval": "01:00:00",
            "datetimeFrom": {
                "utc": "2017-10-24T08:00:00Z",
                "local": "2017-10-24T01:00:00-07:00"
            },
            "datetimeTo": {
                "utc": "2017-10-24T09:00:00Z",
                "local": "2017-10-24T02:00:00-07:00"
            }
        },
        "coordinates": null,
        "summary": null,
        "coverage": {
            "expectedCount": 1,
            "expectedInterval": "01:00:00",
            "observedCount": 1,
            "observedInterval": "01:00:00",
            "percentComplete": 100.0,
            "percentCoverage": 100.0,
            "datetimeFrom": {
                "utc": "2017-10-24T08:00:00Z",
                "local": "2017-10-24T01:00:00-07:00"
            },
            "datetimeTo": {
                "utc": "2017-10-24T09:00:00Z",
                "local": "2017-10-24T02:00:00-07:00"
            }
        }
    },
    {
        "value": 4.0,
        "flagInfo": {
            "hasFlags": false
        },
        "parameter": {
            "id": 2,
            "name": "pm25",
            "units": "\u00b5g/m\u00b3",
            "displayName": null
        },
        "period": {
            "label": "raw",
            "interval": "01:00:00",
            "datetimeFrom": {
                "utc": "2017-10-24T18:00:00Z",
                "local": "2017-10-24T11:00:00-07:00"
            },
            "datetimeTo": {
                "utc": "2017-10-24T19:00:00Z",
                "local": "2017-10-24T12:00:00-07:00"
            }
        },
        "coordinates": null,
        "summary": null,
        "coverage": {
            "expectedCount": 1,
            "expectedInterval": "01:00:00",
            "observedCount": 1,
            "observedInterval": "01:00:00",
            "percentComplete": 100.0,
            "percentCoverage": 100.0,
            "datetimeFrom": {
                "utc": "2017-10-24T18:00:00Z",
                "local": "2017-10-24T11:00:00-07:00"
            },
            "datetimeTo": {
                "utc": "2017-10-24T19:00:00Z",
                "local": "2017-10-24T12:00:00-07:00"
            }
        }
    },
    {
        "value": 5.0,
        "flagInfo": {
            "hasFlags": false
        },
        "parameter": {
            "id": 2,
            "name": "pm25",
            "units": "\u00b5g/m\u00b3",
            "displayName": null
        },
        "period": {
            "label": "raw",
            "interval": "01:00:00",
            "datetimeFrom": {
                "utc": "2017-10-24T20:00:00Z",
                "local": "2017-10-24T13:00:00-07:00"
            },
            "datetimeTo": {
                "utc": "2017-10-24T21:00:00Z",
                "local": "2017-10-24T14:00:00-07:00"
            }
        },
        "coordinates": null,
        "summary": null,
        "coverage": {
            "expectedCount": 1,
            "expectedInterval": "01:00:00",
            "observedCount": 1,
            "observedInterval": "01:00:00",
            "percentComplete": 100.0,
            "percentCoverage": 100.0,
            "datetimeFrom": {
                "utc": "2017-10-24T20:00:00Z",
                "local": "2017-10-24T13:00:00-07:00"
            },
            "datetimeTo": {
                "utc": "2017-10-24T21:00:00Z",
                "local": "2017-10-24T14:00:00-07:00"
            }
        }
    },
    {
        "value": -2.0,
        "flagInfo": {
            "hasFlags": false
        },
        "parameter": {
            "id": 2,
            "name": "pm25",
            "units": "\u00b5g/m\u00b3",
            "displayName": null
        },
        "period": {
            "label": "raw",
            "interval": "01:00:00",
            "datetimeFrom": {
                "utc": "2017-10-25T06:00:00Z",
                "local": "2017-10-24T23:00:00-07:00"
            },
            "datetimeTo": {
                "utc": "2017-10-25T07:00:00Z",
                "local": "2017-10-25T00:00:00-07:00"
            }
        },
        "coordinates": null,
        "summary": null,
        "coverage": {
            "expectedCount": 1,
            "expectedInterval": "01:00:00",
            "observedCount": 1,
            "observedInterval": "01:00:00",
            "percentComplete": 100.0,
            "percentCoverage": 100.0,
            "datetimeFrom": {
                "utc": "2017-10-25T06:00:00Z",
                "local": "2017-10-24T23:00:00-07:00"
            },
            "datetimeTo": {
                "utc": "2017-10-25T07:00:00Z",
                "local": "2017-10-25T00:00:00-07:00"
            }
        }
    },
    {
        "value": 21.0,
        "flagInfo": {
            "hasFlags": false
        },
        "parameter": {
            "id": 2,
            "name": "pm25",
            "units": "\u00b5g/m\u00b3",
            "displayName": null
        },
        "period": {
            "label": "raw",
            "interval": "01:00:00",
            "datetimeFrom": {
                "utc": "2017-10-25T16:00:00Z",
                "local": "2017-10-25T09:00:00-07:00"
            },
            "datetimeTo": {
                "utc": "2017-10-25T17:00:00Z",
                "local": "2017-10-25T10:00:00-07:00"
            }
        },
        "coordinates": null,
        "summary": null,
        "coverage": {
            "expectedCount": 1,
            "expectedInterval": "01:00:00",
            "observedCount": 1,
            "observedInterval": "01:00:00",
            "percentComplete": 100.0,
            "percentCoverage": 100.0,
            "datetimeFrom": {
                "utc": "2017-10-25T16:00:00Z",
                "local": "2017-10-25T09:00:00-07:00"
            },
            "datetimeTo": {
                "utc": "2017-10-25T17:00:00Z",
                "local": "2017-10-25T10:00:00-07:00"
            }
        }
    },
    {
        "value": 8.0,
        "flagInfo": {
            "hasFlags": false
        },
        "parameter": {
            "id": 2,
            "name": "pm25",
            "units": "\u00b5g/m\u00b3",
            "displayName": null
        },
        "period": {
            "label": "raw",
            "interval": "01:00:00",
            "datetimeFrom": {
                "utc": "2017-10-27T22:00:00Z",
                "local": "2017-10-27T15:00:00-07:00"
            },
            "datetimeTo": {
                "utc": "2017-10-27T23:00:00Z",
                "local": "2017-10-27T16:00:00-07:00"
            }
        },
        "coordinates": null,
        "summary": null,
        "coverage": {
            "expectedCount": 1,
            "expectedInterval": "01:00:00",
            "observedCount": 1,
            "observedInterval": "01:00:00",
            "percentComplete": 100.0,
            "percentCoverage": 100.0,
            "datetimeFrom": {
                "utc": "2017-10-27T22:00:00Z",
                "local": "2017-10-27T15:00:00-07:00"
            },
            "datetimeTo": {
                "utc": "2017-10-27T23:00:00Z",
                "local": "2017-10-27T16:00:00-07:00"
            }
        }
    },
    {
        "value": 11.0,
        "flagInfo": {
            "hasFlags": false
        },
        "parameter": {
            "id": 2,
            "name": "pm25",
            "units": "\u00b5g/m\u00b3",
            "displayName": null
        },
        "period": {
            "label": "raw",
            "interval": "01:00:00",
            "datetimeFrom": {
                "utc": "2017-10-29T02:00:00Z",
                "local": "2017-10-28T19:00:00-07:00"
            },
            "datetimeTo": {
                "utc": "2017-10-29T03:00:00Z",
                "local": "2017-10-28T20:00:00-07:00"
            }
        },
        "coordinates": null,
        "summary": null,
        "coverage": {
            "expectedCount": 1,
            "expectedInterval": "01:00:00",
            "observedCount": 1,
            "observedInterval": "01:00:00",
            "percentComplete": 100.0,
            "percentCoverage": 100.0,
            "datetimeFrom": {
                "utc": "2017-10-29T02:00:00Z",
                "local": "2017-10-28T19:00:00-07:00"
            },
            "datetimeTo": {
                "utc": "2017-10-29T03:00:00Z",
                "local": "2017-10-28T20:00:00-07:00"
            }
        }
    },
    {
        "value": 4.0,
        "flagInfo": {
            "hasFlags": false
        },
        "parameter": {
            "id": 2,
            "name": "pm25",
            "units": "\u00b5g/m\u00b3",
            "displayName": null
        },
        "period": {
            "label": "raw",
            "interval": "01:00:00",
            "datetimeFrom": {
                "utc": "2017-10-29T03:00:00Z",
                "local": "2017-10-28T20:00:00-07:00"
            },
            "datetimeTo": {
                "utc": "2017-10-29T04:00:00Z",
                "local": "2017-10-28T21:00:00-07:00"
            }
        },
        "coordinates": null,
        "summary": null,
        "coverage": {
            "expectedCount": 1,
            "expectedInterval": "01:00:00",
            "observedCount": 1,
            "observedInterval": "01:00:00",
            "percentComplete": 100.0,
            "percentCoverage": 100.0,
            "datetimeFrom": {
                "utc": "2017-10-29T03:00:00Z",
                "local": "2017-10-28T20:00:00-07:00"
            },
            "datetimeTo": {
                "utc": "2017-10-29T04:00:00Z",
                "local": "2017-10-28T21:00:00-07:00"
            }
        }
    },
    {
        "value": 6.0,
        "flagInfo": {
            "hasFlags": false
        },
        "parameter": {
            "id": 2,
            "name": "pm25",
            "units": "\u00b5g/m\u00b3",
            "displayName": null
        },
        "period": {
            "label": "raw",
            "interval": "01:00:00",
            "datetimeFrom": {
                "utc": "2017-10-29T04:00:00Z",
                "local": "2017-10-28T21:00:00-07:00"
            },
            "datetimeTo": {
                "utc": "2017-10-29T05:00:00Z",
                "local": "2017-10-28T22:00:00-07:00"
            }
        },
        "coordinates": null,
        "summary": null,
        "coverage": {
            "expectedCount": 1,
            "expectedInterval": "01:00:00",
            "observedCount": 1,
            "observedInterval": "01:00:00",
            "percentComplete": 100.0,
            "percentCoverage": 100.0,
            "datetimeFrom": {
                "utc": "2017-10-29T04:00:00Z",
                "local": "2017-10-28T21:00:00-07:00"
            },
            "datetimeTo": {
                "utc": "2017-10-29T05:00:00Z",
                "local": "2017-10-28T22:00:00-07:00"
            }
        }
    },
    {
        "value": 0.0,
        "flagInfo": {
            "hasFlags": false
        },
        "parameter": {
            "id": 2,
            "name": "pm25",
            "units": "\u00b5g/m\u00b3",
            "displayName": null
        },
        "period": {
            "label": "raw",
            "interval": "01:00:00",
            "datetimeFrom": {
                "utc": "2017-10-29T08:00:00Z",
                "local": "2017-10-29T01:00:00-07:00"
            },
            "datetimeTo": {
                "utc": "2017-10-29T09:00:00Z",
                "local": "2017-10-29T02:00:00-07:00"
            }
        },
        "coordinates": null,
        "summary": null,
        "coverage": {
            "expectedCount": 1,
            "expectedInterval": "01:00:00",
            "observedCount": 1,
            "observedInterval": "01:00:00",
            "percentComplete": 100.0,
            "percentCoverage": 100.0,
            "datetimeFrom": {
                "utc": "2017-10-29T08:00:00Z",
                "local": "2017-10-29T01:00:00-07:00"
            },
            "datetimeTo": {
                "utc": "2017-10-29T09:00:00Z",
                "local": "2017-10-29T02:00:00-07:00"
            }
        }
    },
    {
        "value": 8.0,
        "flagInfo": {
            "hasFlags": false
        },
        "parameter": {
            "id": 2,
            "name": "pm25",
            "units": "\u00b5g/m\u00b3",
            "displayName": null
        },
        "period": {
            "label": "raw",
            "interval": "01:00:00",
            "datetimeFrom": {
                "utc": "2017-10-29T18:00:00Z",
                "local": "2017-10-29T11:00:00-07:00"
            },
            "datetimeTo": {
                "utc": "2017-10-29T19:00:00Z",
                "local": "2017-10-29T12:00:00-07:00"
            }
        },
        "coordinates": null,
        "summary": null,
        "coverage": {
            "expectedCount": 1,
            "expectedInterval": "01:00:00",
            "observedCount": 1,
            "observedInterval": "01:00:00",
            "percentComplete": 100.0,
            "percentCoverage": 100.0,
            "datetimeFrom": {
                "utc": "2017-10-29T18:00:00Z",
                "local": "2017-10-29T11:00:00-07:00"
            },
            "datetimeTo": {
                "utc": "2017-10-29T19:00:00Z",
                "local": "2017-10-29T12:00:00-07:00"
            }
        }
    },
    {
        "value": -1.0,
        "flagInfo": {
            "hasFlags": false
        },
        "parameter": {
            "id": 2,
            "name": "pm25",
            "units": "\u00b5g/m\u00b3",
            "displayName": null
        },
        "period": {
            "label": "raw",
            "interval": "01:00:00",
            "datetimeFrom": {
                "utc": "2017-10-30T23:00:00Z",
                "local": "2017-10-30T16:00:00-07:00"
            },
            "datetimeTo": {
                "utc": "2017-10-31T00:00:00Z",
                "local": "2017-10-30T17:00:00-07:00"
            }
        },
        "coordinates": null,
        "summary": null,
        "coverage": {
            "expectedCount": 1,
            "expectedInterval": "01:00:00",
            "observedCount": 1,
            "observedInterval": "01:00:00",
            "percentComplete": 100.0,
            "percentCoverage": 100.0,
            "datetimeFrom": {
                "utc": "2017-10-30T23:00:00Z",
                "local": "2017-10-30T16:00:00-07:00"
            },
            "datetimeTo": {
                "utc": "2017-10-31T00:00:00Z",
                "local": "2017-10-30T17:00:00-07:00"
            }
        }
    },
    {
        "value": 10.0,
        "flagInfo": {
            "hasFlags": false
        },
        "parameter": {
            "id": 2,
            "name": "pm25",
            "units": "\u00b5g/m\u00b3",
            "displayName": null
        },
        "period": {
            "label": "raw",
            "interval": "01:00:00",
            "datetimeFrom": {
                "utc": "2017-10-31T00:00:00Z",
                "local": "2017-10-30T17:00:00-07:00"
            },
            "datetimeTo": {
                "utc": "2017-10-31T01:00:00Z",
                "local": "2017-10-30T18:00:00-07:00"
            }
        },
        "coordinates": null,
        "summary": null,
        "coverage": {
            "expectedCount": 1,
            "expectedInterval": "01:00:00",
            "observedCount": 1,
            "observedInterval": "01:00:00",
            "percentComplete": 100.0,
            "percentCoverage": 100.0,
            "datetimeFrom": {
                "utc": "2017-10-31T00:00:00Z",
                "local": "2017-10-30T17:00:00-07:00"
            },
            "datetimeTo": {
                "utc": "2017-10-31T01:00:00Z",
                "local": "2017-10-30T18:00:00-07:00"
            }
        }
    },
    {
        "value": 2.0,
        "flagInfo": {
            "hasFlags": false
        },
        "parameter": {
            "id": 2,
            "name": "pm25",
            "units": "\u00b5g/m\u00b3",
            "displayName": null
        },
        "period": {
            "label": "raw",
            "interval": "01:00:00",
            "datetimeFrom": {
                "utc": "2017-10-31T01:00:00Z",
                "local": "2017-10-30T18:00:00-07:00"
            },
            "datetimeTo": {
                "utc": "2017-10-31T02:00:00Z",
                "local": "2017-10-30T19:00:00-07:00"
            }
        },
        "coordinates": null,
        "summary": null,
        "coverage": {
            "expectedCount": 1,
            "expectedInterval": "01:00:00",
            "observedCount": 1,
            "observedInterval": "01:00:00",
            "percentComplete": 100.0,
            "percentCoverage": 100.0,
            "datetimeFrom": {
                "utc": "2017-10-31T01:00:00Z",
                "local": "2017-10-30T18:00:00-07:00"
            },
            "datetimeTo": {
                "utc": "2017-10-31T02:00:00Z",
                "local": "2017-10-30T19:00:00-07:00"
            }
        }
    },
    {
        "value": 0.0,
        "flagInfo": {
            "hasFlags": false
        },
        "parameter": {
            "id": 2,
            "name": "pm25",
            "units": "\u00b5g/m\u00b3",
            "displayName": null
        },
        "period": {
            "label": "raw",
            "interval": "01:00:00",
            "datetimeFrom": {
                "utc": "2017-10-31T02:00:00Z",
                "local": "2017-10-30T19:00:00-07:00"
            },
            "datetimeTo": {
                "utc": "2017-10-31T03:00:00Z",
                "local": "2017-10-30T20:00:00-07:00"
            }
        },
        "coordinates": null,
        "summary": null,
        "coverage": {
            "expectedCount": 1,
            "expectedInterval": "01:00:00",
            "observedCount": 1,
            "observedInterval": "01:00:00",
            "percentComplete": 100.0,
            "percentCoverage": 100.0,
            "datetimeFrom": {
                "utc": "2017-10-31T02:00:00Z",
                "local": "2017-10-30T19:00:00-07:00"
            },
            "datetimeTo": {
                "utc": "2017-10-31T03:00:00Z",
                "local": "2017-10-30T20:00:00-07:00"
            }
        }
    },
    {
        "value": 12.0,
        "flagInfo": {
            "hasFlags": false
        },
        "parameter": {
            "id": 2,
            "name": "pm25",
            "units": "\u00b5g/m\u00b3",
            "displayName": null
        },
        "period": {
            "label": "raw",
            "interval": "01:00:00",
            "datetimeFrom": {
                "utc": "2017-10-31T03:00:00Z",
                "local": "2017-10-30T20:00:00-07:00"
            },
            "datetimeTo": {
                "utc": "2017-10-31T04:00:00Z",
                "local": "2017-10-30T21:00:00-07:00"
            }
        },
        "coordinates": null,
        "summary": null,
        "coverage": {
            "expectedCount": 1,
            "expectedInterval": "01:00:00",
            "observedCount": 1,
            "observedInterval": "01:00:00",
            "percentComplete": 100.0,
            "percentCoverage": 100.0,
            "datetimeFrom": {
                "utc": "2017-10-31T03:00:00Z",
                "local": "2017-10-30T20:00:00-07:00"
            },
            "datetimeTo": {
                "utc": "2017-10-31T04:00:00Z",
                "local": "2017-10-30T21:00:00-07:00"
            }
        }
    },
    {
        "value": 0.0,
        "flagInfo": {
            "hasFlags": false
        },
        "parameter": {
            "id": 2,
            "name": "pm25",
            "units": "\u00b5g/m\u00b3",
            "displayName": null
        },
        "period": {
            "label": "raw",
            "interval": "01:00:00",
            "datetimeFrom": {
                "utc": "2017-10-31T04:00:00Z",
                "local": "2017-10-30T21:00:00-07:00"
            },
            "datetimeTo": {
                "utc": "2017-10-31T05:00:00Z",
                "local": "2017-10-30T22:00:00-07:00"
            }
        },
        "coordinates": null,
        "summary": null,
        "coverage": {
            "expectedCount": 1,
            "expectedInterval": "01:00:00",
            "observedCount": 1,
            "observedInterval": "01:00:00",
            "percentComplete": 100.0,
            "percentCoverage": 100.0,
            "datetimeFrom": {
                "utc": "2017-10-31T04:00:00Z",
                "local": "2017-10-30T21:00:00-07:00"
            },
            "datetimeTo": {
                "utc": "2017-10-31T05:00:00Z",
                "local": "2017-10-30T22:00:00-07:00"
            }
        }
    },
    {
        "value": 4.0,
        "flagInfo": {
            "hasFlags": false
        },
        "parameter": {
            "id": 2,
            "name": "pm25",
            "units": "\u00b5g/m\u00b3",
            "displayName": null
        },
        "period": {
            "label": "raw",
            "interval": "01:00:00",
            "datetimeFrom": {
                "utc": "2017-10-31T05:00:00Z",
                "local": "2017-10-30T22:00:00-07:00"
            },
            "datetimeTo": {
                "utc": "2017-10-31T06:00:00Z",
                "local": "2017-10-30T23:00:00-07:00"
            }
        },
        "coordinates": null,
        "summary": null,
        "coverage": {
            "expectedCount": 1,
            "expectedInterval": "01:00:00",
            "observedCount": 1,
            "observedInterval": "01:00:00",
            "percentComplete": 100.0,
            "percentCoverage": 100.0,
            "datetimeFrom": {
                "utc": "2017-10-31T05:00:00Z",
                "local": "2017-10-30T22:00:00-07:00"
            },
            "datetimeTo": {
                "utc": "2017-10-31T06:00:00Z",
                "local": "2017-10-30T23:00:00-07:00"
            }
        }
    },
    {
        "value": 3.0,
        "flagInfo": {
            "hasFlags": false
        },
        "parameter": {
            "id": 2,
            "name": "pm25",
            "units": "\u00b5g/m\u00b3",
            "displayName": null
        },
        "period": {
            "label": "raw",
            "interval": "01:00:00",
            "datetimeFrom": {
                "utc": "2017-10-31T06:00:00Z",
                "local": "2017-10-30T23:00:00-07:00"
            },
            "datetimeTo": {
                "utc": "2017-10-31T07:00:00Z",
                "local": "2017-10-31T00:00:00-07:00"
            }
        },
        "coordinates": null,
        "summary": null,
        "coverage": {
            "expectedCount": 1,
            "expectedInterval": "01:00:00",
            "observedCount": 1,
            "observedInterval": "01:00:00",
            "percentComplete": 100.0,
            "percentCoverage": 100.0,
            "datetimeFrom": {
                "utc": "2017-10-31T06:00:00Z",
                "local": "2017-10-30T23:00:00-07:00"
            },
            "datetimeTo": {
                "utc": "2017-10-31T07:00:00Z",
                "local": "2017-10-31T00:00:00-07:00"
            }
        }
    },
    {
        "value": 9.0,
        "flagInfo": {
            "hasFlags": false
        },
        "parameter": {
            "id": 2,
            "name": "pm25",
            "units": "\u00b5g/m\u00b3",
            "displayName": null
        },
        "period": {
            "label": "raw",
            "interval": "01:00:00",
            "datetimeFrom": {
                "utc": "2017-10-31T10:00:00Z",
                "local": "2017-10-31T03:00:00-07:00"
            },
            "datetimeTo": {
                "utc": "2017-10-31T11:00:00Z",
                "local": "2017-10-31T04:00:00-07:00"
            }
        },
        "coordinates": null,
        "summary": null,
        "coverage": {
            "expectedCount": 1,
            "expectedInterval": "01:00:00",
            "observedCount": 1,
            "observedInterval": "01:00:00",
            "percentComplete": 100.0,
            "percentCoverage": 100.0,
            "datetimeFrom": {
                "utc": "2017-10-31T10:00:00Z",
                "local": "2017-10-31T03:00:00-07:00"
            },
            "datetimeTo": {
                "utc": "2017-10-31T11:00:00Z",
                "local": "2017-10-31T04:00:00-07:00"
            }
        }
    },
    {
        "value": 1.0,
        "flagInfo": {
            "hasFlags": false
        },
        "parameter": {
            "id": 2,
            "name": "pm25",
            "units": "\u00b5g/m\u00b3",
            "displayName": null
        },
        "period": {
            "label": "raw",
            "interval": "01:00:00",
            "datetimeFrom": {
                "utc": "2017-10-31T18:00:00Z",
                "local": "2017-10-31T11:00:00-07:00"
            },
            "datetimeTo": {
                "utc": "2017-10-31T19:00:00Z",
                "local": "2017-10-31T12:00:00-07:00"
            }
        },
        "coordinates": null,
        "summary": null,
        "coverage": {
            "expectedCount": 1,
            "expectedInterval": "01:00:00",
            "observedCount": 1,
            "observedInterval": "01:00:00",
            "percentComplete": 100.0,
            "percentCoverage": 100.0,
            "datetimeFrom": {
                "utc": "2017-10-31T18:00:00Z",
                "local": "2017-10-31T11:00:00-07:00"
            },
            "datetimeTo": {
                "utc": "2017-10-31T19:00:00Z",
                "local": "2017-10-31T12:00:00-07:00"
            }
        }
    },
    {
        "value": 6.0,
        "flagInfo": {
            "hasFlags": false
        },
        "parameter": {
            "id": 2,
            "name": "pm25",
            "units": "\u00b5g/m\u00b3",
            "displayName": null
        },
        "period": {
            "label": "raw",
            "interval": "01:00:00",
            "datetimeFrom": {
                "utc": "2017-10-31T20:00:00Z",
                "local": "2017-10-31T13:00:00-07:00"
            },
            "datetimeTo": {
                "utc": "2017-10-31T21:00:00Z",
                "local": "2017-10-31T14:00:00-07:00"
            }
        },
        "coordinates": null,
        "summary": null,
        "coverage": {
            "expectedCount": 1,
            "expectedInterval": "01:00:00",
            "observedCount": 1,
            "observedInterval": "01:00:00",
            "percentComplete": 100.0,
            "percentCoverage": 100.0,
            "datetimeFrom": {
                "utc": "2017-10-31T20:00:00Z",
                "local": "2017-10-31T13:00:00-07:00"
            },
            "datetimeTo": {
                "utc": "2017-10-31T21:00:00Z",
                "local": "2017-10-31T14:00:00-07:00"
            }
        }
    },
    {
        "value": -3.0,
        "flagInfo": {
            "hasFlags": false
        },
        "parameter": {
            "id": 2,
            "name": "pm25",
            "units": "\u00b5g/m\u00b3",
            "displayName": null
        },
        "period": {
            "label": "raw",
            "interval": "01:00:00",
            "datetimeFrom": {
                "utc": "2017-11-01T08:00:00Z",
                "local": "2017-11-01T01:00:00-07:00"
            },
            "datetimeTo": {
                "utc": "2017-11-01T09:00:00Z",
                "local": "2017-11-01T02:00:00-07:00"
            }
        },
        "coordinates": null,
        "summary": null,
        "coverage": {
            "expectedCount": 1,
            "expectedInterval": "01:00:00",
            "observedCount": 1,
            "observedInterval": "01:00:00",
            "percentComplete": 100.0,
            "percentCoverage": 100.0,
            "datetimeFrom": {
                "utc": "2017-11-01T08:00:00Z",
                "local": "2017-11-01T01:00:00-07:00"
            },
            "datetimeTo": {
                "utc": "2017-11-01T09:00:00Z",
                "local": "2017-11-01T02:00:00-07:00"
            }
        }
    },
    {
        "value": 8.0,
        "flagInfo": {
            "hasFlags": false
        },
        "parameter": {
            "id": 2,
            "name": "pm25",
            "units": "\u00b5g/m\u00b3",
            "displayName": null
        },
        "period": {
            "label": "raw",
            "interval": "01:00:00",
            "datetimeFrom": {
                "utc": "2017-11-01T09:00:00Z",
                "local": "2017-11-01T02:00:00-07:00"
            },
            "datetimeTo": {
                "utc": "2017-11-01T10:00:00Z",
                "local": "2017-11-01T03:00:00-07:00"
            }
        },
        "coordinates": null,
        "summary": null,
        "coverage": {
            "expectedCount": 1,
            "expectedInterval": "01:00:00",
            "observedCount": 1,
            "observedInterval": "01:00:00",
            "percentComplete": 100.0,
            "percentCoverage": 100.0,
            "datetimeFrom": {
                "utc": "2017-11-01T09:00:00Z",
                "local": "2017-11-01T02:00:00-07:00"
            },
            "datetimeTo": {
                "utc": "2017-11-01T10:00:00Z",
                "local": "2017-11-01T03:00:00-07:00"
            }
        }
    },
    {
        "value": 8.0,
        "flagInfo": {
            "hasFlags": false
        },
        "parameter": {
            "id": 2,
            "name": "pm25",
            "units": "\u00b5g/m\u00b3",
            "displayName": null
        },
        "period": {
            "label": "raw",
            "interval": "01:00:00",
            "datetimeFrom": {
                "utc": "2017-11-01T11:00:00Z",
                "local": "2017-11-01T04:00:00-07:00"
            },
            "datetimeTo": {
                "utc": "2017-11-01T12:00:00Z",
                "local": "2017-11-01T05:00:00-07:00"
            }
        },
        "coordinates": null,
        "summary": null,
        "coverage": {
            "expectedCount": 1,
            "expectedInterval": "01:00:00",
            "observedCount": 1,
            "observedInterval": "01:00:00",
            "percentComplete": 100.0,
            "percentCoverage": 100.0,
            "datetimeFrom": {
                "utc": "2017-11-01T11:00:00Z",
                "local": "2017-11-01T04:00:00-07:00"
            },
            "datetimeTo": {
                "utc": "2017-11-01T12:00:00Z",
                "local": "2017-11-01T05:00:00-07:00"
            }
        }
    },
    {
        "value": 10.0,
        "flagInfo": {
            "hasFlags": false
        },
        "parameter": {
            "id": 2,
            "name": "pm25",
            "units": "\u00b5g/m\u00b3",
            "displayName": null
        },
        "period": {
            "label": "raw",
            "interval": "01:00:00",
            "datetimeFrom": {
                "utc": "2017-11-01T14:00:00Z",
                "local": "2017-11-01T07:00:00-07:00"
            },
            "datetimeTo": {
                "utc": "2017-11-01T15:00:00Z",
                "local": "2017-11-01T08:00:00-07:00"
            }
        },
        "coordinates": null,
        "summary": null,
        "coverage": {
            "expectedCount": 1,
            "expectedInterval": "01:00:00",
            "observedCount": 1,
            "observedInterval": "01:00:00",
            "percentComplete": 100.0,
            "percentCoverage": 100.0,
            "datetimeFrom": {
                "utc": "2017-11-01T14:00:00Z",
                "local": "2017-11-01T07:00:00-07:00"
            },
            "datetimeTo": {
                "utc": "2017-11-01T15:00:00Z",
                "local": "2017-11-01T08:00:00-07:00"
            }
        }
    },
    {
        "value": 5.0,
        "flagInfo": {
            "hasFlags": false
        },
        "parameter": {
            "id": 2,
            "name": "pm25",
            "units": "\u00b5g/m\u00b3",
            "displayName": null
        },
        "period": {
            "label": "raw",
            "interval": "01:00:00",
            "datetimeFrom": {
                "utc": "2017-11-01T16:00:00Z",
                "local": "2017-11-01T09:00:00-07:00"
            },
            "datetimeTo": {
                "utc": "2017-11-01T17:00:00Z",
                "local": "2017-11-01T10:00:00-07:00"
            }
        },
        "coordinates": null,
        "summary": null,
        "coverage": {
            "expectedCount": 1,
            "expectedInterval": "01:00:00",
            "observedCount": 1,
            "observedInterval": "01:00:00",
            "percentComplete": 100.0,
            "percentCoverage": 100.0,
            "datetimeFrom": {
                "utc": "2017-11-01T16:00:00Z",
                "local": "2017-11-01T09:00:00-07:00"
            },
            "datetimeTo": {
                "utc": "2017-11-01T17:00:00Z",
                "local": "2017-11-01T10:00:00-07:00"
            }
        }
    },
    {
        "value": 8.0,
        "flagInfo": {
            "hasFlags": false
        },
        "parameter": {
            "id": 2,
            "name": "pm25",
            "units": "\u00b5g/m\u00b3",
            "displayName": null
        },
        "period": {
            "label": "raw",
            "interval": "01:00:00",
            "datetimeFrom": {
                "utc": "2017-11-01T17:00:00Z",
                "local": "2017-11-01T10:00:00-07:00"
            },
            "datetimeTo": {
                "utc": "2017-11-01T18:00:00Z",
                "local": "2017-11-01T11:00:00-07:00"
            }
        },
        "coordinates": null,
        "summary": null,
        "coverage": {
            "expectedCount": 1,
            "expectedInterval": "01:00:00",
            "observedCount": 1,
            "observedInterval": "01:00:00",
            "percentComplete": 100.0,
            "percentCoverage": 100.0,
            "datetimeFrom": {
                "utc": "2017-11-01T17:00:00Z",
                "local": "2017-11-01T10:00:00-07:00"
            },
            "datetimeTo": {
                "utc": "2017-11-01T18:00:00Z",
                "local": "2017-11-01T11:00:00-07:00"
            }
        }
    },
    {
        "value": 2.0,
        "flagInfo": {
            "hasFlags": false
        },
        "parameter": {
            "id": 2,
            "name": "pm25",
            "units": "\u00b5g/m\u00b3",
            "displayName": null
        },
        "period": {
            "label": "raw",
            "interval": "01:00:00",
            "datetimeFrom": {
                "utc": "2017-11-03T07:00:00Z",
                "local": "2017-11-03T00:00:00-07:00"
            },
            "datetimeTo": {
                "utc": "2017-11-03T08:00:00Z",
                "local": "2017-11-03T01:00:00-07:00"
            }
        },
        "coordinates": null,
        "summary": null,
        "coverage": {
            "expectedCount": 1,
            "expectedInterval": "01:00:00",
            "observedCount": 1,
            "observedInterval": "01:00:00",
            "percentComplete": 100.0,
            "percentCoverage": 100.0,
            "datetimeFrom": {
                "utc": "2017-11-03T07:00:00Z",
                "local": "2017-11-03T00:00:00-07:00"
            },
            "datetimeTo": {
                "utc": "2017-11-03T08:00:00Z",
                "local": "2017-11-03T01:00:00-07:00"
            }
        }
    },
    {
        "value": 1.0,
        "flagInfo": {
            "hasFlags": false
        },
        "parameter": {
            "id": 2,
            "name": "pm25",
            "units": "\u00b5g/m\u00b3",
            "displayName": null
        },
        "period": {
            "label": "raw",
            "interval": "01:00:00",
            "datetimeFrom": {
                "utc": "2017-11-03T09:00:00Z",
                "local": "2017-11-03T02:00:00-07:00"
            },
            "datetimeTo": {
                "utc": "2017-11-03T10:00:00Z",
                "local": "2017-11-03T03:00:00-07:00"
            }
        },
        "coordinates": null,
        "summary": null,
        "coverage": {
            "expectedCount": 1,
            "expectedInterval": "01:00:00",
            "observedCount": 1,
            "observedInterval": "01:00:00",
            "percentComplete": 100.0,
            "percentCoverage": 100.0,
            "datetimeFrom": {
                "utc": "2017-11-03T09:00:00Z",
                "local": "2017-11-03T02:00:00-07:00"
            },
            "datetimeTo": {
                "utc": "2017-11-03T10:00:00Z",
                "local": "2017-11-03T03:00:00-07:00"
            }
        }
    },
    {
        "value": 17.0,
        "flagInfo": {
            "hasFlags": false
        },
        "parameter": {
            "id": 2,
            "name": "pm25",
            "units": "\u00b5g/m\u00b3",
            "displayName": null
        },
        "period": {
            "label": "raw",
            "interval": "01:00:00",
            "datetimeFrom": {
                "utc": "2017-11-05T02:00:00Z",
                "local": "2017-11-04T19:00:00-07:00"
            },
            "datetimeTo": {
                "utc": "2017-11-05T03:00:00Z",
                "local": "2017-11-04T20:00:00-07:00"
            }
        },
        "coordinates": null,
        "summary": null,
        "coverage": {
            "expectedCount": 1,
            "expectedInterval": "01:00:00",
            "observedCount": 1,
            "observedInterval": "01:00:00",
            "percentComplete": 100.0,
            "percentCoverage": 100.0,
            "datetimeFrom": {
                "utc": "2017-11-05T02:00:00Z",
                "local": "2017-11-04T19:00:00-07:00"
            },
            "datetimeTo": {
                "utc": "2017-11-05T03:00:00Z",
                "local": "2017-11-04T20:00:00-07:00"
            }
        }
    },
    {
        "value": 0.0,
        "flagInfo": {
            "hasFlags": false
        },
        "parameter": {
            "id": 2,
            "name": "pm25",
            "units": "\u00b5g/m\u00b3",
            "displayName": null
        },
        "period": {
            "label": "raw",
            "interval": "01:00:00",
            "datetimeFrom": {
                "utc": "2017-11-05T04:00:00Z",
                "local": "2017-11-04T21:00:00-07:00"
            },
            "datetimeTo": {
                "utc": "2017-11-05T05:00:00Z",
                "local": "2017-11-04T22:00:00-07:00"
            }
        },
        "coordinates": null,
        "summary": null,
        "coverage": {
            "expectedCount": 1,
            "expectedInterval": "01:00:00",
            "observedCount": 1,
            "observedInterval": "01:00:00",
            "percentComplete": 100.0,
            "percentCoverage": 100.0,
            "datetimeFrom": {
                "utc": "2017-11-05T04:00:00Z",
                "local": "2017-11-04T21:00:00-07:00"
            },
            "datetimeTo": {
                "utc": "2017-11-05T05:00:00Z",
                "local": "2017-11-04T22:00:00-07:00"
            }
        }
    },
    {
        "value": 6.0,
        "flagInfo": {
            "hasFlags": false
        },
        "parameter": {
            "id": 2,
            "name": "pm25",
            "units": "\u00b5g/m\u00b3",
            "displayName": null
        },
        "period": {
            "label": "raw",
            "interval": "01:00:00",
            "datetimeFrom": {
                "utc": "2017-11-06T07:00:00Z",
                "local": "2017-11-05T23:00:00-08:00"
            },
            "datetimeTo": {
                "utc": "2017-11-06T08:00:00Z",
                "local": "2017-11-06T00:00:00-08:00"
            }
        },
        "coordinates": null,
        "summary": null,
        "coverage": {
            "expectedCount": 1,
            "expectedInterval": "01:00:00",
            "observedCount": 1,
            "observedInterval": "01:00:00",
            "percentComplete": 100.0,
            "percentCoverage": 100.0,
            "datetimeFrom": {
                "utc": "2017-11-06T07:00:00Z",
                "local": "2017-11-05T23:00:00-08:00"
            },
            "datetimeTo": {
                "utc": "2017-11-06T08:00:00Z",
                "local": "2017-11-06T00:00:00-08:00"
            }
        }
    },
    {
        "value": 8.0,
        "flagInfo": {
            "hasFlags": false
        },
        "parameter": {
            "id": 2,
            "name": "pm25",
            "units": "\u00b5g/m\u00b3",
            "displayName": null
        },
        "period": {
            "label": "raw",
            "interval": "01:00:00",
            "datetimeFrom": {
                "utc": "2017-11-06T15:00:00Z",
                "local": "2017-11-06T07:00:00-08:00"
            },
            "datetimeTo": {
                "utc": "2017-11-06T16:00:00Z",
                "local": "2017-11-06T08:00:00-08:00"
            }
        },
        "coordinates": null,
        "summary": null,
        "coverage": {
            "expectedCount": 1,
            "expectedInterval": "01:00:00",
            "observedCount": 1,
            "observedInterval": "01:00:00",
            "percentComplete": 100.0,
            "percentCoverage": 100.0,
            "datetimeFrom": {
                "utc": "2017-11-06T15:00:00Z",
                "local": "2017-11-06T07:00:00-08:00"
            },
            "datetimeTo": {
                "utc": "2017-11-06T16:00:00Z",
                "local": "2017-11-06T08:00:00-08:00"
            }
        }
    }
]