[
    {
        "value": 13.0,
        "flagInfo": {
            "hasFlags": false
        },
        "parameter": {
            "id": 2,
            "name": "pm25",
            "units": "\u00b5g/m\u00b3",
            "displayName": null
        },
        "period": {
            "label": "raw",
            "interval": "01:00:00",
            "datetimeFrom": {
                "utc": "2018-09-08T06:00:00Z",
                "local": "2018-09-07T23:00:00-07:00"
            },
            "datetimeTo": {
                "utc": "2018-09-08T07:00:00Z",
                "local": "2018-09-08T00:00:00-07:00"
            }
        },
        "coordinates": null,
        "summary": null,
        "coverage": {
            "expectedCount": 1,
            "expectedInterval": "01:00:00",
            "observedCount": 1,
            "observedInterval": "01:00:00",
            "percentComplete": 100.0,
            "percentCoverage": 100.0,
            "datetimeFrom": {
                "utc": "2018-09-08T06:00:00Z",
                "local": "2018-09-07T23:00:00-07:00"
            },
            "datetimeTo": {
                "utc": "2018-09-08T07:00:00Z",
                "local": "2018-09-08T00:00:00-07:00"
            }
        }
    },
    {
        "value": 2.0,
        "flagInfo": {
            "hasFlags": false
        },
        "parameter": {
            "id": 2,
            "name": "pm25",
            "units": "\u00b5g/m\u00b3",
            "displayName": null
        },
        "period": {
            "label": "raw",
            "interval": "01:00:00",
            "datetimeFrom": {
                "utc": "2018-09-08T07:00:00Z",
                "local": "2018-09-08T00:00:00-07:00"
            },
            "datetimeTo": {
                "utc": "2018-09-08T08:00:00Z",
                "local": "2018-09-08T01:00:00-07:00"
            }
        },
        "coordinates": null,
        "summary": null,
        "coverage": {
            "expectedCount": 1,
            "expectedInterval": "01:00:00",
            "observedCount": 1,
            "observedInterval": "01:00:00",
            "percentComplete": 100.0,
            "percentCoverage": 100.0,
            "datetimeFrom": {
                "utc": "2018-09-08T07:00:00Z",
                "local": "2018-09-08T00:00:00-07:00"
            },
            "datetimeTo": {
                "utc": "2018-09-08T08:00:00Z",
                "local": "2018-09-08T01:00:00-07:00"
            }
        }
    },
    {
        "value": 5.0,
        "flagInfo": {
            "hasFlags": false
        },
        "parameter": {
            "id": 2,
            "name": "pm25",
            "units": "\u00b5g/m\u00b3",
            "displayName": null
        },
        "period": {
            "label": "raw",
            "interval": "01:00:00",
            "datetimeFrom": {
                "utc": "2018-09-08T08:00:00Z",
                "local": "2018-09-08T01:00:00-07:00"
            },
            "datetimeTo": {
                "utc": "2018-09-08T09:00:00Z",
                "local": "2018-09-08T02:00:00-07:00"
            }
        },
        "coordinates": null,
        "summary": null,
        "coverage": {
            "expectedCount": 1,
            "expectedInterval": "01:00:00",
            "observedCount": 1,
            "observedInterval": "01:00:00",
            "percentComplete": 100.0,
            "percentCoverage": 100.0,
            "datetimeFrom": {
                "utc": "2018-09-08T08:00:00Z",
                "local": "2018-09-08T01:00:00-07:00"
            },
            "datetimeTo": {
                "utc": "2018-09-08T09:00:00Z",
                "local": "2018-09-08T02:00:00-07:00"
            }
        }
    },
    {
        "value": 7.0,
        "flagInfo": {
            "hasFlags": false
        },
        "parameter": {
            "id": 2,
            "name": "pm25",
            "units": "\u00b5g/m\u00b3",
            "displayName": null
        },
        "period": {
            "label": "raw",
            "interval": "01:00:00",
            "datetimeFrom": {
                "utc": "2018-09-08T09:00:00Z",
                "local": "2018-09-08T02:00:00-07:00"
            },
            "datetimeTo": {
                "utc": "2018-09-08T10:00:00Z",
                "local": "2018-09-08T03:00:00-07:00"
            }
        },
        "coordinates": null,
        "summary": null,
        "coverage": {
            "expectedCount": 1,
            "expectedInterval": "01:00:00",
            "observedCount": 1,
            "observedInterval": "01:00:00",
            "percentComplete": 100.0,
            "percentCoverage": 100.0,
            "datetimeFrom": {
                "utc": "2018-09-08T09:00:00Z",
                "local": "2018-09-08T02:00:00-07:00"
            },
            "datetimeTo": {
                "utc": "2018-09-08T10:00:00Z",
                "local": "2018-09-08T03:00:00-07:00"
            }
        }
    },
    {
        "value": 4.0,
        "flagInfo": {
            "hasFlags": false
        },
        "parameter": {
            "id": 2,
            "name": "pm25",
            "units": "\u00b5g/m\u00b3",
            "displayName": null
        },
        "period": {
            "label": "raw",
            "interval": "01:00:00",
            "datetimeFrom": {
                "utc": "2018-09-08T11:00:00Z",
                "local": "2018-09-08T04:00:00-07:00"
            },
            "datetimeTo": {
                "utc": "2018-09-08T12:00:00Z",
                "local": "2018-09-08T05:00:00-07:00"
            }
        },
        "coordinates": null,
        "summary": null,
        "coverage": {
            "expectedCount": 1,
            "expectedInterval": "01:00:00",
            "observedCount": 1,
            "observedInterval": "01:00:00",
            "percentComplete": 100.0,
            "percentCoverage": 100.0,
            "datetimeFrom": {
                "utc": "2018-09-08T11:00:00Z",
                "local": "2018-09-08T04:00:00-07:00"
            },
            "datetimeTo": {
                "utc": "2018-09-08T12:00:00Z",
                "local": "2018-09-08T05:00:00-07:00"
            }
        }
    },
    {
        "value": -1.0,
        "flagInfo": {
            "hasFlags": false
        },
        "parameter": {
            "id": 2,
            "name": "pm25",
            "units": "\u00b5g/m\u00b3",
            "displayName": null
        },
        "period": {
            "label": "raw",
            "interval": "01:00:00",
            "datetimeFrom": {
                "utc": "2018-09-08T12:00:00Z",
                "local": "2018-09-08T05:00:00-07:00"
            },
            "datetimeTo": {
                "utc": "2018-09-08T13:00:00Z",
                "local": "2018-09-08T06:00:00-07:00"
            }
        },
        "coordinates": null,
        "summary": null,
        "coverage": {
            "expectedCount": 1,
            "expectedInterval": "01:00:00",
            "observedCount": 1,
            "observedInterval": "01:00:00",
            "percentComplete": 100.0,
            "percentCoverage": 100.0,
            "datetimeFrom": {
                "utc": "2018-09-08T12:00:00Z",
                "local": "2018-09-08T05:00:00-07:00"
            },
            "datetimeTo": {
                "utc": "2018-09-08T13:00:00Z",
                "local": "2018-09-08T06:00:00-07:00"
            }
        }
    },
    {
        "value": 6.0,
        "flagInfo": {
            "hasFlags": false
        },
        "parameter": {
            "id": 2,
            "name": "pm25",
            "units": "\u00b5g/m\u00b3",
            "displayName": null
        },
        "period": {
            "label": "raw",
            "interval": "01:00:00",
            "datetimeFrom": {
                "utc": "2018-09-08T14:00:00Z",
                "local": "2018-09-08T07:00:00-07:00"
            },
            "datetimeTo": {
                "utc": "2018-09-08T15:00:00Z",
                "local": "2018-09-08T08:00:00-07:00"
            }
        },
        "coordinates": null,
        "summary": null,
        "coverage": {
            "expectedCount": 1,
            "expectedInterval": "01:00:00",
            "observedCount": 1,
            "observedInterval": "01:00:00",
            "percentComplete": 100.0,
            "percentCoverage": 100.0,
            "datetimeFrom": {
                "utc": "2018-09-08T14:00:00Z",
                "local": "2018-09-08T07:00:00-07:00"
            },
            "datetimeTo": {
                "utc": "2018-09-08T15:00:00Z",
                "local": "2018-09-08T08:00:00-07:00"
            }
        }
    },
    {
        "value": -1.0,
        "flagInfo": {
            "hasFlags": false
        },
        "parameter": {
            "id": 2,
            "name": "pm25",
            "units": "\u00b5g/m\u00b3",
            "displayName": null
        },
        "period": {
            "label": "raw",
            "interval": "01:00:00",
            "datetimeFrom": {
                "utc": "2018-09-08T15:00:00Z",
                "local": "2018-09-08T08:00:00-07:00"
            },
            "datetimeTo": {
                "utc": "2018-09-08T16:00:00Z",
                "local": "2018-09-08T09:00:00-07:00"
            }
        },
        "coordinates": null,
        "summary": null,
        "coverage": {
            "expectedCount": 1,
            "expectedInterval": "01:00:00",
            "observedCount": 1,
            "observedInterval": "01:00:00",
            "percentComplete": 100.0,
            "percentCoverage": 100.0,
            "datetimeFrom": {
                "utc": "2018-09-08T15:00:00Z",
                "local": "2018-09-08T08:00:00-07:00"
            },
            "datetimeTo": {
                "utc": "2018-09-08T16:00:00Z",
                "local": "2018-09-08T09:00:00-07:00"
            }
        }
    },
    {
        "value": 3.0,
        "flagInfo": {
            "hasFlags": false
        },
        "parameter": {
            "id": 2,
            "name": "pm25",
            "units": "\u00b5g/m\u00b3",
            "displayName": null
        },
        "period": {
            "label": "raw",
            "interval": "01:00:00",
            "datetimeFrom": {
                "utc": "2018-09-08T17:00:00Z",
                "local": "2018-09-08T10:00:00-07:00"
            },
            "datetimeTo": {
                "utc": "2018-09-08T18:00:00Z",
                "local": "2018-09-08T11:00:00-07:00"
            }
        },
        "coordinates": null,
        "summary": null,
        "coverage": {
            "expectedCount": 1,
            "expectedInterval": "01:00:00",
            "observedCount": 1,
            "observedInterval": "01:00:00",
            "percentComplete": 100.0,
            "percentCoverage": 100.0,
            "datetimeFrom": {
                "utc": "2018-09-08T17:00:00Z",
                "local": "2018-09-08T10:00:00-07:00"
            },
            "datetimeTo": {
                "utc": "2018-09-08T18:00:00Z",
                "local": "2018-09-08T11:00:00-07:00"
            }
        }
    }
]