[
    {
        "value": 42.0,
        "flagInfo": {
            "hasFlags": false
        },
        "parameter": {
            "id": 2,
            "name": "pm25",
            "units": "\u00b5g/m\u00b3",
            "displayName": null
        },
        "period": {
            "label": "raw",
            "interval": "01:00:00",
            "datetimeFrom": {
                "utc": "2018-07-31T19:00:00Z",
                "local": "2018-07-31T12:00:00-07:00"
            },
            "datetimeTo": {
                "utc": "2018-07-31T20:00:00Z",
                "local": "2018-07-31T13:00:00-07:00"
            }
        },
        "coordinates": null,
        "summary": null,
        "coverage": {
            "expectedCount": 1,
            "expectedInterval": "01:00:00",
            "observedCount": 1,
            "observedInterval": "01:00:00",
            "percentComplete": 100.0,
            "percentCoverage": 100.0,
            "datetimeFrom": {
                "utc": "2018-07-31T19:00:00Z",
                "local": "2018-07-31T12:00:00-07:00"
            },
            "datetimeTo": {
                "utc": "2018-07-31T20:00:00Z",
                "local": "2018-07-31T13:00:00-07:00"
            }
        }
    },
    {
        "value": 20.0,
        "flagInfo": {
            "hasFlags": false
        },
        "parameter": {
            "id": 2,
            "name": "pm25",
            "units": "\u00b5g/m\u00b3",
            "displayName": null
        },
        "period": {
            "label": "raw",
            "interval": "01:00:00",
            "datetimeFrom": {
                "utc": "2018-07-31T20:00:00Z",
                "local": "2018-07-31T13:00:00-07:00"
            },
            "datetimeTo": {
                "utc": "2018-07-31T21:00:00Z",
                "local": "2018-07-31T14:00:00-07:00"
            }
        },
        "coordinates": null,
        "summary": null,
        "coverage": {
            "expectedCount": 1,
            "expectedInterval": "01:00:00",
            "observedCount": 1,
            "observedInterval": "01:00:00",
            "percentComplete": 100.0,
            "percentCoverage": 100.0,
            "datetimeFrom": {
                "utc": "2018-07-31T20:00:00Z",
                "local": "2018-07-31T13:00:00-07:00"
            },
            "datetimeTo": {
                "utc": "2018-07-31T21:00:00Z",
                "local": "2018-07-31T14:00:00-07:00"
            }
        }
    },
    {
        "value": 16.0,
        "flagInfo": {
            "hasFlags": false
        },
        "parameter": {
            "id": 2,
            "name": "pm25",
            "units": "\u00b5g/m\u00b3",
            "displayName": null
        },
        "period": {
            "label": "raw",
            "interval": "01:00:00",
            "datetimeFrom": {
                "utc": "2018-07-31T21:00:00Z",
                "local": "2018-07-31T14:00:00-07:00"
            },
            "datetimeTo": {
                "utc": "2018-07-31T22:00:00Z",
                "local": "2018-07-31T15:00:00-07:00"
            }
        },
        "coordinates": null,
        "summary": null,
        "coverage": {
            "expectedCount": 1,
            "expectedInterval": "01:00:00",
            "observedCount": 1,
            "observedInterval": "01:00:00",
            "percentComplete": 100.0,
            "percentCoverage": 100.0,
            "datetimeFrom": {
                "utc": "2018-07-31T21:00:00Z",
                "local": "2018-07-31T14:00:00-07:00"
            },
            "datetimeTo": {
                "utc": "2018-07-31T22:00:00Z",
                "local": "2018-07-31T15:00:00-07:00"
            }
        }
    },
    {
        "value": 106.0,
        "flagInfo": {
            "hasFlags": false
        },
        "parameter": {
            "id": 2,
            "name": "pm25",
            "units": "\u00b5g/m\u00b3",
            "displayName": null
        },
        "period": {
            "label": "raw",
            "interval": "01:00:00",
            "datetimeFrom": {
                "utc": "2018-07-31T22:00:00Z",
                "local": "2018-07-31T15:00:00-07:00"
            },
            "datetimeTo": {
                "utc": "2018-07-31T23:00:00Z",
                "local": "2018-07-31T16:00:00-07:00"
            }
        },
        "coordinates": null,
        "summary": null,
        "coverage": {
            "expectedCount": 1,
            "expectedInterval": "01:00:00",
            "observedCount": 1,
            "observedInterval": "01:00:00",
            "percentComplete": 100.0,
            "percentCoverage": 100.0,
            "datetimeFrom": {
                "utc": "2018-07-31T22:00:00Z",
                "local": "2018-07-31T15:00:00-07:00"
            },
            "datetimeTo": {
                "utc": "2018-07-31T23:00:00Z",
                "local": "2018-07-31T16:00:00-07:00"
            }
        }
    },
    {
        "value": 127.0,
        "flagInfo": {
            "hasFlags": false
        },
        "parameter": {
            "id": 2,
            "name": "pm25",
            "units": "\u00b5g/m\u00b3",
            "displayName": null
        },
        "period": {
            "label": "raw",
            "interval": "01:00:00",
            "datetimeFrom": {
                "utc": "2018-07-31T23:00:00Z",
                "local": "2018-07-31T16:00:00-07:00"
            },
            "datetimeTo": {
                "utc": "2018-08-01T00:00:00Z",
                "local": "2018-07-31T17:00:00-07:00"
            }
        },
        "coordinates": null,
        "summary": null,
        "coverage": {
            "expectedCount": 1,
            "expectedInterval": "01:00:00",
            "observedCount": 1,
            "observedInterval": "01:00:00",
            "percentComplete": 100.0,
            "percentCoverage": 100.0,
            "datetimeFrom": {
                "utc": "2018-07-31T23:00:00Z",
                "local": "2018-07-31T16:00:00-07:00"
            },
            "datetimeTo": {
                "utc": "2018-08-01T00:00:00Z",
                "local": "2018-07-31T17:00:00-07:00"
            }
        }
    },
    {
        "value": 52.0,
        "flagInfo": {
            "hasFlags": false
        },
        "parameter": {
            "id": 2,
            "name": "pm25",
            "units": "\u00b5g/m\u00b3",
            "displayName": null
        },
        "period": {
            "label": "raw",
            "interval": "01:00:00",
            "datetimeFrom": {
                "utc": "2018-08-01T00:00:00Z",
                "local": "2018-07-31T17:00:00-07:00"
            },
            "datetimeTo": {
                "utc": "2018-08-01T01:00:00Z",
                "local": "2018-07-31T18:00:00-07:00"
            }
        },
        "coordinates": null,
        "summary": null,
        "coverage": {
            "expectedCount": 1,
            "expectedInterval": "01:00:00",
            "observedCount": 1,
            "observedInterval": "01:00:00",
            "percentComplete": 100.0,
            "percentCoverage": 100.0,
            "datetimeFrom": {
                "utc": "2018-08-01T00:00:00Z",
                "local": "2018-07-31T17:00:00-07:00"
            },
            "datetimeTo": {
                "utc": "2018-08-01T01:00:00Z",
                "local": "2018-07-31T18:00:00-07:00"
            }
        }
    },
    {
        "value": 16.0,
        "flagInfo": {
            "hasFlags": false
        },
        "parameter": {
            "id": 2,
            "name": "pm25",
            "units": "\u00b5g/m\u00b3",
            "displayName": null
        },
        "period": {
            "label": "raw",
            "interval": "01:00:00",
            "datetimeFrom": {
                "utc": "2018-08-01T01:00:00Z",
                "local": "2018-07-31T18:00:00-07:00"
            },
            "datetimeTo": {
                "utc": "2018-08-01T02:00:00Z",
                "local": "2018-07-31T19:00:00-07:00"
            }
        },
        "coordinates": null,
        "summary": null,
        "coverage": {
            "expectedCount": 1,
            "expectedInterval": "01:00:00",
            "observedCount": 1,
            "observedInterval": "01:00:00",
            "percentComplete": 100.0,
            "percentCoverage": 100.0,
            "datetimeFrom": {
                "utc": "2018-08-01T01:00:00Z",
                "local": "2018-07-31T18:00:00-07:00"
            },
            "datetimeTo": {
                "utc": "2018-08-01T02:00:00Z",
                "local": "2018-07-31T19:00:00-07:00"
            }
        }
    },
    {
        "value": 22.0,
        "flagInfo": {
            "hasFlags": false
        },
        "parameter": {
            "id": 2,
            "name": "pm25",
            "units": "\u00b5g/m\u00b3",
            "displayName": null
        },
        "period": {
            "label": "raw",
            "interval": "01:00:00",
            "datetimeFrom": {
                "utc": "2018-08-01T02:00:00Z",
                "local": "2018-07-31T19:00:00-07:00"
            },
            "datetimeTo": {
                "utc": "2018-08-01T03:00:00Z",
                "local": "2018-07-31T20:00:00-07:00"
            }
        },
        "coordinates": null,
        "summary": null,
        "coverage": {
            "expectedCount": 1,
            "expectedInterval": "01:00:00",
            "observedCount": 1,
            "observedInterval": "01:00:00",
            "percentComplete": 100.0,
            "percentCoverage": 100.0,
            "datetimeFrom": {
                "utc": "2018-08-01T02:00:00Z",
                "local": "2018-07-31T19:00:00-07:00"
            },
            "datetimeTo": {
                "utc": "2018-08-01T03:00:00Z",
                "local": "2018-07-31T20:00:00-07:00"
            }
        }
    },
    {
        "value": 17.0,
        "flagInfo": {
            "hasFlags": false
        },
        "parameter": {
            "id": 2,
            "name": "pm25",
            "units": "\u00b5g/m\u00b3",
            "displayName": null
        },
        "period": {
            "label": "raw",
            "interval": "01:00:00",
            "datetimeFrom": {
                "utc": "2018-08-01T03:00:00Z",
                "local": "2018-07-31T20:00:00-07:00"
            },
            "datetimeTo": {
                "utc": "2018-08-01T04:00:00Z",
                "local": "2018-07-31T21:00:00-07:00"
            }
        },
        "coordinates": null,
        "summary": null,
        "coverage": {
            "expectedCount": 1,
            "expectedInterval": "01:00:00",
            "observedCount": 1,
            "observedInterval": "01:00:00",
            "percentComplete": 100.0,
            "percentCoverage": 100.0,
            "datetimeFrom": {
                "utc": "2018-08-01T03:00:00Z",
                "local": "2018-07-31T20:00:00-07:00"
            },
            "datetimeTo": {
                "utc": "2018-08-01T04:00:00Z",
                "local": "2018-07-31T21:00:00-07:00"
            }
        }
    },
    {
        "value": 16.0,
        "flagInfo": {
            "hasFlags": false
        },
        "parameter": {
            "id": 2,
            "name": "pm25",
            "units": "\u00b5g/m\u00b3",
            "displayName": null
        },
        "period": {
            "label": "raw",
            "interval": "01:00:00",
            "datetimeFrom": {
                "utc": "2018-08-01T04:00:00Z",
                "local": "2018-07-31T21:00:00-07:00"
            },
            "datetimeTo": {
                "utc": "2018-08-01T05:00:00Z",
                "local": "2018-07-31T22:00:00-07:00"
            }
        },
        "coordinates": null,
        "summary": null,
        "coverage": {
            "expectedCount": 1,
            "expectedInterval": "01:00:00",
            "observedCount": 1,
            "observedInterval": "01:00:00",
            "percentComplete": 100.0,
            "percentCoverage": 100.0,
            "datetimeFrom": {
                "utc": "2018-08-01T04:00:00Z",
                "local": "2018-07-31T21:00:00-07:00"
            },
            "datetimeTo": {
                "utc": "2018-08-01T05:00:00Z",
                "local": "2018-07-31T22:00:00-07:00"
            }
        }
    },
    {
        "value": 17.0,
        "flagInfo": {
            "hasFlags": false
        },
        "parameter": {
            "id": 2,
            "name": "pm25",
            "units": "\u00b5g/m\u00b3",
            "displayName": null
        },
        "period": {
            "label": "raw",
            "interval": "01:00:00",
            "datetimeFrom": {
                "utc": "2018-08-01T06:00:00Z",
                "local": "2018-07-31T23:00:00-07:00"
            },
            "datetimeTo": {
                "utc": "2018-08-01T07:00:00Z",
                "local": "2018-08-01T00:00:00-07:00"
            }
        },
        "coordinates": null,
        "summary": null,
        "coverage": {
            "expectedCount": 1,
            "expectedInterval": "01:00:00",
            "observedCount": 1,
            "observedInterval": "01:00:00",
            "percentComplete": 100.0,
            "percentCoverage": 100.0,
            "datetimeFrom": {
                "utc": "2018-08-01T06:00:00Z",
                "local": "2018-07-31T23:00:00-07:00"
            },
            "datetimeTo": {
                "utc": "2018-08-01T07:00:00Z",
                "local": "2018-08-01T00:00:00-07:00"
            }
        }
    }
]