[
    {
        "value": 1.0,
        "flagInfo": {
            "hasFlags": false
        },
        "parameter": {
            "id": 2,
            "name": "pm25",
            "units": "\u00b5g/m\u00b3",
            "displayName": null
        },
        "period": {
            "label": "raw",
            "interval": "01:00:00",
            "datetimeFrom": {
                "utc": "2017-10-29T04:00:00Z",
                "local": "2017-10-28T21:00:00-07:00"
            },
            "datetimeTo": {
                "utc": "2017-10-29T05:00:00Z",
                "local": "2017-10-28T22:00:00-07:00"
            }
        },
        "coordinates": null,
        "summary": null,
        "coverage": {
            "expectedCount": 1,
            "expectedInterval": "01:00:00",
            "observedCount": 1,
            "observedInterval": "01:00:00",
            "percentComplete": 100.0,
            "percentCoverage": 100.0,
            "datetimeFrom": {
                "utc": "2017-10-29T04:00:00Z",
                "local": "2017-10-28T21:00:00-07:00"
            },
            "datetimeTo": {
                "utc": "2017-10-29T05:00:00Z",
                "local": "2017-10-28T22:00:00-07:00"
            }
        }
    },
    {
        "value": 1.0,
        "flagInfo": {
            "hasFlags": false
        },
        "parameter": {
            "id": 2,
            "name": "pm25",
            "units": "\u00b5g/m\u00b3",
            "displayName": null
        },
        "period": {
            "label": "raw",
            "interval": "01:00:00",
            "datetimeFrom": {
                "utc": "2017-10-29T08:00:00Z",
                "local": "2017-10-29T01:00:00-07:00"
            },
            "datetimeTo": {
                "utc": "2017-10-29T09:00:00Z",
                "local": "2017-10-29T02:00:00-07:00"
            }
        },
        "coordinates": null,
        "summary": null,
        "coverage": {
            "expectedCount": 1,
            "expectedInterval": "01:00:00",
            "observedCount": 1,
            "observedInterval": "01:00:00",
            "percentComplete": 100.0,
            "percentCoverage": 100.0,
            "datetimeFrom": {
                "utc": "2017-10-29T08:00:00Z",
                "local": "2017-10-29T01:00:00-07:00"
            },
            "datetimeTo": {
                "utc": "2017-10-29T09:00:00Z",
                "local": "2017-10-29T02:00:00-07:00"
            }
        }
    },
    {
        "value": 20.0,
        "flagInfo": {
            "hasFlags": false
        },
        "parameter": {
            "id": 2,
            "name": "pm25",
            "units": "\u00b5g/m\u00b3",
            "displayName": null
        },
        "period": {
            "label": "raw",
            "interval": "01:00:00",
            "datetimeFrom": {
                "utc": "2017-11-01T03:00:00Z",
                "local": "2017-10-31T20:00:00-07:00"
            },
            "datetimeTo": {
                "utc": "2017-11-01T04:00:00Z",
                "local": "2017-10-31T21:00:00-07:00"
            }
        },
        "coordinates": null,
        "summary": null,
        "coverage": {
            "expectedCount": 1,
            "expectedInterval": "01:00:00",
            "observedCount": 1,
            "observedInterval": "01:00:00",
            "percentComplete": 100.0,
            "percentCoverage": 100.0,
            "datetimeFrom": {
                "utc": "2017-11-01T03:00:00Z",
                "local": "2017-10-31T20:00:00-07:00"
            },
            "datetimeTo": {
                "utc": "2017-11-01T04:00:00Z",
                "local": "2017-10-31T21:00:00-07:00"
            }
        }
    },
    {
        "value": -1.0,
        "flagInfo": {
            "hasFlags": false
        },
        "parameter": {
            "id": 2,
            "name": "pm25",
            "units": "\u00b5g/m\u00b3",
            "displayName": null
        },
        "period": {
            "label": "raw",
            "interval": "01:00:00",
            "datetimeFrom": {
                "utc": "2017-11-01T04:00:00Z",
                "local": "2017-10-31T21:00:00-07:00"
            },
            "datetimeTo": {
                "utc": "2017-11-01T05:00:00Z",
                "local": "2017-10-31T22:00:00-07:00"
            }
        },
        "coordinates": null,
        "summary": null,
        "coverage": {
            "expectedCount": 1,
            "expectedInterval": "01:00:00",
            "observedCount": 1,
            "observedInterval": "01:00:00",
            "percentComplete": 100.0,
            "percentCoverage": 100.0,
            "datetimeFrom": {
                "utc": "2017-11-01T04:00:00Z",
                "local": "2017-10-31T21:00:00-07:00"
            },
            "datetimeTo": {
                "utc": "2017-11-01T05:00:00Z",
                "local": "2017-10-31T22:00:00-07:00"
            }
        }
    },
    {
        "value": 11.0,
        "flagInfo": {
            "hasFlags": false
        },
        "parameter": {
            "id": 2,
            "name": "pm25",
            "units": "\u00b5g/m\u00b3",
            "displayName": null
        },
        "period": {
            "label": "raw",
            "interval": "01:00:00",
            "datetimeFrom": {
                "utc": "2017-11-01T09:00:00Z",
                "local": "2017-11-01T02:00:00-07:00"
            },
            "datetimeTo": {
                "utc": "2017-11-01T10:00:00Z",
                "local": "2017-11-01T03:00:00-07:00"
            }
        },
        "coordinates": null,
        "summary": null,
        "coverage": {
            "expectedCount": 1,
            "expectedInterval": "01:00:00",
            "observedCount": 1,
            "observedInterval": "01:00:00",
            "percentComplete": 100.0,
            "percentCoverage": 100.0,
            "datetimeFrom": {
                "utc": "2017-11-01T09:00:00Z",
                "local": "2017-11-01T02:00:00-07:00"
            },
            "datetimeTo": {
                "utc": "2017-11-01T10:00:00Z",
                "local": "2017-11-01T03:00:00-07:00"
            }
        }
    },
    {
        "value": 13.0,
        "flagInfo": {
            "hasFlags": false
        },
        "parameter": {
            "id": 2,
            "name": "pm25",
            "units": "\u00b5g/m\u00b3",
            "displayName": null
        },
        "period": {
            "label": "raw",
            "interval": "01:00:00",
            "datetimeFrom": {
                "utc": "2017-11-03T02:00:00Z",
                "local": "2017-11-02T19:00:00-07:00"
            },
            "datetimeTo": {
                "utc": "2017-11-03T03:00:00Z",
                "local": "2017-11-02T20:00:00-07:00"
            }
        },
        "coordinates": null,
        "summary": null,
        "coverage": {
            "expectedCount": 1,
            "expectedInterval": "01:00:00",
            "observedCount": 1,
            "observedInterval": "01:00:00",
            "percentComplete": 100.0,
            "percentCoverage": 100.0,
            "datetimeFrom": {
                "utc": "2017-11-03T02:00:00Z",
                "local": "2017-11-02T19:00:00-07:00"
            },
            "datetimeTo": {
                "utc": "2017-11-03T03:00:00Z",
                "local": "2017-11-02T20:00:00-07:00"
            }
        }
    },
    {
        "value": 7.0,
        "flagInfo": {
            "hasFlags": false
        },
        "parameter": {
            "id": 2,
            "name": "pm25",
            "units": "\u00b5g/m\u00b3",
            "displayName": null
        },
        "period": {
            "label": "raw",
            "interval": "01:00:00",
            "datetimeFrom": {
                "utc": "2017-11-03T21:00:00Z",
                "local": "2017-11-03T14:00:00-07:00"
            },
            "datetimeTo": {
                "utc": "2017-11-03T22:00:00Z",
                "local": "2017-11-03T15:00:00-07:00"
            }
        },
        "coordinates": null,
        "summary": null,
        "coverage": {
            "expectedCount": 1,
            "expectedInterval": "01:00:00",
            "observedCount": 1,
            "observedInterval": "01:00:00",
            "percentComplete": 100.0,
            "percentCoverage": 100.0,
            "datetimeFrom": {
                "utc": "2017-11-03T21:00:00Z",
                "local": "2017-11-03T14:00:00-07:00"
            },
            "datetimeTo": {
                "utc": "2017-11-03T22:00:00Z",
                "local": "2017-11-03T15:00:00-07:00"
            }
        }
    },
    {
        "value": 16.0,
        "flagInfo": {
            "hasFlags": false
        },
        "parameter": {
            "id": 2,
            "name": "pm25",
            "units": "\u00b5g/m\u00b3",
            "displayName": null
        },
        "period": {
            "label": "raw",
            "interval": "01:00:00",
            "datetimeFrom": {
                "utc": "2017-11-05T02:00:00Z",
                "local": "2017-11-04T19:00:00-07:00"
            },
            "datetimeTo": {
                "utc": "2017-11-05T03:00:00Z",
                "local": "2017-11-04T20:00:00-07:00"
            }
        },
        "coordinates": null,
        "summary": null,
        "coverage": {
            "expectedCount": 1,
            "expectedInterval": "01:00:00",
            "observedCount": 1,
            "observedInterval": "01:00:00",
            "percentComplete": 100.0,
            "percentCoverage": 100.0,
            "datetimeFrom": {
                "utc": "2017-11-05T02:00:00Z",
                "local": "2017-11-04T19:00:00-07:00"
            },
            "datetimeTo": {
                "utc": "2017-11-05T03:00:00Z",
                "local": "2017-11-04T20:00:00-07:00"
            }
        }
    }
]