[
    {
        "value": 5.0,
        "flagInfo": {
            "hasFlags": false
        },
        "parameter": {
            "id": 2,
            "name": "pm25",
            "units": "\u00b5g/m\u00b3",
            "displayName": null
        },
        "period": {
            "label": "raw",
            "interval": "01:00:00",
            "datetimeFrom": {
                "utc": "2017-12-20T04:00:00Z",
                "local": "2017-12-19T20:00:00-08:00"
            },
            "datetimeTo": {
                "utc": "2017-12-20T05:00:00Z",
                "local": "2017-12-19T21:00:00-08:00"
            }
        },
        "coordinates": null,
        "summary": null,
        "coverage": {
            "expectedCount": 1,
            "expectedInterval": "01:00:00",
            "observedCount": 1,
            "observedInterval": "01:00:00",
            "percentComplete": 100.0,
            "percentCoverage": 100.0,
            "datetimeFrom": {
                "utc": "2017-12-20T04:00:00Z",
                "local": "2017-12-19T20:00:00-08:00"
            },
            "datetimeTo": {
                "utc": "2017-12-20T05:00:00Z",
                "local": "2017-12-19T21:00:00-08:00"
            }
        }
    },
    {
        "value": 18.0,
        "flagInfo": {
            "hasFlags": false
        },
        "parameter": {
            "id": 2,
            "name": "pm25",
            "units": "\u00b5g/m\u00b3",
            "displayName": null
        },
        "period": {
            "label": "raw",
            "interval": "01:00:00",
            "datetimeFrom": {
                "utc": "2017-12-20T05:00:00Z",
                "local": "2017-12-19T21:00:00-08:00"
            },
            "datetimeTo": {
                "utc": "2017-12-20T06:00:00Z",
                "local": "2017-12-19T22:00:00-08:00"
            }
        },
        "coordinates": null,
        "summary": null,
        "coverage": {
            "expectedCount": 1,
            "expectedInterval": "01:00:00",
            "observedCount": 1,
            "observedInterval": "01:00:00",
            "percentComplete": 100.0,
            "percentCoverage": 100.0,
            "datetimeFrom": {
                "utc": "2017-12-20T05:00:00Z",
                "local": "2017-12-19T21:00:00-08:00"
            },
            "datetimeTo": {
                "utc": "2017-12-20T06:00:00Z",
                "local": "2017-12-19T22:00:00-08:00"
            }
        }
    },
    {
        "value": 22.0,
        "flagInfo": {
            "hasFlags": false
        },
        "parameter": {
            "id": 2,
            "name": "pm25",
            "units": "\u00b5g/m\u00b3",
            "displayName": null
        },
        "period": {
            "label": "raw",
            "interval": "01:00:00",
            "datetimeFrom": {
                "utc": "2017-12-23T05:00:00Z",
                "local": "2017-12-22T21:00:00-08:00"
            },
            "datetimeTo": {
                "utc": "2017-12-23T06:00:00Z",
                "local": "2017-12-22T22:00:00-08:00"
            }
        },
        "coordinates": null,
        "summary": null,
        "coverage": {
            "expectedCount": 1,
            "expectedInterval": "01:00:00",
            "observedCount": 1,
            "observedInterval": "01:00:00",
            "percentComplete": 100.0,
            "percentCoverage": 100.0,
            "datetimeFrom": {
                "utc": "2017-12-23T05:00:00Z",
                "local": "2017-12-22T21:00:00-08:00"
            },
            "datetimeTo": {
                "utc": "2017-12-23T06:00:00Z",
                "local": "2017-12-22T22:00:00-08:00"
            }
        }
    },
    {
        "value": 14.0,
        "flagInfo": {
            "hasFlags": false
        },
        "parameter": {
            "id": 2,
            "name": "pm25",
            "units": "\u00b5g/m\u00b3",
            "displayName": null
        },
        "period": {
            "label": "raw",
            "interval": "01:00:00",
            "datetimeFrom": {
                "utc": "2017-12-24T04:00:00Z",
                "local": "2017-12-23T20:00:00-08:00"
            },
            "datetimeTo": {
                "utc": "2017-12-24T05:00:00Z",
                "local": "2017-12-23T21:00:00-08:00"
            }
        },
        "coordinates": null,
        "summary": null,
        "coverage": {
            "expectedCount": 1,
            "expectedInterval": "01:00:00",
            "observedCount": 1,
            "observedInterval": "01:00:00",
            "percentComplete": 100.0,
            "percentCoverage": 100.0,
            "datetimeFrom": {
                "utc": "2017-12-24T04:00:00Z",
                "local": "2017-12-23T20:00:00-08:00"
            },
            "datetimeTo": {
                "utc": "2017-12-24T05:00:00Z",
                "local": "2017-12-23T21:00:00-08:00"
            }
        }
    },
    {
        "value": -3.0,
        "flagInfo": {
            "hasFlags": false
        },
        "parameter": {
            "id": 2,
            "name": "pm25",
            "units": "\u00b5g/m\u00b3",
            "displayName": null
        },
        "period": {
            "label": "raw",
            "interval": "01:00:00",
            "datetimeFrom": {
                "utc": "2017-12-24T05:00:00Z",
                "local": "2017-12-23T21:00:00-08:00"
            },
            "datetimeTo": {
                "utc": "2017-12-24T06:00:00Z",
                "local": "2017-12-23T22:00:00-08:00"
            }
        },
        "coordinates": null,
        "summary": null,
        "coverage": {
            "expectedCount": 1,
            "expectedInterval": "01:00:00",
            "observedCount": 1,
            "observedInterval": "01:00:00",
            "percentComplete": 100.0,
            "percentCoverage": 100.0,
            "datetimeFrom": {
                "utc": "2017-12-24T05:00:00Z",
                "local": "2017-12-23T21:00:00-08:00"
            },
            "datetimeTo": {
                "utc": "2017-12-24T06:00:00Z",
                "local": "2017-12-23T22:00:00-08:00"
            }
        }
    },
    {
        "value": 14.0,
        "flagInfo": {
            "hasFlags": false
        },
        "parameter": {
            "id": 2,
            "name": "pm25",
            "units": "\u00b5g/m\u00b3",
            "displayName": null
        },
        "period": {
            "label": "raw",
            "interval": "01:00:00",
            "datetimeFrom": {
                "utc": "2017-12-24T20:00:00Z",
                "local": "2017-12-24T12:00:00-08:00"
            },
            "datetimeTo": {
                "utc": "2017-12-24T21:00:00Z",
                "local": "2017-12-24T13:00:00-08:00"
            }
        },
        "coordinates": null,
        "summary": null,
        "coverage": {
            "expectedCount": 1,
            "expectedInterval": "01:00:00",
            "observedCount": 1,
            "observedInterval": "01:00:00",
            "percentComplete": 100.0,
            "percentCoverage": 100.0,
            "datetimeFrom": {
                "utc": "2017-12-24T20:00:00Z",
                "local": "2017-12-24T12:00:00-08:00"
            },
            "datetimeTo": {
                "utc": "2017-12-24T21:00:00Z",
                "local": "2017-12-24T13:00:00-08:00"
            }
        }
    },
    {
        "value": 8.0,
        "flagInfo": {
            "hasFlags": false
        },
        "parameter": {
            "id": 2,
            "name": "pm25",
            "units": "\u00b5g/m\u00b3",
            "displayName": null
        },
        "period": {
            "label": "raw",
            "interval": "01:00:00",
            "datetimeFrom": {
                "utc": "2017-12-25T06:00:00Z",
                "local": "2017-12-24T22:00:00-08:00"
            },
            "datetimeTo": {
                "utc": "2017-12-25T07:00:00Z",
                "local": "2017-12-24T23:00:00-08:00"
            }
        },
        "coordinates": null,
        "summary": null,
        "coverage": {
            "expectedCount": 1,
            "expectedInterval": "01:00:00",
            "observedCount": 1,
            "observedInterval": "01:00:00",
            "percentComplete": 100.0,
            "percentCoverage": 100.0,
            "datetimeFrom": {
                "utc": "2017-12-25T06:00:00Z",
                "local": "2017-12-24T22:00:00-08:00"
            },
            "datetimeTo": {
                "utc": "2017-12-25T07:00:00Z",
                "local": "2017-12-24T23:00:00-08:00"
            }
        }
    },
    {
        "value": 11.0,
        "flagInfo": {
            "hasFlags": false
        },
        "parameter": {
            "id": 2,
            "name": "pm25",
            "units": "\u00b5g/m\u00b3",
            "displayName": null
        },
        "period": {
            "label": "raw",
            "interval": "01:00:00",
            "datetimeFrom": {
                "utc": "2017-12-26T03:00:00Z",
                "local": "2017-12-25T19:00:00-08:00"
            },
            "datetimeTo": {
                "utc": "2017-12-26T04:00:00Z",
                "local": "2017-12-25T20:00:00-08:00"
            }
        },
        "coordinates": null,
        "summary": null,
        "coverage": {
            "expectedCount": 1,
            "expectedInterval": "01:00:00",
            "observedCount": 1,
            "observedInterval": "01:00:00",
            "percentComplete": 100.0,
            "percentCoverage": 100.0,
            "datetimeFrom": {
                "utc": "2017-12-26T03:00:00Z",
                "local": "2017-12-25T19:00:00-08:00"
            },
            "datetimeTo": {
                "utc": "2017-12-26T04:00:00Z",
                "local": "2017-12-25T20:00:00-08:00"
            }
        }
    },
    {
        "value": 14.0,
        "flagInfo": {
            "hasFlags": false
        },
        "parameter": {
            "id": 2,
            "name": "pm25",
            "units": "\u00b5g/m\u00b3",
            "displayName": null
        },
        "period": {
            "label": "raw",
            "interval": "01:00:00",
            "datetimeFrom": {
                "utc": "2017-12-27T21:00:00Z",
                "local": "2017-12-27T13:00:00-08:00"
            },
            "datetimeTo": {
                "utc": "2017-12-27T22:00:00Z",
                "local": "2017-12-27T14:00:00-08:00"
            }
        },
        "coordinates": null,
        "summary": null,
        "coverage": {
            "expectedCount": 1,
            "expectedInterval": "01:00:00",
            "observedCount": 1,
            "observedInterval": "01:00:00",
            "percentComplete": 100.0,
            "percentCoverage": 100.0,
            "datetimeFrom": {
                "utc": "2017-12-27T21:00:00Z",
                "local": "2017-12-27T13:00:00-08:00"
            },
            "datetimeTo": {
                "utc": "2017-12-27T22:00:00Z",
                "local": "2017-12-27T14:00:00-08:00"
            }
        }
    },
    {
        "value": 12.0,
        "flagInfo": {
            "hasFlags": false
        },
        "parameter": {
            "id": 2,
            "name": "pm25",
            "units": "\u00b5g/m\u00b3",
            "displayName": null
        },
        "period": {
            "label": "raw",
            "interval": "01:00:00",
            "datetimeFrom": {
                "utc": "2017-12-28T01:00:00Z",
                "local": "2017-12-27T17:00:00-08:00"
            },
            "datetimeTo": {
                "utc": "2017-12-28T02:00:00Z",
                "local": "2017-12-27T18:00:00-08:00"
            }
        },
        "coordinates": null,
        "summary": null,
        "coverage": {
            "expectedCount": 1,
            "expectedInterval": "01:00:00",
            "observedCount": 1,
            "observedInterval": "01:00:00",
            "percentComplete": 100.0,
            "percentCoverage": 100.0,
            "datetimeFrom": {
                "utc": "2017-12-28T01:00:00Z",
                "local": "2017-12-27T17:00:00-08:00"
            },
            "datetimeTo": {
                "utc": "2017-12-28T02:00:00Z",
                "local": "2017-12-27T18:00:00-08:00"
            }
        }
    },
    {
        "value": 11.0,
        "flagInfo": {
            "hasFlags": false
        },
        "parameter": {
            "id": 2,
            "name": "pm25",
            "units": "\u00b5g/m\u00b3",
            "displayName": null
        },
        "period": {
            "label": "raw",
            "interval": "01:00:00",
            "datetimeFrom": {
                "utc": "2017-12-28T05:00:00Z",
                "local": "2017-12-27T21:00:00-08:00"
            },
            "datetimeTo": {
                "utc": "2017-12-28T06:00:00Z",
                "local": "2017-12-27T22:00:00-08:00"
            }
        },
        "coordinates": null,
        "summary": null,
        "coverage": {
            "expectedCount": 1,
            "expectedInterval": "01:00:00",
            "observedCount": 1,
            "observedInterval": "01:00:00",
            "percentComplete": 100.0,
            "percentCoverage": 100.0,
            "datetimeFrom": {
                "utc": "2017-12-28T05:00:00Z",
                "local": "2017-12-27T21:00:00-08:00"
            },
            "datetimeTo": {
                "utc": "2017-12-28T06:00:00Z",
                "local": "2017-12-27T22:00:00-08:00"
            }
        }
    },
    {
        "value": 18.0,
        "flagInfo": {
            "hasFlags": false
        },
        "parameter": {
            "id": 2,
            "name": "pm25",
            "units": "\u00b5g/m\u00b3",
            "displayName": null
        },
        "period": {
            "label": "raw",
            "interval": "01:00:00",
            "datetimeFrom": {
                "utc": "2017-12-28T19:00:00Z",
                "local": "2017-12-28T11:00:00-08:00"
            },
            "datetimeTo": {
                "utc": "2017-12-28T20:00:00Z",
                "local": "2017-12-28T12:00:00-08:00"
            }
        },
        "coordinates": null,
        "summary": null,
        "coverage": {
            "expectedCount": 1,
            "expectedInterval": "01:00:00",
            "observedCount": 1,
            "observedInterval": "01:00:00",
            "percentComplete": 100.0,
            "percentCoverage": 100.0,
            "datetimeFrom": {
                "utc": "2017-12-28T19:00:00Z",
                "local": "2017-12-28T11:00:00-08:00"
            },
            "datetimeTo": {
                "utc": "2017-12-28T20:00:00Z",
                "local": "2017-12-28T12:00:00-08:00"
            }
        }
    },
    {
        "value": 11.0,
        "flagInfo": {
            "hasFlags": false
        },
        "parameter": {
            "id": 2,
            "name": "pm25",
            "units": "\u00b5g/m\u00b3",
            "displayName": null
        },
        "period": {
            "label": "raw",
            "interval": "01:00:00",
            "datetimeFrom": {
                "utc": "2017-12-28T23:00:00Z",
                "local": "2017-12-28T15:00:00-08:00"
            },
            "datetimeTo": {
                "utc": "2017-12-29T00:00:00Z",
                "local": "2017-12-28T16:00:00-08:00"
            }
        },
        "coordinates": null,
        "summary": null,
        "coverage": {
            "expectedCount": 1,
            "expectedInterval": "01:00:00",
            "observedCount": 1,
            "observedInterval": "01:00:00",
            "percentComplete": 100.0,
            "percentCoverage": 100.0,
            "datetimeFrom": {
                "utc": "2017-12-28T23:00:00Z",
                "local": "2017-12-28T15:00:00-08:00"
            },
            "datetimeTo": {
                "utc": "2017-12-29T00:00:00Z",
                "local": "2017-12-28T16:00:00-08:00"
            }
        }
    },
    {
        "value": 9.0,
        "flagInfo": {
            "hasFlags": false
        },
        "parameter": {
            "id": 2,
            "name": "pm25",
            "units": "\u00b5g/m\u00b3",
            "displayName": null
        },
        "period": {
            "label": "raw",
            "interval": "01:00:00",
            "datetimeFrom": {
                "utc": "2017-12-29T00:00:00Z",
                "local": "2017-12-28T16:00:00-08:00"
            },
            "datetimeTo": {
                "utc": "2017-12-29T01:00:00Z",
                "local": "2017-12-28T17:00:00-08:00"
            }
        },
        "coordinates": null,
        "summary": null,
        "coverage": {
            "expectedCount": 1,
            "expectedInterval": "01:00:00",
            "observedCount": 1,
            "observedInterval": "01:00:00",
            "percentComplete": 100.0,
            "percentCoverage": 100.0,
            "datetimeFrom": {
                "utc": "2017-12-29T00:00:00Z",
                "local": "2017-12-28T16:00:00-08:00"
            },
            "datetimeTo": {
                "utc": "2017-12-29T01:00:00Z",
                "local": "2017-12-28T17:00:00-08:00"
            }
        }
    },
    {
        "value": 6.0,
        "flagInfo": {
            "hasFlags": false
        },
        "parameter": {
            "id": 2,
            "name": "pm25",
            "units": "\u00b5g/m\u00b3",
            "displayName": null
        },
        "period": {
            "label": "raw",
            "interval": "01:00:00",
            "datetimeFrom": {
                "utc": "2017-12-29T05:00:00Z",
                "local": "2017-12-28T21:00:00-08:00"
            },
            "datetimeTo": {
                "utc": "2017-12-29T06:00:00Z",
                "local": "2017-12-28T22:00:00-08:00"
            }
        },
        "coordinates": null,
        "summary": null,
        "coverage": {
            "expectedCount": 1,
            "expectedInterval": "01:00:00",
            "observedCount": 1,
            "observedInterval": "01:00:00",
            "percentComplete": 100.0,
            "percentCoverage": 100.0,
            "datetimeFrom": {
                "utc": "2017-12-29T05:00:00Z",
                "local": "2017-12-28T21:00:00-08:00"
            },
            "datetimeTo": {
                "utc": "2017-12-29T06:00:00Z",
                "local": "2017-12-28T22:00:00-08:00"
            }
        }
    },
    {
        "value": 14.0,
        "flagInfo": {
            "hasFlags": false
        },
        "parameter": {
            "id": 2,
            "name": "pm25",
            "units": "\u00b5g/m\u00b3",
            "displayName": null
        },
        "period": {
            "label": "raw",
            "interval": "01:00:00",
            "datetimeFrom": {
                "utc": "2017-12-29T09:00:00Z",
                "local": "2017-12-29T01:00:00-08:00"
            },
            "datetimeTo": {
                "utc": "2017-12-29T10:00:00Z",
                "local": "2017-12-29T02:00:00-08:00"
            }
        },
        "coordinates": null,
        "summary": null,
        "coverage": {
            "expectedCount": 1,
            "expectedInterval": "01:00:00",
            "observedCount": 1,
            "observedInterval": "01:00:00",
            "percentComplete": 100.0,
            "percentCoverage": 100.0,
            "datetimeFrom": {
                "utc": "2017-12-29T09:00:00Z",
                "local": "2017-12-29T01:00:00-08:00"
            },
            "datetimeTo": {
                "utc": "2017-12-29T10:00:00Z",
                "local": "2017-12-29T02:00:00-08:00"
            }
        }
    },
    {
        "value": 12.0,
        "flagInfo": {
            "hasFlags": false
        },
        "parameter": {
            "id": 2,
            "name": "pm25",
            "units": "\u00b5g/m\u00b3",
            "displayName": null
        },
        "period": {
            "label": "raw",
            "interval": "01:00:00",
            "datetimeFrom": {
                "utc": "2017-12-30T04:00:00Z",
                "local": "2017-12-29T20:00:00-08:00"
            },
            "datetimeTo": {
                "utc": "2017-12-30T05:00:00Z",
                "local": "2017-12-29T21:00:00-08:00"
            }
        },
        "coordinates": null,
        "summary": null,
        "coverage": {
            "expectedCount": 1,
            "expectedInterval": "01:00:00",
            "observedCount": 1,
            "observedInterval": "01:00:00",
            "percentComplete": 100.0,
            "percentCoverage": 100.0,
            "datetimeFrom": {
                "utc": "2017-12-30T04:00:00Z",
                "local": "2017-12-29T20:00:00-08:00"
            },
            "datetimeTo": {
                "utc": "2017-12-30T05:00:00Z",
                "local": "2017-12-29T21:00:00-08:00"
            }
        }
    },
    {
        "value": 12.0,
        "flagInfo": {
            "hasFlags": false
        },
        "parameter": {
            "id": 2,
            "name": "pm25",
            "units": "\u00b5g/m\u00b3",
            "displayName": null
        },
        "period": {
            "label": "raw",
            "interval": "01:00:00",
            "datetimeFrom": {
                "utc": "2017-12-31T02:00:00Z",
                "local": "2017-12-30T18:00:00-08:00"
            },
            "datetimeTo": {
                "utc": "2017-12-31T03:00:00Z",
                "local": "2017-12-30T19:00:00-08:00"
            }
        },
        "coordinates": null,
        "summary": null,
        "coverage": {
            "expectedCount": 1,
            "expectedInterval": "01:00:00",
            "observedCount": 1,
            "observedInterval": "01:00:00",
            "percentComplete": 100.0,
            "percentCoverage": 100.0,
            "datetimeFrom": {
                "utc": "2017-12-31T02:00:00Z",
                "local": "2017-12-30T18:00:00-08:00"
            },
            "datetimeTo": {
                "utc": "2017-12-31T03:00:00Z",
                "local": "2017-12-30T19:00:00-08:00"
            }
        }
    },
    {
        "value": 21.0,
        "flagInfo": {
            "hasFlags": false
        },
        "parameter": {
            "id": 2,
            "name": "pm25",
            "units": "\u00b5g/m\u00b3",
            "displayName": null
        },
        "period": {
            "label": "raw",
            "interval": "01:00:00",
            "datetimeFrom": {
                "utc": "2017-12-31T20:00:00Z",
                "local": "2017-12-31T12:00:00-08:00"
            },
            "datetimeTo": {
                "utc": "2017-12-31T21:00:00Z",
                "local": "2017-12-31T13:00:00-08:00"
            }
        },
        "coordinates": null,
        "summary": null,
        "coverage": {
            "expectedCount": 1,
            "expectedInterval": "01:00:00",
            "observedCount": 1,
            "observedInterval": "01:00:00",
            "percentComplete": 100.0,
            "percentCoverage": 100.0,
            "datetimeFrom": {
                "utc": "2017-12-31T20:00:00Z",
                "local": "2017-12-31T12:00:00-08:00"
            },
            "datetimeTo": {
                "utc": "2017-12-31T21:00:00Z",
                "local": "2017-12-31T13:00:00-08:00"
            }
        }
    },
    {
        "value": 7.0,
        "flagInfo": {
            "hasFlags": false
        },
        "parameter": {
            "id": 2,
            "name": "pm25",
            "units": "\u00b5g/m\u00b3",
            "displayName": null
        },
        "period": {
            "label": "raw",
            "interval": "01:00:00",
            "datetimeFrom": {
                "utc": "2018-01-01T02:00:00Z",
                "local": "2017-12-31T18:00:00-08:00"
            },
            "datetimeTo": {
                "utc": "2018-01-01T03:00:00Z",
                "local": "2017-12-31T19:00:00-08:00"
            }
        },
        "coordinates": null,
        "summary": null,
        "coverage": {
            "expectedCount": 1,
            "expectedInterval": "01:00:00",
            "observedCount": 1,
            "observedInterval": "01:00:00",
            "percentComplete": 100.0,
            "percentCoverage": 100.0,
            "datetimeFrom": {
                "utc": "2018-01-01T02:00:00Z",
                "local": "2017-12-31T18:00:00-08:00"
            },
            "datetimeTo": {
                "utc": "2018-01-01T03:00:00Z",
                "local": "2017-12-31T19:00:00-08:00"
            }
        }
    },
    {
        "value": 8.0,
        "flagInfo": {
            "hasFlags": false
        },
        "parameter": {
            "id": 2,
            "name": "pm25",
            "units": "\u00b5g/m\u00b3",
            "displayName": null
        },
        "period": {
            "label": "raw",
            "interval": "01:00:00",
            "datetimeFrom": {
                "utc": "2018-01-01T12:00:00Z",
                "local": "2018-01-01T04:00:00-08:00"
            },
            "datetimeTo": {
                "utc": "2018-01-01T13:00:00Z",
                "local": "2018-01-01T05:00:00-08:00"
            }
        },
        "coordinates": null,
        "summary": null,
        "coverage": {
            "expectedCount": 1,
            "expectedInterval": "01:00:00",
            "observedCount": 1,
            "observedInterval": "01:00:00",
            "percentComplete": 100.0,
            "percentCoverage": 100.0,
            "datetimeFrom": {
                "utc": "2018-01-01T12:00:00Z",
                "local": "2018-01-01T04:00:00-08:00"
            },
            "datetimeTo": {
                "utc": "2018-01-01T13:00:00Z",
                "local": "2018-01-01T05:00:00-08:00"
            }
        }
    },
    {
        "value": 2.0,
        "flagInfo": {
            "hasFlags": false
        },
        "parameter": {
            "id": 2,
            "name": "pm25",
            "units": "\u00b5g/m\u00b3",
            "displayName": null
        },
        "period": {
            "label": "raw",
            "interval": "01:00:00",
            "datetimeFrom": {
                "utc": "2018-01-01T14:00:00Z",
                "local": "2018-01-01T06:00:00-08:00"
            },
            "datetimeTo": {
                "utc": "2018-01-01T15:00:00Z",
                "local": "2018-01-01T07:00:00-08:00"
            }
        },
        "coordinates": null,
        "summary": null,
        "coverage": {
            "expectedCount": 1,
            "expectedInterval": "01:00:00",
            "observedCount": 1,
            "observedInterval": "01:00:00",
            "percentComplete": 100.0,
            "percentCoverage": 100.0,
            "datetimeFrom": {
                "utc": "2018-01-01T14:00:00Z",
                "local": "2018-01-01T06:00:00-08:00"
            },
            "datetimeTo": {
                "utc": "2018-01-01T15:00:00Z",
                "local": "2018-01-01T07:00:00-08:00"
            }
        }
    },
    {
        "value": 12.0,
        "flagInfo": {
            "hasFlags": false
        },
        "parameter": {
            "id": 2,
            "name": "pm25",
            "units": "\u00b5g/m\u00b3",
            "displayName": null
        },
        "period": {
            "label": "raw",
            "interval": "01:00:00",
            "datetimeFrom": {
                "utc": "2018-01-01T17:00:00Z",
                "local": "2018-01-01T09:00:00-08:00"
            },
            "datetimeTo": {
                "utc": "2018-01-01T18:00:00Z",
                "local": "2018-01-01T10:00:00-08:00"
            }
        },
        "coordinates": null,
        "summary": null,
        "coverage": {
            "expectedCount": 1,
            "expectedInterval": "01:00:00",
            "observedCount": 1,
            "observedInterval": "01:00:00",
            "percentComplete": 100.0,
            "percentCoverage": 100.0,
            "datetimeFrom": {
                "utc": "2018-01-01T17:00:00Z",
                "local": "2018-01-01T09:00:00-08:00"
            },
            "datetimeTo": {
                "utc": "2018-01-01T18:00:00Z",
                "local": "2018-01-01T10:00:00-08:00"
            }
        }
    },
    {
        "value": 17.0,
        "flagInfo": {
            "hasFlags": false
        },
        "parameter": {
            "id": 2,
            "name": "pm25",
            "units": "\u00b5g/m\u00b3",
            "displayName": null
        },
        "period": {
            "label": "raw",
            "interval": "01:00:00",
            "datetimeFrom": {
                "utc": "2018-01-01T20:00:00Z",
                "local": "2018-01-01T12:00:00-08:00"
            },
            "datetimeTo": {
                "utc": "2018-01-01T21:00:00Z",
                "local": "2018-01-01T13:00:00-08:00"
            }
        },
        "coordinates": null,
        "summary": null,
        "coverage": {
            "expectedCount": 1,
            "expectedInterval": "01:00:00",
            "observedCount": 1,
            "observedInterval": "01:00:00",
            "percentComplete": 100.0,
            "percentCoverage": 100.0,
            "datetimeFrom": {
                "utc": "2018-01-01T20:00:00Z",
                "local": "2018-01-01T12:00:00-08:00"
            },
            "datetimeTo": {
                "utc": "2018-01-01T21:00:00Z",
                "local": "2018-01-01T13:00:00-08:00"
            }
        }
    },
    {
        "value": 17.0,
        "flagInfo": {
            "hasFlags": false
        },
        "parameter": {
            "id": 2,
            "name": "pm25",
            "units": "\u00b5g/m\u00b3",
            "displayName": null
        },
        "period": {
            "label": "raw",
            "interval": "01:00:00",
            "datetimeFrom": {
                "utc": "2018-01-01T21:00:00Z",
                "local": "2018-01-01T13:00:00-08:00"
            },
            "datetimeTo": {
                "utc": "2018-01-01T22:00:00Z",
                "local": "2018-01-01T14:00:00-08:00"
            }
        },
        "coordinates": null,
        "summary": null,
        "coverage": {
            "expectedCount": 1,
            "expectedInterval": "01:00:00",
            "observedCount": 1,
            "observedInterval": "01:00:00",
            "percentComplete": 100.0,
            "percentCoverage": 100.0,
            "datetimeFrom": {
                "utc": "2018-01-01T21:00:00Z",
                "local": "2018-01-01T13:00:00-08:00"
            },
            "datetimeTo": {
                "utc": "2018-01-01T22:00:00Z",
                "local": "2018-01-01T14:00:00-08:00"
            }
        }
    },
    {
        "value": 6.0,
        "flagInfo": {
            "hasFlags": false
        },
        "parameter": {
            "id": 2,
            "name": "pm25",
            "units": "\u00b5g/m\u00b3",
            "displayName": null
        },
        "period": {
            "label": "raw",
            "interval": "01:00:00",
            "datetimeFrom": {
                "utc": "2018-01-01T22:00:00Z",
                "local": "2018-01-01T14:00:00-08:00"
            },
            "datetimeTo": {
                "utc": "2018-01-01T23:00:00Z",
                "local": "2018-01-01T15:00:00-08:00"
            }
        },
        "coordinates": null,
        "summary": null,
        "coverage": {
            "expectedCount": 1,
            "expectedInterval": "01:00:00",
            "observedCount": 1,
            "observedInterval": "01:00:00",
            "percentComplete": 100.0,
            "percentCoverage": 100.0,
            "datetimeFrom": {
                "utc": "2018-01-01T22:00:00Z",
                "local": "2018-01-01T14:00:00-08:00"
            },
            "datetimeTo": {
                "utc": "2018-01-01T23:00:00Z",
                "local": "2018-01-01T15:00:00-08:00"
            }
        }
    },
    {
        "value": 9.0,
        "flagInfo": {
            "hasFlags": false
        },
        "parameter": {
            "id": 2,
            "name": "pm25",
            "units": "\u00b5g/m\u00b3",
            "displayName": null
        },
        "period": {
            "label": "raw",
            "interval": "01:00:00",
            "datetimeFrom": {
                "utc": "2018-01-02T05:00:00Z",
                "local": "2018-01-01T21:00:00-08:00"
            },
            "datetimeTo": {
                "utc": "2018-01-02T06:00:00Z",
                "local": "2018-01-01T22:00:00-08:00"
            }
        },
        "coordinates": null,
        "summary": null,
        "coverage": {
            "expectedCount": 1,
            "expectedInterval": "01:00:00",
            "observedCount": 1,
            "observedInterval": "01:00:00",
            "percentComplete": 100.0,
            "percentCoverage": 100.0,
            "datetimeFrom": {
                "utc": "2018-01-02T05:00:00Z",
                "local": "2018-01-01T21:00:00-08:00"
            },
            "datetimeTo": {
                "utc": "2018-01-02T06:00:00Z",
                "local": "2018-01-01T22:00:00-08:00"
            }
        }
    },
    {
        "value": 12.0,
        "flagInfo": {
            "hasFlags": false
        },
        "parameter": {
            "id": 2,
            "name": "pm25",
            "units": "\u00b5g/m\u00b3",
            "displayName": null
        },
        "period": {
            "label": "raw",
            "interval": "01:00:00",
            "datetimeFrom": {
                "utc": "2018-01-02T07:00:00Z",
                "local": "2018-01-01T23:00:00-08:00"
            },
            "datetimeTo": {
                "utc": "2018-01-02T08:00:00Z",
                "local": "2018-01-02T00:00:00-08:00"
            }
        },
        "coordinates": null,
        "summary": null,
        "coverage": {
            "expectedCount": 1,
            "expectedInterval": "01:00:00",
            "observedCount": 1,
            "observedInterval": "01:00:00",
            "percentComplete": 100.0,
            "percentCoverage": 100.0,
            "datetimeFrom": {
                "utc": "2018-01-02T07:00:00Z",
                "local": "2018-01-01T23:00:00-08:00"
            },
            "datetimeTo": {
                "utc": "2018-01-02T08:00:00Z",
                "local": "2018-01-02T00:00:00-08:00"
            }
        }
    },
    {
        "value": 41.0,
        "flagInfo": {
            "hasFlags": false
        },
        "parameter": {
            "id": 2,
            "name": "pm25",
            "units": "\u00b5g/m\u00b3",
            "displayName": null
        },
        "period": {
            "label": "raw",
            "interval": "01:00:00",
            "datetimeFrom": {
                "utc": "2018-01-02T08:00:00Z",
                "local": "2018-01-02T00:00:00-08:00"
            },
            "datetimeTo": {
                "utc": "2018-01-02T09:00:00Z",
                "local": "2018-01-02T01:00:00-08:00"
            }
        },
        "coordinates": null,
        "summary": null,
        "coverage": {
            "expectedCount": 1,
            "expectedInterval": "01:00:00",
            "observedCount": 1,
            "observedInterval": "01:00:00",
            "percentComplete": 100.0,
            "percentCoverage": 100.0,
            "datetimeFrom": {
                "utc": "2018-01-02T08:00:00Z",
                "local": "2018-01-02T00:00:00-08:00"
            },
            "datetimeTo": {
                "utc": "2018-01-02T09:00:00Z",
                "local": "2018-01-02T01:00:00-08:00"
            }
        }
    },
    {
        "value": 7.0,
        "flagInfo": {
            "hasFlags": false
        },
        "parameter": {
            "id": 2,
            "name": "pm25",
            "units": "\u00b5g/m\u00b3",
            "displayName": null
        },
        "period": {
            "label": "raw",
            "interval": "01:00:00",
            "datetimeFrom": {
                "utc": "2018-01-02T09:00:00Z",
                "local": "2018-01-02T01:00:00-08:00"
            },
            "datetimeTo": {
                "utc": "2018-01-02T10:00:00Z",
                "local": "2018-01-02T02:00:00-08:00"
            }
        },
        "coordinates": null,
        "summary": null,
        "coverage": {
            "expectedCount": 1,
            "expectedInterval": "01:00:00",
            "observedCount": 1,
            "observedInterval": "01:00:00",
            "percentComplete": 100.0,
            "percentCoverage": 100.0,
            "datetimeFrom": {
                "utc": "2018-01-02T09:00:00Z",
                "local": "2018-01-02T01:00:00-08:00"
            },
            "datetimeTo": {
                "utc": "2018-01-02T10:00:00Z",
                "local": "2018-01-02T02:00:00-08:00"
            }
        }
    },
    {
        "value": 8.0,
        "flagInfo": {
            "hasFlags": false
        },
        "parameter": {
            "id": 2,
            "name": "pm25",
            "units": "\u00b5g/m\u00b3",
            "displayName": null
        },
        "period": {
            "label": "raw",
            "interval": "01:00:00",
            "datetimeFrom": {
                "utc": "2018-01-02T12:00:00Z",
                "local": "2018-01-02T04:00:00-08:00"
            },
            "datetimeTo": {
                "utc": "2018-01-02T13:00:00Z",
                "local": "2018-01-02T05:00:00-08:00"
            }
        },
        "coordinates": null,
        "summary": null,
        "coverage": {
            "expectedCount": 1,
            "expectedInterval": "01:00:00",
            "observedCount": 1,
            "observedInterval": "01:00:00",
            "percentComplete": 100.0,
            "percentCoverage": 100.0,
            "datetimeFrom": {
                "utc": "2018-01-02T12:00:00Z",
                "local": "2018-01-02T04:00:00-08:00"
            },
            "datetimeTo": {
                "utc": "2018-01-02T13:00:00Z",
                "local": "2018-01-02T05:00:00-08:00"
            }
        }
    },
    {
        "value": 14.0,
        "flagInfo": {
            "hasFlags": false
        },
        "parameter": {
            "id": 2,
            "name": "pm25",
            "units": "\u00b5g/m\u00b3",
            "displayName": null
        },
        "period": {
            "label": "raw",
            "interval": "01:00:00",
            "datetimeFrom": {
                "utc": "2018-01-02T13:00:00Z",
                "local": "2018-01-02T05:00:00-08:00"
            },
            "datetimeTo": {
                "utc": "2018-01-02T14:00:00Z",
                "local": "2018-01-02T06:00:00-08:00"
            }
        },
        "coordinates": null,
        "summary": null,
        "coverage": {
            "expectedCount": 1,
            "expectedInterval": "01:00:00",
            "observedCount": 1,
            "observedInterval": "01:00:00",
            "percentComplete": 100.0,
            "percentCoverage": 100.0,
            "datetimeFrom": {
                "utc": "2018-01-02T13:00:00Z",
                "local": "2018-01-02T05:00:00-08:00"
            },
            "datetimeTo": {
                "utc": "2018-01-02T14:00:00Z",
                "local": "2018-01-02T06:00:00-08:00"
            }
        }
    },
    {
        "value": 10.0,
        "flagInfo": {
            "hasFlags": false
        },
        "parameter": {
            "id": 2,
            "name": "pm25",
            "units": "\u00b5g/m\u00b3",
            "displayName": null
        },
        "period": {
            "label": "raw",
            "interval": "01:00:00",
            "datetimeFrom": {
                "utc": "2018-01-02T19:00:00Z",
                "local": "2018-01-02T11:00:00-08:00"
            },
            "datetimeTo": {
                "utc": "2018-01-02T20:00:00Z",
                "local": "2018-01-02T12:00:00-08:00"
            }
        },
        "coordinates": null,
        "summary": null,
        "coverage": {
            "expectedCount": 1,
            "expectedInterval": "01:00:00",
            "observedCount": 1,
            "observedInterval": "01:00:00",
            "percentComplete": 100.0,
            "percentCoverage": 100.0,
            "datetimeFrom": {
                "utc": "2018-01-02T19:00:00Z",
                "local": "2018-01-02T11:00:00-08:00"
            },
            "datetimeTo": {
                "utc": "2018-01-02T20:00:00Z",
                "local": "2018-01-02T12:00:00-08:00"
            }
        }
    },
    {
        "value": 18.0,
        "flagInfo": {
            "hasFlags": false
        },
        "parameter": {
            "id": 2,
            "name": "pm25",
            "units": "\u00b5g/m\u00b3",
            "displayName": null
        },
        "period": {
            "label": "raw",
            "interval": "01:00:00",
            "datetimeFrom": {
                "utc": "2018-01-02T23:00:00Z",
                "local": "2018-01-02T15:00:00-08:00"
            },
            "datetimeTo": {
                "utc": "2018-01-03T00:00:00Z",
                "local": "2018-01-02T16:00:00-08:00"
            }
        },
        "coordinates": null,
        "summary": null,
        "coverage": {
            "expectedCount": 1,
            "expectedInterval": "01:00:00",
            "observedCount": 1,
            "observedInterval": "01:00:00",
            "percentComplete": 100.0,
            "percentCoverage": 100.0,
            "datetimeFrom": {
                "utc": "2018-01-02T23:00:00Z",
                "local": "2018-01-02T15:00:00-08:00"
            },
            "datetimeTo": {
                "utc": "2018-01-03T00:00:00Z",
                "local": "2018-01-02T16:00:00-08:00"
            }
        }
    },
    {
        "value": 8.0,
        "flagInfo": {
            "hasFlags": false
        },
        "parameter": {
            "id": 2,
            "name": "pm25",
            "units": "\u00b5g/m\u00b3",
            "displayName": null
        },
        "period": {
            "label": "raw",
            "interval": "01:00:00",
            "datetimeFrom": {
                "utc": "2018-01-03T01:00:00Z",
                "local": "2018-01-02T17:00:00-08:00"
            },
            "datetimeTo": {
                "utc": "2018-01-03T02:00:00Z",
                "local": "2018-01-02T18:00:00-08:00"
            }
        },
        "coordinates": null,
        "summary": null,
        "coverage": {
            "expectedCount": 1,
            "expectedInterval": "01:00:00",
            "observedCount": 1,
            "observedInterval": "01:00:00",
            "percentComplete": 100.0,
            "percentCoverage": 100.0,
            "datetimeFrom": {
                "utc": "2018-01-03T01:00:00Z",
                "local": "2018-01-02T17:00:00-08:00"
            },
            "datetimeTo": {
                "utc": "2018-01-03T02:00:00Z",
                "local": "2018-01-02T18:00:00-08:00"
            }
        }
    },
    {
        "value": 14.0,
        "flagInfo": {
            "hasFlags": false
        },
        "parameter": {
            "id": 2,
            "name": "pm25",
            "units": "\u00b5g/m\u00b3",
            "displayName": null
        },
        "period": {
            "label": "raw",
            "interval": "01:00:00",
            "datetimeFrom": {
                "utc": "2018-01-03T03:00:00Z",
                "local": "2018-01-02T19:00:00-08:00"
            },
            "datetimeTo": {
                "utc": "2018-01-03T04:00:00Z",
                "local": "2018-01-02T20:00:00-08:00"
            }
        },
        "coordinates": null,
        "summary": null,
        "coverage": {
            "expectedCount": 1,
            "expectedInterval": "01:00:00",
            "observedCount": 1,
            "observedInterval": "01:00:00",
            "percentComplete": 100.0,
            "percentCoverage": 100.0,
            "datetimeFrom": {
                "utc": "2018-01-03T03:00:00Z",
                "local": "2018-01-02T19:00:00-08:00"
            },
            "datetimeTo": {
                "utc": "2018-01-03T04:00:00Z",
                "local": "2018-01-02T20:00:00-08:00"
            }
        }
    },
    {
        "value": 11.0,
        "flagInfo": {
            "hasFlags": false
        },
        "parameter": {
            "id": 2,
            "name": "pm25",
            "units": "\u00b5g/m\u00b3",
            "displayName": null
        },
        "period": {
            "label": "raw",
            "interval": "01:00:00",
            "datetimeFrom": {
                "utc": "2018-01-03T08:00:00Z",
                "local": "2018-01-03T00:00:00-08:00"
            },
            "datetimeTo": {
                "utc": "2018-01-03T09:00:00Z",
                "local": "2018-01-03T01:00:00-08:00"
            }
        },
        "coordinates": null,
        "summary": null,
        "coverage": {
            "expectedCount": 1,
            "expectedInterval": "01:00:00",
            "observedCount": 1,
            "observedInterval": "01:00:00",
            "percentComplete": 100.0,
            "percentCoverage": 100.0,
            "datetimeFrom": {
                "utc": "2018-01-03T08:00:00Z",
                "local": "2018-01-03T00:00:00-08:00"
            },
            "datetimeTo": {
                "utc": "2018-01-03T09:00:00Z",
                "local": "2018-01-03T01:00:00-08:00"
            }
        }
    },
    {
        "value": 7.0,
        "flagInfo": {
            "hasFlags": false
        },
        "parameter": {
            "id": 2,
            "name": "pm25",
            "units": "\u00b5g/m\u00b3",
            "displayName": null
        },
        "period": {
            "label": "raw",
            "interval": "01:00:00",
            "datetimeFrom": {
                "utc": "2018-01-03T09:00:00Z",
                "local": "2018-01-03T01:00:00-08:00"
            },
            "datetimeTo": {
                "utc": "2018-01-03T10:00:00Z",
                "local": "2018-01-03T02:00:00-08:00"
            }
        },
        "coordinates": null,
        "summary": null,
        "coverage": {
            "expectedCount": 1,
            "expectedInterval": "01:00:00",
            "observedCount": 1,
            "observedInterval": "01:00:00",
            "percentComplete": 100.0,
            "percentCoverage": 100.0,
            "datetimeFrom": {
                "utc": "2018-01-03T09:00:00Z",
                "local": "2018-01-03T01:00:00-08:00"
            },
            "datetimeTo": {
                "utc": "2018-01-03T10:00:00Z",
                "local": "2018-01-03T02:00:00-08:00"
            }
        }
    },
    {
        "value": 15.0,
        "flagInfo": {
            "hasFlags": false
        },
        "parameter": {
            "id": 2,
            "name": "pm25",
            "units": "\u00b5g/m\u00b3",
            "displayName": null
        },
        "period": {
            "label": "raw",
            "interval": "01:00:00",
            "datetimeFrom": {
                "utc": "2018-01-03T10:00:00Z",
                "local": "2018-01-03T02:00:00-08:00"
            },
            "datetimeTo": {
                "utc": "2018-01-03T11:00:00Z",
                "local": "2018-01-03T03:00:00-08:00"
            }
        },
        "coordinates": null,
        "summary": null,
        "coverage": {
            "expectedCount": 1,
            "expectedInterval": "01:00:00",
            "observedCount": 1,
            "observedInterval": "01:00:00",
            "percentComplete": 100.0,
            "percentCoverage": 100.0,
            "datetimeFrom": {
                "utc": "2018-01-03T10:00:00Z",
                "local": "2018-01-03T02:00:00-08:00"
            },
            "datetimeTo": {
                "utc": "2018-01-03T11:00:00Z",
                "local": "2018-01-03T03:00:00-08:00"
            }
        }
    },
    {
        "value": 12.0,
        "flagInfo": {
            "hasFlags": false
        },
        "parameter": {
            "id": 2,
            "name": "pm25",
            "units": "\u00b5g/m\u00b3",
            "displayName": null
        },
        "period": {
            "label": "raw",
            "interval": "01:00:00",
            "datetimeFrom": {
                "utc": "2018-01-03T11:00:00Z",
                "local": "2018-01-03T03:00:00-08:00"
            },
            "datetimeTo": {
                "utc": "2018-01-03T12:00:00Z",
                "local": "2018-01-03T04:00:00-08:00"
            }
        },
        "coordinates": null,
        "summary": null,
        "coverage": {
            "expectedCount": 1,
            "expectedInterval": "01:00:00",
            "observedCount": 1,
            "observedInterval": "01:00:00",
            "percentComplete": 100.0,
            "percentCoverage": 100.0,
            "datetimeFrom": {
                "utc": "2018-01-03T11:00:00Z",
                "local": "2018-01-03T03:00:00-08:00"
            },
            "datetimeTo": {
                "utc": "2018-01-03T12:00:00Z",
                "local": "2018-01-03T04:00:00-08:00"
            }
        }
    },
    {
        "value": 3.0,
        "flagInfo": {
            "hasFlags": false
        },
        "parameter": {
            "id": 2,
            "name": "pm25",
            "units": "\u00b5g/m\u00b3",
            "displayName": null
        },
        "period": {
            "label": "raw",
            "interval": "01:00:00",
            "datetimeFrom": {
                "utc": "2018-01-03T14:00:00Z",
                "local": "2018-01-03T06:00:00-08:00"
            },
            "datetimeTo": {
                "utc": "2018-01-03T15:00:00Z",
                "local": "2018-01-03T07:00:00-08:00"
            }
        },
        "coordinates": null,
        "summary": null,
        "coverage": {
            "expectedCount": 1,
            "expectedInterval": "01:00:00",
            "observedCount": 1,
            "observedInterval": "01:00:00",
            "percentComplete": 100.0,
            "percentCoverage": 100.0,
            "datetimeFrom": {
                "utc": "2018-01-03T14:00:00Z",
                "local": "2018-01-03T06:00:00-08:00"
            },
            "datetimeTo": {
                "utc": "2018-01-03T15:00:00Z",
                "local": "2018-01-03T07:00:00-08:00"
            }
        }
    },
    {
        "value": 8.0,
        "flagInfo": {
            "hasFlags": false
        },
        "parameter": {
            "id": 2,
            "name": "pm25",
            "units": "\u00b5g/m\u00b3",
            "displayName": null
        },
        "period": {
            "label": "raw",
            "interval": "01:00:00",
            "datetimeFrom": {
                "utc": "2018-01-03T15:00:00Z",
                "local": "2018-01-03T07:00:00-08:00"
            },
            "datetimeTo": {
                "utc": "2018-01-03T16:00:00Z",
                "local": "2018-01-03T08:00:00-08:00"
            }
        },
        "coordinates": null,
        "summary": null,
        "coverage": {
            "expectedCount": 1,
            "expectedInterval": "01:00:00",
            "observedCount": 1,
            "observedInterval": "01:00:00",
            "percentComplete": 100.0,
            "percentCoverage": 100.0,
            "datetimeFrom": {
                "utc": "2018-01-03T15:00:00Z",
                "local": "2018-01-03T07:00:00-08:00"
            },
            "datetimeTo": {
                "utc": "2018-01-03T16:00:00Z",
                "local": "2018-01-03T08:00:00-08:00"
            }
        }
    },
    {
        "value": 17.0,
        "flagInfo": {
            "hasFlags": false
        },
        "parameter": {
            "id": 2,
            "name": "pm25",
            "units": "\u00b5g/m\u00b3",
            "displayName": null
        },
        "period": {
            "label": "raw",
            "interval": "01:00:00",
            "datetimeFrom": {
                "utc": "2018-01-03T16:00:00Z",
                "local": "2018-01-03T08:00:00-08:00"
            },
            "datetimeTo": {
                "utc": "2018-01-03T17:00:00Z",
                "local": "2018-01-03T09:00:00-08:00"
            }
        },
        "coordinates": null,
        "summary": null,
        "coverage": {
            "expectedCount": 1,
            "expectedInterval": "01:00:00",
            "observedCount": 1,
            "observedInterval": "01:00:00",
            "percentComplete": 100.0,
            "percentCoverage": 100.0,
            "datetimeFrom": {
                "utc": "2018-01-03T16:00:00Z",
                "local": "2018-01-03T08:00:00-08:00"
            },
            "datetimeTo": {
                "utc": "2018-01-03T17:00:00Z",
                "local": "2018-01-03T09:00:00-08:00"
            }
        }
    },
    {
        "value": 31.0,
        "flagInfo": {
            "hasFlags": false
        },
        "parameter": {
            "id": 2,
            "name": "pm25",
            "units": "\u00b5g/m\u00b3",
            "displayName": null
        },
        "period": {
            "label": "raw",
            "interval": "01:00:00",
            "datetimeFrom": {
                "utc": "2018-01-03T18:00:00Z",
                "local": "2018-01-03T10:00:00-08:00"
            },
            "datetimeTo": {
                "utc": "2018-01-03T19:00:00Z",
                "local": "2018-01-03T11:00:00-08:00"
            }
        },
        "coordinates": null,
        "summary": null,
        "coverage": {
            "expectedCount": 1,
            "expectedInterval": "01:00:00",
            "observedCount": 1,
            "observedInterval": "01:00:00",
            "percentComplete": 100.0,
            "percentCoverage": 100.0,
            "datetimeFrom": {
                "utc": "2018-01-03T18:00:00Z",
                "local": "2018-01-03T10:00:00-08:00"
            },
            "datetimeTo": {
                "utc": "2018-01-03T19:00:00Z",
                "local": "2018-01-03T11:00:00-08:00"
            }
        }
    },
    {
        "value": 1.0,
        "flagInfo": {
            "hasFlags": false
        },
        "parameter": {
            "id": 2,
            "name": "pm25",
            "units": "\u00b5g/m\u00b3",
            "displayName": null
        },
        "period": {
            "label": "raw",
            "interval": "01:00:00",
            "datetimeFrom": {
                "utc": "2018-01-03T23:00:00Z",
                "local": "2018-01-03T15:00:00-08:00"
            },
            "datetimeTo": {
                "utc": "2018-01-04T00:00:00Z",
                "local": "2018-01-03T16:00:00-08:00"
            }
        },
        "coordinates": null,
        "summary": null,
        "coverage": {
            "expectedCount": 1,
            "expectedInterval": "01:00:00",
            "observedCount": 1,
            "observedInterval": "01:00:00",
            "percentComplete": 100.0,
            "percentCoverage": 100.0,
            "datetimeFrom": {
                "utc": "2018-01-03T23:00:00Z",
                "local": "2018-01-03T15:00:00-08:00"
            },
            "datetimeTo": {
                "utc": "2018-01-04T00:00:00Z",
                "local": "2018-01-03T16:00:00-08:00"
            }
        }
    },
    {
        "value": 8.0,
        "flagInfo": {
            "hasFlags": false
        },
        "parameter": {
            "id": 2,
            "name": "pm25",
            "units": "\u00b5g/m\u00b3",
            "displayName": null
        },
        "period": {
            "label": "raw",
            "interval": "01:00:00",
            "datetimeFrom": {
                "utc": "2018-01-04T04:00:00Z",
                "local": "2018-01-03T20:00:00-08:00"
            },
            "datetimeTo": {
                "utc": "2018-01-04T05:00:00Z",
                "local": "2018-01-03T21:00:00-08:00"
            }
        },
        "coordinates": null,
        "summary": null,
        "coverage": {
            "expectedCount": 1,
            "expectedInterval": "01:00:00",
            "observedCount": 1,
            "observedInterval": "01:00:00",
            "percentComplete": 100.0,
            "percentCoverage": 100.0,
            "datetimeFrom": {
                "utc": "2018-01-04T04:00:00Z",
                "local": "2018-01-03T20:00:00-08:00"
            },
            "datetimeTo": {
                "utc": "2018-01-04T05:00:00Z",
                "local": "2018-01-03T21:00:00-08:00"
            }
        }
    },
    {
        "value": 19.0,
        "flagInfo": {
            "hasFlags": false
        },
        "parameter": {
            "id": 2,
            "name": "pm25",
            "units": "\u00b5g/m\u00b3",
            "displayName": null
        },
        "period": {
            "label": "raw",
            "interval": "01:00:00",
            "datetimeFrom": {
                "utc": "2018-01-04T05:00:00Z",
                "local": "2018-01-03T21:00:00-08:00"
            },
            "datetimeTo": {
                "utc": "2018-01-04T06:00:00Z",
                "local": "2018-01-03T22:00:00-08:00"
            }
        },
        "coordinates": null,
        "summary": null,
        "coverage": {
            "expectedCount": 1,
            "expectedInterval": "01:00:00",
            "observedCount": 1,
            "observedInterval": "01:00:00",
            "percentComplete": 100.0,
            "percentCoverage": 100.0,
            "datetimeFrom": {
                "utc": "2018-01-04T05:00:00Z",
                "local": "2018-01-03T21:00:00-08:00"
            },
            "datetimeTo": {
                "utc": "2018-01-04T06:00:00Z",
                "local": "2018-01-03T22:00:00-08:00"
            }
        }
    },
    {
        "value": 15.0,
        "flagInfo": {
            "hasFlags": false
        },
        "parameter": {
            "id": 2,
            "name": "pm25",
            "units": "\u00b5g/m\u00b3",
            "displayName": null
        },
        "period": {
            "label": "raw",
            "interval": "01:00:00",
            "datetimeFrom": {
                "utc": "2018-01-04T08:00:00Z",
                "local": "2018-01-04T00:00:00-08:00"
            },
            "datetimeTo": {
                "utc": "2018-01-04T09:00:00Z",
                "local": "2018-01-04T01:00:00-08:00"
            }
        },
        "coordinates": null,
        "summary": null,
        "coverage": {
            "expectedCount": 1,
            "expectedInterval": "01:00:00",
            "observedCount": 1,
            "observedInterval": "01:00:00",
            "percentComplete": 100.0,
            "percentCoverage": 100.0,
            "datetimeFrom": {
                "utc": "2018-01-04T08:00:00Z",
                "local": "2018-01-04T00:00:00-08:00"
            },
            "datetimeTo": {
                "utc": "2018-01-04T09:00:00Z",
                "local": "2018-01-04T01:00:00-08:00"
            }
        }
    },
    {
        "value": 10.0,
        "flagInfo": {
            "hasFlags": false
        },
        "parameter": {
            "id": 2,
            "name": "pm25",
            "units": "\u00b5g/m\u00b3",
            "displayName": null
        },
        "period": {
            "label": "raw",
            "interval": "01:00:00",
            "datetimeFrom": {
                "utc": "2018-01-04T09:00:00Z",
                "local": "2018-01-04T01:00:00-08:00"
            },
            "datetimeTo": {
                "utc": "2018-01-04T10:00:00Z",
                "local": "2018-01-04T02:00:00-08:00"
            }
        },
        "coordinates": null,
        "summary": null,
        "coverage": {
            "expectedCount": 1,
            "expectedInterval": "01:00:00",
            "observedCount": 1,
            "observedInterval": "01:00:00",
            "percentComplete": 100.0,
            "percentCoverage": 100.0,
            "datetimeFrom": {
                "utc": "2018-01-04T09:00:00Z",
                "local": "2018-01-04T01:00:00-08:00"
            },
            "datetimeTo": {
                "utc": "2018-01-04T10:00:00Z",
                "local": "2018-01-04T02:00:00-08:00"
            }
        }
    },
    {
        "value": 12.0,
        "flagInfo": {
            "hasFlags": false
        },
        "parameter": {
            "id": 2,
            "name": "pm25",
            "units": "\u00b5g/m\u00b3",
            "displayName": null
        },
        "period": {
            "label": "raw",
            "interval": "01:00:00",
            "datetimeFrom": {
                "utc": "2018-01-04T10:00:00Z",
                "local": "2018-01-04T02:00:00-08:00"
            },
            "datetimeTo": {
                "utc": "2018-01-04T11:00:00Z",
                "local": "2018-01-04T03:00:00-08:00"
            }
        },
        "coordinates": null,
        "summary": null,
        "coverage": {
            "expectedCount": 1,
            "expectedInterval": "01:00:00",
            "observedCount": 1,
            "observedInterval": "01:00:00",
            "percentComplete": 100.0,
            "percentCoverage": 100.0,
            "datetimeFrom": {
                "utc": "2018-01-04T10:00:00Z",
                "local": "2018-01-04T02:00:00-08:00"
            },
            "datetimeTo": {
                "utc": "2018-01-04T11:00:00Z",
                "local": "2018-01-04T03:00:00-08:00"
            }
        }
    },
    {
        "value": 13.0,
        "flagInfo": {
            "hasFlags": false
        },
        "parameter": {
            "id": 2,
            "name": "pm25",
            "units": "\u00b5g/m\u00b3",
            "displayName": null
        },
        "period": {
            "label": "raw",
            "interval": "01:00:00",
            "datetimeFrom": {
                "utc": "2018-01-04T12:00:00Z",
                "local": "2018-01-04T04:00:00-08:00"
            },
            "datetimeTo": {
                "utc": "2018-01-04T13:00:00Z",
                "local": "2018-01-04T05:00:00-08:00"
            }
        },
        "coordinates": null,
        "summary": null,
        "coverage": {
            "expectedCount": 1,
            "expectedInterval": "01:00:00",
            "observedCount": 1,
            "observedInterval": "01:00:00",
            "percentComplete": 100.0,
            "percentCoverage": 100.0,
            "datetimeFrom": {
                "utc": "2018-01-04T12:00:00Z",
                "local": "2018-01-04T04:00:00-08:00"
            },
            "datetimeTo": {
                "utc": "2018-01-04T13:00:00Z",
                "local": "2018-01-04T05:00:00-08:00"
            }
        }
    },
    {
        "value": 9.0,
        "flagInfo": {
            "hasFlags": false
        },
        "parameter": {
            "id": 2,
            "name": "pm25",
            "units": "\u00b5g/m\u00b3",
            "displayName": null
        },
        "period": {
            "label": "raw",
            "interval": "01:00:00",
            "datetimeFrom": {
                "utc": "2018-01-04T13:00:00Z",
                "local": "2018-01-04T05:00:00-08:00"
            },
            "datetimeTo": {
                "utc": "2018-01-04T14:00:00Z",
                "local": "2018-01-04T06:00:00-08:00"
            }
        },
        "coordinates": null,
        "summary": null,
        "coverage": {
            "expectedCount": 1,
            "expectedInterval": "01:00:00",
            "observedCount": 1,
            "observedInterval": "01:00:00",
            "percentComplete": 100.0,
            "percentCoverage": 100.0,
            "datetimeFrom": {
                "utc": "2018-01-04T13:00:00Z",
                "local": "2018-01-04T05:00:00-08:00"
            },
            "datetimeTo": {
                "utc": "2018-01-04T14:00:00Z",
                "local": "2018-01-04T06:00:00-08:00"
            }
        }
    },
    {
        "value": 7.0,
        "flagInfo": {
            "hasFlags": false
        },
        "parameter": {
            "id": 2,
            "name": "pm25",
            "units": "\u00b5g/m\u00b3",
            "displayName": null
        },
        "period": {
            "label": "raw",
            "interval": "01:00:00",
            "datetimeFrom": {
                "utc": "2018-01-04T18:00:00Z",
                "local": "2018-01-04T10:00:00-08:00"
            },
            "datetimeTo": {
                "utc": "2018-01-04T19:00:00Z",
                "local": "2018-01-04T11:00:00-08:00"
            }
        },
        "coordinates": null,
        "summary": null,
        "coverage": {
            "expectedCount": 1,
            "expectedInterval": "01:00:00",
            "observedCount": 1,
            "observedInterval": "01:00:00",
            "percentComplete": 100.0,
            "percentCoverage": 100.0,
            "datetimeFrom": {
                "utc": "2018-01-04T18:00:00Z",
                "local": "2018-01-04T10:00:00-08:00"
            },
            "datetimeTo": {
                "utc": "2018-01-04T19:00:00Z",
                "local": "2018-01-04T11:00:00-08:00"
            }
        }
    },
    {
        "value": 8.0,
        "flagInfo": {
            "hasFlags": false
        },
        "parameter": {
            "id": 2,
            "name": "pm25",
            "units": "\u00b5g/m\u00b3",
            "displayName": null
        },
        "period": {
            "label": "raw",
            "interval": "01:00:00",
            "datetimeFrom": {
                "utc": "2018-01-04T20:00:00Z",
                "local": "2018-01-04T12:00:00-08:00"
            },
            "datetimeTo": {
                "utc": "2018-01-04T21:00:00Z",
                "local": "2018-01-04T13:00:00-08:00"
            }
        },
        "coordinates": null,
        "summary": null,
        "coverage": {
            "expectedCount": 1,
            "expectedInterval": "01:00:00",
            "observedCount": 1,
            "observedInterval": "01:00:00",
            "percentComplete": 100.0,
            "percentCoverage": 100.0,
            "datetimeFrom": {
                "utc": "2018-01-04T20:00:00Z",
                "local": "2018-01-04T12:00:00-08:00"
            },
            "datetimeTo": {
                "utc": "2018-01-04T21:00:00Z",
                "local": "2018-01-04T13:00:00-08:00"
            }
        }
    },
    {
        "value": 5.0,
        "flagInfo": {
            "hasFlags": false
        },
        "parameter": {
            "id": 2,
            "name": "pm25",
            "units": "\u00b5g/m\u00b3",
            "displayName": null
        },
        "period": {
            "label": "raw",
            "interval": "01:00:00",
            "datetimeFrom": {
                "utc": "2018-01-04T21:00:00Z",
                "local": "2018-01-04T13:00:00-08:00"
            },
            "datetimeTo": {
                "utc": "2018-01-04T22:00:00Z",
                "local": "2018-01-04T14:00:00-08:00"
            }
        },
        "coordinates": null,
        "summary": null,
        "coverage": {
            "expectedCount": 1,
            "expectedInterval": "01:00:00",
            "observedCount": 1,
            "observedInterval": "01:00:00",
            "percentComplete": 100.0,
            "percentCoverage": 100.0,
            "datetimeFrom": {
                "utc": "2018-01-04T21:00:00Z",
                "local": "2018-01-04T13:00:00-08:00"
            },
            "datetimeTo": {
                "utc": "2018-01-04T22:00:00Z",
                "local": "2018-01-04T14:00:00-08:00"
            }
        }
    },
    {
        "value": 22.0,
        "flagInfo": {
            "hasFlags": false
        },
        "parameter": {
            "id": 2,
            "name": "pm25",
            "units": "\u00b5g/m\u00b3",
            "displayName": null
        },
        "period": {
            "label": "raw",
            "interval": "01:00:00",
            "datetimeFrom": {
                "utc": "2018-01-05T00:00:00Z",
                "local": "2018-01-04T16:00:00-08:00"
            },
            "datetimeTo": {
                "utc": "2018-01-05T01:00:00Z",
                "local": "2018-01-04T17:00:00-08:00"
            }
        },
        "coordinates": null,
        "summary": null,
        "coverage": {
            "expectedCount": 1,
            "expectedInterval": "01:00:00",
            "observedCount": 1,
            "observedInterval": "01:00:00",
            "percentComplete": 100.0,
            "percentCoverage": 100.0,
            "datetimeFrom": {
                "utc": "2018-01-05T00:00:00Z",
                "local": "2018-01-04T16:00:00-08:00"
            },
            "datetimeTo": {
                "utc": "2018-01-05T01:00:00Z",
                "local": "2018-01-04T17:00:00-08:00"
            }
        }
    },
    {
        "value": 8.0,
        "flagInfo": {
            "hasFlags": false
        },
        "parameter": {
            "id": 2,
            "name": "pm25",
            "units": "\u00b5g/m\u00b3",
            "displayName": null
        },
        "period": {
            "label": "raw",
            "interval": "01:00:00",
            "datetimeFrom": {
                "utc": "2018-01-05T02:00:00Z",
                "local": "2018-01-04T18:00:00-08:00"
            },
            "datetimeTo": {
                "utc": "2018-01-05T03:00:00Z",
                "local": "2018-01-04T19:00:00-08:00"
            }
        },
        "coordinates": null,
        "summary": null,
        "coverage": {
            "expectedCount": 1,
            "expectedInterval": "01:00:00",
            "observedCount": 1,
            "observedInterval": "01:00:00",
            "percentComplete": 100.0,
            "percentCoverage": 100.0,
            "datetimeFrom": {
                "utc": "2018-01-05T02:00:00Z",
                "local": "2018-01-04T18:00:00-08:00"
            },
            "datetimeTo": {
                "utc": "2018-01-05T03:00:00Z",
                "local": "2018-01-04T19:00:00-08:00"
            }
        }
    },
    {
        "value": 11.0,
        "flagInfo": {
            "hasFlags": false
        },
        "parameter": {
            "id": 2,
            "name": "pm25",
            "units": "\u00b5g/m\u00b3",
            "displayName": null
        },
        "period": {
            "label": "raw",
            "interval": "01:00:00",
            "datetimeFrom": {
                "utc": "2018-01-05T03:00:00Z",
                "local": "2018-01-04T19:00:00-08:00"
            },
            "datetimeTo": {
                "utc": "2018-01-05T04:00:00Z",
                "local": "2018-01-04T20:00:00-08:00"
            }
        },
        "coordinates": null,
        "summary": null,
        "coverage": {
            "expectedCount": 1,
            "expectedInterval": "01:00:00",
            "observedCount": 1,
            "observedInterval": "01:00:00",
            "percentComplete": 100.0,
            "percentCoverage": 100.0,
            "datetimeFrom": {
                "utc": "2018-01-05T03:00:00Z",
                "local": "2018-01-04T19:00:00-08:00"
            },
            "datetimeTo": {
                "utc": "2018-01-05T04:00:00Z",
                "local": "2018-01-04T20:00:00-08:00"
            }
        }
    },
    {
        "value": 19.0,
        "flagInfo": {
            "hasFlags": false
        },
        "parameter": {
            "id": 2,
            "name": "pm25",
            "units": "\u00b5g/m\u00b3",
            "displayName": null
        },
        "period": {
            "label": "raw",
            "interval": "01:00:00",
            "datetimeFrom": {
                "utc": "2018-01-05T06:00:00Z",
                "local": "2018-01-04T22:00:00-08:00"
            },
            "datetimeTo": {
                "utc": "2018-01-05T07:00:00Z",
                "local": "2018-01-04T23:00:00-08:00"
            }
        },
        "coordinates": null,
        "summary": null,
        "coverage": {
            "expectedCount": 1,
            "expectedInterval": "01:00:00",
            "observedCount": 1,
            "observedInterval": "01:00:00",
            "percentComplete": 100.0,
            "percentCoverage": 100.0,
            "datetimeFrom": {
                "utc": "2018-01-05T06:00:00Z",
                "local": "2018-01-04T22:00:00-08:00"
            },
            "datetimeTo": {
                "utc": "2018-01-05T07:00:00Z",
                "local": "2018-01-04T23:00:00-08:00"
            }
        }
    },
    {
        "value": 10.0,
        "flagInfo": {
            "hasFlags": false
        },
        "parameter": {
            "id": 2,
            "name": "pm25",
            "units": "\u00b5g/m\u00b3",
            "displayName": null
        },
        "period": {
            "label": "raw",
            "interval": "01:00:00",
            "datetimeFrom": {
                "utc": "2018-01-05T08:00:00Z",
                "local": "2018-01-05T00:00:00-08:00"
            },
            "datetimeTo": {
                "utc": "2018-01-05T09:00:00Z",
                "local": "2018-01-05T01:00:00-08:00"
            }
        },
        "coordinates": null,
        "summary": null,
        "coverage": {
            "expectedCount": 1,
            "expectedInterval": "01:00:00",
            "observedCount": 1,
            "observedInterval": "01:00:00",
            "percentComplete": 100.0,
            "percentCoverage": 100.0,
            "datetimeFrom": {
                "utc": "2018-01-05T08:00:00Z",
                "local": "2018-01-05T00:00:00-08:00"
            },
            "datetimeTo": {
                "utc": "2018-01-05T09:00:00Z",
                "local": "2018-01-05T01:00:00-08:00"
            }
        }
    },
    {
        "value": 14.0,
        "flagInfo": {
            "hasFlags": false
        },
        "parameter": {
            "id": 2,
            "name": "pm25",
            "units": "\u00b5g/m\u00b3",
            "displayName": null
        },
        "period": {
            "label": "raw",
            "interval": "01:00:00",
            "datetimeFrom": {
                "utc": "2018-01-05T11:00:00Z",
                "local": "2018-01-05T03:00:00-08:00"
            },
            "datetimeTo": {
                "utc": "2018-01-05T12:00:00Z",
                "local": "2018-01-05T04:00:00-08:00"
            }
        },
        "coordinates": null,
        "summary": null,
        "coverage": {
            "expectedCount": 1,
            "expectedInterval": "01:00:00",
            "observedCount": 1,
            "observedInterval": "01:00:00",
            "percentComplete": 100.0,
            "percentCoverage": 100.0,
            "datetimeFrom": {
                "utc": "2018-01-05T11:00:00Z",
                "local": "2018-01-05T03:00:00-08:00"
            },
            "datetimeTo": {
                "utc": "2018-01-05T12:00:00Z",
                "local": "2018-01-05T04:00:00-08:00"
            }
        }
    },
    {
        "value": 12.0,
        "flagInfo": {
            "hasFlags": false
        },
        "parameter": {
            "id": 2,
            "name": "pm25",
            "units": "\u00b5g/m\u00b3",
            "displayName": null
        },
        "period": {
            "label": "raw",
            "interval": "01:00:00",
            "datetimeFrom": {
                "utc": "2018-01-05T12:00:00Z",
                "local": "2018-01-05T04:00:00-08:00"
            },
            "datetimeTo": {
                "utc": "2018-01-05T13:00:00Z",
                "local": "2018-01-05T05:00:00-08:00"
            }
        },
        "coordinates": null,
        "summary": null,
        "coverage": {
            "expectedCount": 1,
            "expectedInterval": "01:00:00",
            "observedCount": 1,
            "observedInterval": "01:00:00",
            "percentComplete": 100.0,
            "percentCoverage": 100.0,
            "datetimeFrom": {
                "utc": "2018-01-05T12:00:00Z",
                "local": "2018-01-05T04:00:00-08:00"
            },
            "datetimeTo": {
                "utc": "2018-01-05T13:00:00Z",
                "local": "2018-01-05T05:00:00-08:00"
            }
        }
    },
    {
        "value": 9.0,
        "flagInfo": {
            "hasFlags": false
        },
        "parameter": {
            "id": 2,
            "name": "pm25",
            "units": "\u00b5g/m\u00b3",
            "displayName": null
        },
        "period": {
            "label": "raw",
            "interval": "01:00:00",
            "datetimeFrom": {
                "utc": "2018-01-05T13:00:00Z",
                "local": "2018-01-05T05:00:00-08:00"
            },
            "datetimeTo": {
                "utc": "2018-01-05T14:00:00Z",
                "local": "2018-01-05T06:00:00-08:00"
            }
        },
        "coordinates": null,
        "summary": null,
        "coverage": {
            "expectedCount": 1,
            "expectedInterval": "01:00:00",
            "observedCount": 1,
            "observedInterval": "01:00:00",
            "percentComplete": 100.0,
            "percentCoverage": 100.0,
            "datetimeFrom": {
                "utc": "2018-01-05T13:00:00Z",
                "local": "2018-01-05T05:00:00-08:00"
            },
            "datetimeTo": {
                "utc": "2018-01-05T14:00:00Z",
                "local": "2018-01-05T06:00:00-08:00"
            }
        }
    },
    {
        "value": 4.0,
        "flagInfo": {
            "hasFlags": false
        },
        "parameter": {
            "id": 2,
            "name": "pm25",
            "units": "\u00b5g/m\u00b3",
            "displayName": null
        },
        "period": {
            "label": "raw",
            "interval": "01:00:00",
            "datetimeFrom": {
                "utc": "2018-01-05T14:00:00Z",
                "local": "2018-01-05T06:00:00-08:00"
            },
            "datetimeTo": {
                "utc": "2018-01-05T15:00:00Z",
                "local": "2018-01-05T07:00:00-08:00"
            }
        },
        "coordinates": null,
        "summary": null,
        "coverage": {
            "expectedCount": 1,
            "expectedInterval": "01:00:00",
            "observedCount": 1,
            "observedInterval": "01:00:00",
            "percentComplete": 100.0,
            "percentCoverage": 100.0,
            "datetimeFrom": {
                "utc": "2018-01-05T14:00:00Z",
                "local": "2018-01-05T06:00:00-08:00"
            },
            "datetimeTo": {
                "utc": "2018-01-05T15:00:00Z",
                "local": "2018-01-05T07:00:00-08:00"
            }
        }
    },
    {
        "value": 6.0,
        "flagInfo": {
            "hasFlags": false
        },
        "parameter": {
            "id": 2,
            "name": "pm25",
            "units": "\u00b5g/m\u00b3",
            "displayName": null
        },
        "period": {
            "label": "raw",
            "interval": "01:00:00",
            "datetimeFrom": {
                "utc": "2018-01-05T16:00:00Z",
                "local": "2018-01-05T08:00:00-08:00"
            },
            "datetimeTo": {
                "utc": "2018-01-05T17:00:00Z",
                "local": "2018-01-05T09:00:00-08:00"
            }
        },
        "coordinates": null,
        "summary": null,
        "coverage": {
            "expectedCount": 1,
            "expectedInterval": "01:00:00",
            "observedCount": 1,
            "observedInterval": "01:00:00",
            "percentComplete": 100.0,
            "percentCoverage": 100.0,
            "datetimeFrom": {
                "utc": "2018-01-05T16:00:00Z",
                "local": "2018-01-05T08:00:00-08:00"
            },
            "datetimeTo": {
                "utc": "2018-01-05T17:00:00Z",
                "local": "2018-01-05T09:00:00-08:00"
            }
        }
    },
    {
        "value": 14.0,
        "flagInfo": {
            "hasFlags": false
        },
        "parameter": {
            "id": 2,
            "name": "pm25",
            "units": "\u00b5g/m\u00b3",
            "displayName": null
        },
        "period": {
            "label": "raw",
            "interval": "01:00:00",
            "datetimeFrom": {
                "utc": "2018-01-05T18:00:00Z",
                "local": "2018-01-05T10:00:00-08:00"
            },
            "datetimeTo": {
                "utc": "2018-01-05T19:00:00Z",
                "local": "2018-01-05T11:00:00-08:00"
            }
        },
        "coordinates": null,
        "summary": null,
        "coverage": {
            "expectedCount": 1,
            "expectedInterval": "01:00:00",
            "observedCount": 1,
            "observedInterval": "01:00:00",
            "percentComplete": 100.0,
            "percentCoverage": 100.0,
            "datetimeFrom": {
                "utc": "2018-01-05T18:00:00Z",
                "local": "2018-01-05T10:00:00-08:00"
            },
            "datetimeTo": {
                "utc": "2018-01-05T19:00:00Z",
                "local": "2018-01-05T11:00:00-08:00"
            }
        }
    },
    {
        "value": 6.0,
        "flagInfo": {
            "hasFlags": false
        },
        "parameter": {
            "id": 2,
            "name": "pm25",
            "units": "\u00b5g/m\u00b3",
            "displayName": null
        },
        "period": {
            "label": "raw",
            "interval": "01:00:00",
            "datetimeFrom": {
                "utc": "2018-01-05T19:00:00Z",
                "local": "2018-01-05T11:00:00-08:00"
            },
            "datetimeTo": {
                "utc": "2018-01-05T20:00:00Z",
                "local": "2018-01-05T12:00:00-08:00"
            }
        },
        "coordinates": null,
        "summary": null,
        "coverage": {
            "expectedCount": 1,
            "expectedInterval": "01:00:00",
            "observedCount": 1,
            "observedInterval": "01:00:00",
            "percentComplete": 100.0,
            "percentCoverage": 100.0,
            "datetimeFrom": {
                "utc": "2018-01-05T19:00:00Z",
                "local": "2018-01-05T11:00:00-08:00"
            },
            "datetimeTo": {
                "utc": "2018-01-05T20:00:00Z",
                "local": "2018-01-05T12:00:00-08:00"
            }
        }
    },
    {
        "value": 4.0,
        "flagInfo": {
            "hasFlags": false
        },
        "parameter": {
            "id": 2,
            "name": "pm25",
            "units": "\u00b5g/m\u00b3",
            "displayName": null
        },
        "period": {
            "label": "raw",
            "interval": "01:00:00",
            "datetimeFrom": {
                "utc": "2018-01-05T20:00:00Z",
                "local": "2018-01-05T12:00:00-08:00"
            },
            "datetimeTo": {
                "utc": "2018-01-05T21:00:00Z",
                "local": "2018-01-05T13:00:00-08:00"
            }
        },
        "coordinates": null,
        "summary": null,
        "coverage": {
            "expectedCount": 1,
            "expectedInterval": "01:00:00",
            "observedCount": 1,
            "observedInterval": "01:00:00",
            "percentComplete": 100.0,
            "percentCoverage": 100.0,
            "datetimeFrom": {
                "utc": "2018-01-05T20:00:00Z",
                "local": "2018-01-05T12:00:00-08:00"
            },
            "datetimeTo": {
                "utc": "2018-01-05T21:00:00Z",
                "local": "2018-01-05T13:00:00-08:00"
            }
        }
    },
    {
        "value": 24.0,
        "flagInfo": {
            "hasFlags": false
        },
        "parameter": {
            "id": 2,
            "name": "pm25",
            "units": "\u00b5g/m\u00b3",
            "displayName": null
        },
        "period": {
            "label": "raw",
            "interval": "01:00:00",
            "datetimeFrom": {
                "utc": "2019-10-31T02:00:00Z",
                "local": "2019-10-30T19:00:00-07:00"
            },
            "datetimeTo": {
                "utc": "2019-10-31T03:00:00Z",
                "local": "2019-10-30T20:00:00-07:00"
            }
        },
        "coordinates": null,
        "summary": null,
        "coverage": {
            "expectedCount": 1,
            "expectedInterval": "01:00:00",
            "observedCount": 1,
            "observedInterval": "01:00:00",
            "percentComplete": 100.0,
            "percentCoverage": 100.0,
            "datetimeFrom": {
                "utc": "2019-10-31T02:00:00Z",
                "local": "2019-10-30T19:00:00-07:00"
            },
            "datetimeTo": {
                "utc": "2019-10-31T03:00:00Z",
                "local": "2019-10-30T20:00:00-07:00"
            }
        }
    },
    {
        "value": -2.0,
        "flagInfo": {
            "hasFlags": false
        },
        "parameter": {
            "id": 2,
            "name": "pm25",
            "units": "\u00b5g/m\u00b3",
            "displayName": null
        },
        "period": {
            "label": "raw",
            "interval": "01:00:00",
            "datetimeFrom": {
                "utc": "2019-10-31T03:00:00Z",
                "local": "2019-10-30T20:00:00-07:00"
            },
            "datetimeTo": {
                "utc": "2019-10-31T04:00:00Z",
                "local": "2019-10-30T21:00:00-07:00"
            }
        },
        "coordinates": null,
        "summary": null,
        "coverage": {
            "expectedCount": 1,
            "expectedInterval": "01:00:00",
            "observedCount": 1,
            "observedInterval": "01:00:00",
            "percentComplete": 100.0,
            "percentCoverage": 100.0,
            "datetimeFrom": {
                "utc": "2019-10-31T03:00:00Z",
                "local": "2019-10-30T20:00:00-07:00"
            },
            "datetimeTo": {
                "utc": "2019-10-31T04:00:00Z",
                "local": "2019-10-30T21:00:00-07:00"
            }
        }
    },
    {
        "value": 1.0,
        "flagInfo": {
            "hasFlags": false
        },
        "parameter": {
            "id": 2,
            "name": "pm25",
            "units": "\u00b5g/m\u00b3",
            "displayName": null
        },
        "period": {
            "label": "raw",
            "interval": "01:00:00",
            "datetimeFrom": {
                "utc": "2019-10-31T20:00:00Z",
                "local": "2019-10-31T13:00:00-07:00"
            },
            "datetimeTo": {
                "utc": "2019-10-31T21:00:00Z",
                "local": "2019-10-31T14:00:00-07:00"
            }
        },
        "coordinates": null,
        "summary": null,
        "coverage": {
            "expectedCount": 1,
            "expectedInterval": "01:00:00",
            "observedCount": 1,
            "observedInterval": "01:00:00",
            "percentComplete": 100.0,
            "percentCoverage": 100.0,
            "datetimeFrom": {
                "utc": "2019-10-31T20:00:00Z",
                "local": "2019-10-31T13:00:00-07:00"
            },
            "datetimeTo": {
                "utc": "2019-10-31T21:00:00Z",
                "local": "2019-10-31T14:00:00-07:00"
            }
        }
    },
    {
        "value": 8.0,
        "flagInfo": {
            "hasFlags": false
        },
        "parameter": {
            "id": 2,
            "name": "pm25",
            "units": "\u00b5g/m\u00b3",
            "displayName": null
        },
        "period": {
            "label": "raw",
            "interval": "01:00:00",
            "datetimeFrom": {
                "utc": "2019-10-31T21:00:00Z",
                "local": "2019-10-31T14:00:00-07:00"
            },
            "datetimeTo": {
                "utc": "2019-10-31T22:00:00Z",
                "local": "2019-10-31T15:00:00-07:00"
            }
        },
        "coordinates": null,
        "summary": null,
        "coverage": {
            "expectedCount": 1,
            "expectedInterval": "01:00:00",
            "observedCount": 1,
            "observedInterval": "01:00:00",
            "percentComplete": 100.0,
            "percentCoverage": 100.0,
            "datetimeFrom": {
                "utc": "2019-10-31T21:00:00Z",
                "local": "2019-10-31T14:00:00-07:00"
            },
            "datetimeTo": {
                "utc": "2019-10-31T22:00:00Z",
                "local": "2019-10-31T15:00:00-07:00"
            }
        }
    },
    {
        "value": 7.0,
        "flagInfo": {
            "hasFlags": false
        },
        "parameter": {
            "id": 2,
            "name": "pm25",
            "units": "\u00b5g/m\u00b3",
            "displayName": null
        },
        "period": {
            "label": "raw",
            "interval": "01:00:00",
            "datetimeFrom": {
                "utc": "2019-10-31T22:00:00Z",
                "local": "2019-10-31T15:00:00-07:00"
            },
            "datetimeTo": {
                "utc": "2019-10-31T23:00:00Z",
                "local": "2019-10-31T16:00:00-07:00"
            }
        },
        "coordinates": null,
        "summary": null,
        "coverage": {
            "expectedCount": 1,
            "expectedInterval": "01:00:00",
            "observedCount": 1,
            "observedInterval": "01:00:00",
            "percentComplete": 100.0,
            "percentCoverage": 100.0,
            "datetimeFrom": {
                "utc": "2019-10-31T22:00:00Z",
                "local": "2019-10-31T15:00:00-07:00"
            },
            "datetimeTo": {
                "utc": "2019-10-31T23:00:00Z",
                "local": "2019-10-31T16:00:00-07:00"
            }
        }
    }
]