[
    {
        "value": 3.0,
        "flagInfo": {
            "hasFlags": false
        },
        "parameter": {
            "id": 2,
            "name": "pm25",
            "units": "\u00b5g/m\u00b3",
            "displayName": null
        },
        "period": {
            "label": "raw",
            "interval": "01:00:00",
            "datetimeFrom": {
                "utc": "2018-09-17T18:00:00Z",
                "local": "2018-09-17T11:00:00-07:00"
            },
            "datetimeTo": {
                "utc": "2018-09-17T19:00:00Z",
                "local": "2018-09-17T12:00:00-07:00"
            }
        },
        "coordinates": null,
        "summary": null,
        "coverage": {
            "expectedCount": 1,
            "expectedInterval": "01:00:00",
            "observedCount": 1,
            "observedInterval": "01:00:00",
            "percentComplete": 100.0,
            "percentCoverage": 100.0,
            "datetimeFrom": {
                "utc": "2018-09-17T18:00:00Z",
                "local": "2018-09-17T11:00:00-07:00"
            },
            "datetimeTo": {
                "utc": "2018-09-17T19:00:00Z",
                "local": "2018-09-17T12:00:00-07:00"
            }
        }
    },
    {
        "value": 2.0,
        "flagInfo": {
            "hasFlags": false
        },
        "parameter": {
            "id": 2,
            "name": "pm25",
            "units": "\u00b5g/m\u00b3",
            "displayName": null
        },
        "period": {
            "label": "raw",
            "interval": "01:00:00",
            "datetimeFrom": {
                "utc": "2018-09-17T19:00:00Z",
                "local": "2018-09-17T12:00:00-07:00"
            },
            "datetimeTo": {
                "utc": "2018-09-17T20:00:00Z",
                "local": "2018-09-17T13:00:00-07:00"
            }
        },
        "coordinates": null,
        "summary": null,
        "coverage": {
            "expectedCount": 1,
            "expectedInterval": "01:00:00",
            "observedCount": 1,
            "observedInterval": "01:00:00",
            "percentComplete": 100.0,
            "percentCoverage": 100.0,
            "datetimeFrom": {
                "utc": "2018-09-17T19:00:00Z",
                "local": "2018-09-17T12:00:00-07:00"
            },
            "datetimeTo": {
                "utc": "2018-09-17T20:00:00Z",
                "local": "2018-09-17T13:00:00-07:00"
            }
        }
    },
    {
        "value": 9.0,
        "flagInfo": {
            "hasFlags": false
        },
        "parameter": {
            "id": 2,
            "name": "pm25",
            "units": "\u00b5g/m\u00b3",
            "displayName": null
        },
        "period": {
            "label": "raw",
            "interval": "01:00:00",
            "datetimeFrom": {
                "utc": "2018-09-17T20:00:00Z",
                "local": "2018-09-17T13:00:00-07:00"
            },
            "datetimeTo": {
                "utc": "2018-09-17T21:00:00Z",
                "local": "2018-09-17T14:00:00-07:00"
            }
        },
        "coordinates": null,
        "summary": null,
        "coverage": {
            "expectedCount": 1,
            "expectedInterval": "01:00:00",
            "observedCount": 1,
            "observedInterval": "01:00:00",
            "percentComplete": 100.0,
            "percentCoverage": 100.0,
            "datetimeFrom": {
                "utc": "2018-09-17T20:00:00Z",
                "local": "2018-09-17T13:00:00-07:00"
            },
            "datetimeTo": {
                "utc": "2018-09-17T21:00:00Z",
                "local": "2018-09-17T14:00:00-07:00"
            }
        }
    },
    {
        "value": 1.0,
        "flagInfo": {
            "hasFlags": false
        },
        "parameter": {
            "id": 2,
            "name": "pm25",
            "units": "\u00b5g/m\u00b3",
            "displayName": null
        },
        "period": {
            "label": "raw",
            "interval": "01:00:00",
            "datetimeFrom": {
                "utc": "2018-09-17T21:00:00Z",
                "local": "2018-09-17T14:00:00-07:00"
            },
            "datetimeTo": {
                "utc": "2018-09-17T22:00:00Z",
                "local": "2018-09-17T15:00:00-07:00"
            }
        },
        "coordinates": null,
        "summary": null,
        "coverage": {
            "expectedCount": 1,
            "expectedInterval": "01:00:00",
            "observedCount": 1,
            "observedInterval": "01:00:00",
            "percentComplete": 100.0,
            "percentCoverage": 100.0,
            "datetimeFrom": {
                "utc": "2018-09-17T21:00:00Z",
                "local": "2018-09-17T14:00:00-07:00"
            },
            "datetimeTo": {
                "utc": "2018-09-17T22:00:00Z",
                "local": "2018-09-17T15:00:00-07:00"
            }
        }
    },
    {
        "value": 16.0,
        "flagInfo": {
            "hasFlags": false
        },
        "parameter": {
            "id": 2,
            "name": "pm25",
            "units": "\u00b5g/m\u00b3",
            "displayName": null
        },
        "period": {
            "label": "raw",
            "interval": "01:00:00",
            "datetimeFrom": {
                "utc": "2018-09-17T22:00:00Z",
                "local": "2018-09-17T15:00:00-07:00"
            },
            "datetimeTo": {
                "utc": "2018-09-17T23:00:00Z",
                "local": "2018-09-17T16:00:00-07:00"
            }
        },
        "coordinates": null,
        "summary": null,
        "coverage": {
            "expectedCount": 1,
            "expectedInterval": "01:00:00",
            "observedCount": 1,
            "observedInterval": "01:00:00",
            "percentComplete": 100.0,
            "percentCoverage": 100.0,
            "datetimeFrom": {
                "utc": "2018-09-17T22:00:00Z",
                "local": "2018-09-17T15:00:00-07:00"
            },
            "datetimeTo": {
                "utc": "2018-09-17T23:00:00Z",
                "local": "2018-09-17T16:00:00-07:00"
            }
        }
    },
    {
        "value": -2.0,
        "flagInfo": {
            "hasFlags": false
        },
        "parameter": {
            "id": 2,
            "name": "pm25",
            "units": "\u00b5g/m\u00b3",
            "displayName": null
        },
        "period": {
            "label": "raw",
            "interval": "01:00:00",
            "datetimeFrom": {
                "utc": "2018-09-17T23:00:00Z",
                "local": "2018-09-17T16:00:00-07:00"
            },
            "datetimeTo": {
                "utc": "2018-09-18T00:00:00Z",
                "local": "2018-09-17T17:00:00-07:00"
            }
        },
        "coordinates": null,
        "summary": null,
        "coverage": {
            "expectedCount": 1,
            "expectedInterval": "01:00:00",
            "observedCount": 1,
            "observedInterval": "01:00:00",
            "percentComplete": 100.0,
            "percentCoverage": 100.0,
            "datetimeFrom": {
                "utc": "2018-09-17T23:00:00Z",
                "local": "2018-09-17T16:00:00-07:00"
            },
            "datetimeTo": {
                "utc": "2018-09-18T00:00:00Z",
                "local": "2018-09-17T17:00:00-07:00"
            }
        }
    },
    {
        "value": 1.0,
        "flagInfo": {
            "hasFlags": false
        },
        "parameter": {
            "id": 2,
            "name": "pm25",
            "units": "\u00b5g/m\u00b3",
            "displayName": null
        },
        "period": {
            "label": "raw",
            "interval": "01:00:00",
            "datetimeFrom": {
                "utc": "2018-09-18T00:00:00Z",
                "local": "2018-09-17T17:00:00-07:00"
            },
            "datetimeTo": {
                "utc": "2018-09-18T01:00:00Z",
                "local": "2018-09-17T18:00:00-07:00"
            }
        },
        "coordinates": null,
        "summary": null,
        "coverage": {
            "expectedCount": 1,
            "expectedInterval": "01:00:00",
            "observedCount": 1,
            "observedInterval": "01:00:00",
            "percentComplete": 100.0,
            "percentCoverage": 100.0,
            "datetimeFrom": {
                "utc": "2018-09-18T00:00:00Z",
                "local": "2018-09-17T17:00:00-07:00"
            },
            "datetimeTo": {
                "utc": "2018-09-18T01:00:00Z",
                "local": "2018-09-17T18:00:00-07:00"
            }
        }
    },
    {
        "value": 2.0,
        "flagInfo": {
            "hasFlags": false
        },
        "parameter": {
            "id": 2,
            "name": "pm25",
            "units": "\u00b5g/m\u00b3",
            "displayName": null
        },
        "period": {
            "label": "raw",
            "interval": "01:00:00",
            "datetimeFrom": {
                "utc": "2018-09-18T01:00:00Z",
                "local": "2018-09-17T18:00:00-07:00"
            },
            "datetimeTo": {
                "utc": "2018-09-18T02:00:00Z",
                "local": "2018-09-17T19:00:00-07:00"
            }
        },
        "coordinates": null,
        "summary": null,
        "coverage": {
            "expectedCount": 1,
            "expectedInterval": "01:00:00",
            "observedCount": 1,
            "observedInterval": "01:00:00",
            "percentComplete": 100.0,
            "percentCoverage": 100.0,
            "datetimeFrom": {
                "utc": "2018-09-18T01:00:00Z",
                "local": "2018-09-17T18:00:00-07:00"
            },
            "datetimeTo": {
                "utc": "2018-09-18T02:00:00Z",
                "local": "2018-09-17T19:00:00-07:00"
            }
        }
    },
    {
        "value": 6.0,
        "flagInfo": {
            "hasFlags": false
        },
        "parameter": {
            "id": 2,
            "name": "pm25",
            "units": "\u00b5g/m\u00b3",
            "displayName": null
        },
        "period": {
            "label": "raw",
            "interval": "01:00:00",
            "datetimeFrom": {
                "utc": "2018-09-18T02:00:00Z",
                "local": "2018-09-17T19:00:00-07:00"
            },
            "datetimeTo": {
                "utc": "2018-09-18T03:00:00Z",
                "local": "2018-09-17T20:00:00-07:00"
            }
        },
        "coordinates": null,
        "summary": null,
        "coverage": {
            "expectedCount": 1,
            "expectedInterval": "01:00:00",
            "observedCount": 1,
            "observedInterval": "01:00:00",
            "percentComplete": 100.0,
            "percentCoverage": 100.0,
            "datetimeFrom": {
                "utc": "2018-09-18T02:00:00Z",
                "local": "2018-09-17T19:00:00-07:00"
            },
            "datetimeTo": {
                "utc": "2018-09-18T03:00:00Z",
                "local": "2018-09-17T20:00:00-07:00"
            }
        }
    },
    {
        "value": 5.0,
        "flagInfo": {
            "hasFlags": false
        },
        "parameter": {
            "id": 2,
            "name": "pm25",
            "units": "\u00b5g/m\u00b3",
            "displayName": null
        },
        "period": {
            "label": "raw",
            "interval": "01:00:00",
            "datetimeFrom": {
                "utc": "2018-09-18T03:00:00Z",
                "local": "2018-09-17T20:00:00-07:00"
            },
            "datetimeTo": {
                "utc": "2018-09-18T04:00:00Z",
                "local": "2018-09-17T21:00:00-07:00"
            }
        },
        "coordinates": null,
        "summary": null,
        "coverage": {
            "expectedCount": 1,
            "expectedInterval": "01:00:00",
            "observedCount": 1,
            "observedInterval": "01:00:00",
            "percentComplete": 100.0,
            "percentCoverage": 100.0,
            "datetimeFrom": {
                "utc": "2018-09-18T03:00:00Z",
                "local": "2018-09-17T20:00:00-07:00"
            },
            "datetimeTo": {
                "utc": "2018-09-18T04:00:00Z",
                "local": "2018-09-17T21:00:00-07:00"
            }
        }
    },
    {
        "value": 3.0,
        "flagInfo": {
            "hasFlags": false
        },
        "parameter": {
            "id": 2,
            "name": "pm25",
            "units": "\u00b5g/m\u00b3",
            "displayName": null
        },
        "period": {
            "label": "raw",
            "interval": "01:00:00",
            "datetimeFrom": {
                "utc": "2018-09-18T04:00:00Z",
                "local": "2018-09-17T21:00:00-07:00"
            },
            "datetimeTo": {
                "utc": "2018-09-18T05:00:00Z",
                "local": "2018-09-17T22:00:00-07:00"
            }
        },
        "coordinates": null,
        "summary": null,
        "coverage": {
            "expectedCount": 1,
            "expectedInterval": "01:00:00",
            "observedCount": 1,
            "observedInterval": "01:00:00",
            "percentComplete": 100.0,
            "percentCoverage": 100.0,
            "datetimeFrom": {
                "utc": "2018-09-18T04:00:00Z",
                "local": "2018-09-17T21:00:00-07:00"
            },
            "datetimeTo": {
                "utc": "2018-09-18T05:00:00Z",
                "local": "2018-09-17T22:00:00-07:00"
            }
        }
    },
    {
        "value": 10.0,
        "flagInfo": {
            "hasFlags": false
        },
        "parameter": {
            "id": 2,
            "name": "pm25",
            "units": "\u00b5g/m\u00b3",
            "displayName": null
        },
        "period": {
            "label": "raw",
            "interval": "01:00:00",
            "datetimeFrom": {
                "utc": "2018-09-18T05:00:00Z",
                "local": "2018-09-17T22:00:00-07:00"
            },
            "datetimeTo": {
                "utc": "2018-09-18T06:00:00Z",
                "local": "2018-09-17T23:00:00-07:00"
            }
        },
        "coordinates": null,
        "summary": null,
        "coverage": {
            "expectedCount": 1,
            "expectedInterval": "01:00:00",
            "observedCount": 1,
            "observedInterval": "01:00:00",
            "percentComplete": 100.0,
            "percentCoverage": 100.0,
            "datetimeFrom": {
                "utc": "2018-09-18T05:00:00Z",
                "local": "2018-09-17T22:00:00-07:00"
            },
            "datetimeTo": {
                "utc": "2018-09-18T06:00:00Z",
                "local": "2018-09-17T23:00:00-07:00"
            }
        }
    }
]