[
    {
        "value": 0.0,
        "flagInfo": {
            "hasFlags": false
        },
        "parameter": {
            "id": 2,
            "name": "pm25",
            "units": "\u00b5g/m\u00b3",
            "displayName": null
        },
        "period": {
            "label": "raw",
            "interval": "01:00:00",
            "datetimeFrom": {
                "utc": "2016-06-24T23:00:00Z",
                "local": "2016-06-24T16:00:00-07:00"
            },
            "datetimeTo": {
                "utc": "2016-06-25T00:00:00Z",
                "local": "2016-06-24T17:00:00-07:00"
            }
        },
        "coordinates": null,
        "summary": null,
        "coverage": {
            "expectedCount": 1,
            "expectedInterval": "01:00:00",
            "observedCount": 1,
            "observedInterval": "01:00:00",
            "percentComplete": 100.0,
            "percentCoverage": 100.0,
            "datetimeFrom": {
                "utc": "2016-06-24T23:00:00Z",
                "local": "2016-06-24T16:00:00-07:00"
            },
            "datetimeTo": {
                "utc": "2016-06-25T00:00:00Z",
                "local": "2016-06-24T17:00:00-07:00"
            }
        }
    }
]