[
    {
        "value": 2.0,
        "flagInfo": {
            "hasFlags": false
        },
        "parameter": {
            "id": 2,
            "name": "pm25",
            "units": "\u00b5g/m\u00b3",
            "displayName": null
        },
        "period": {
            "label": "raw",
            "interval": "01:00:00",
            "datetimeFrom": {
                "utc": "2018-08-26T18:00:00Z",
                "local": "2018-08-26T11:00:00-07:00"
            },
            "datetimeTo": {
                "utc": "2018-08-26T19:00:00Z",
                "local": "2018-08-26T12:00:00-07:00"
            }
        },
        "coordinates": null,
        "summary": null,
        "coverage": {
            "expectedCount": 1,
            "expectedInterval": "01:00:00",
            "observedCount": 1,
            "observedInterval": "01:00:00",
            "percentComplete": 100.0,
            "percentCoverage": 100.0,
            "datetimeFrom": {
                "utc": "2018-08-26T18:00:00Z",
                "local": "2018-08-26T11:00:00-07:00"
            },
            "datetimeTo": {
                "utc": "2018-08-26T19:00:00Z",
                "local": "2018-08-26T12:00:00-07:00"
            }
        }
    },
    {
        "value": 6.0,
        "flagInfo": {
            "hasFlags": false
        },
        "parameter": {
            "id": 2,
            "name": "pm25",
            "units": "\u00b5g/m\u00b3",
            "displayName": null
        },
        "period": {
            "label": "raw",
            "interval": "01:00:00",
            "datetimeFrom": {
                "utc": "2018-08-26T19:00:00Z",
                "local": "2018-08-26T12:00:00-07:00"
            },
            "datetimeTo": {
                "utc": "2018-08-26T20:00:00Z",
                "local": "2018-08-26T13:00:00-07:00"
            }
        },
        "coordinates": null,
        "summary": null,
        "coverage": {
            "expectedCount": 1,
            "expectedInterval": "01:00:00",
            "observedCount": 1,
            "observedInterval": "01:00:00",
            "percentComplete": 100.0,
            "percentCoverage": 100.0,
            "datetimeFrom": {
                "utc": "2018-08-26T19:00:00Z",
                "local": "2018-08-26T12:00:00-07:00"
            },
            "datetimeTo": {
                "utc": "2018-08-26T20:00:00Z",
                "local": "2018-08-26T13:00:00-07:00"
            }
        }
    },
    {
        "value": 12.0,
        "flagInfo": {
            "hasFlags": false
        },
        "parameter": {
            "id": 2,
            "name": "pm25",
            "units": "\u00b5g/m\u00b3",
            "displayName": null
        },
        "period": {
            "label": "raw",
            "interval": "01:00:00",
            "datetimeFrom": {
                "utc": "2018-08-26T20:00:00Z",
                "local": "2018-08-26T13:00:00-07:00"
            },
            "datetimeTo": {
                "utc": "2018-08-26T21:00:00Z",
                "local": "2018-08-26T14:00:00-07:00"
            }
        },
        "coordinates": null,
        "summary": null,
        "coverage": {
            "expectedCount": 1,
            "expectedInterval": "01:00:00",
            "observedCount": 1,
            "observedInterval": "01:00:00",
            "percentComplete": 100.0,
            "percentCoverage": 100.0,
            "datetimeFrom": {
                "utc": "2018-08-26T20:00:00Z",
                "local": "2018-08-26T13:00:00-07:00"
            },
            "datetimeTo": {
                "utc": "2018-08-26T21:00:00Z",
                "local": "2018-08-26T14:00:00-07:00"
            }
        }
    },
    {
        "value": 8.0,
        "flagInfo": {
            "hasFlags": false
        },
        "parameter": {
            "id": 2,
            "name": "pm25",
            "units": "\u00b5g/m\u00b3",
            "displayName": null
        },
        "period": {
            "label": "raw",
            "interval": "01:00:00",
            "datetimeFrom": {
                "utc": "2018-08-26T21:00:00Z",
                "local": "2018-08-26T14:00:00-07:00"
            },
            "datetimeTo": {
                "utc": "2018-08-26T22:00:00Z",
                "local": "2018-08-26T15:00:00-07:00"
            }
        },
        "coordinates": null,
        "summary": null,
        "coverage": {
            "expectedCount": 1,
            "expectedInterval": "01:00:00",
            "observedCount": 1,
            "observedInterval": "01:00:00",
            "percentComplete": 100.0,
            "percentCoverage": 100.0,
            "datetimeFrom": {
                "utc": "2018-08-26T21:00:00Z",
                "local": "2018-08-26T14:00:00-07:00"
            },
            "datetimeTo": {
                "utc": "2018-08-26T22:00:00Z",
                "local": "2018-08-26T15:00:00-07:00"
            }
        }
    },
    {
        "value": 23.0,
        "flagInfo": {
            "hasFlags": false
        },
        "parameter": {
            "id": 2,
            "name": "pm25",
            "units": "\u00b5g/m\u00b3",
            "displayName": null
        },
        "period": {
            "label": "raw",
            "interval": "01:00:00",
            "datetimeFrom": {
                "utc": "2018-08-26T22:00:00Z",
                "local": "2018-08-26T15:00:00-07:00"
            },
            "datetimeTo": {
                "utc": "2018-08-26T23:00:00Z",
                "local": "2018-08-26T16:00:00-07:00"
            }
        },
        "coordinates": null,
        "summary": null,
        "coverage": {
            "expectedCount": 1,
            "expectedInterval": "01:00:00",
            "observedCount": 1,
            "observedInterval": "01:00:00",
            "percentComplete": 100.0,
            "percentCoverage": 100.0,
            "datetimeFrom": {
                "utc": "2018-08-26T22:00:00Z",
                "local": "2018-08-26T15:00:00-07:00"
            },
            "datetimeTo": {
                "utc": "2018-08-26T23:00:00Z",
                "local": "2018-08-26T16:00:00-07:00"
            }
        }
    },
    {
        "value": 15.0,
        "flagInfo": {
            "hasFlags": false
        },
        "parameter": {
            "id": 2,
            "name": "pm25",
            "units": "\u00b5g/m\u00b3",
            "displayName": null
        },
        "period": {
            "label": "raw",
            "interval": "01:00:00",
            "datetimeFrom": {
                "utc": "2018-08-26T23:00:00Z",
                "local": "2018-08-26T16:00:00-07:00"
            },
            "datetimeTo": {
                "utc": "2018-08-27T00:00:00Z",
                "local": "2018-08-26T17:00:00-07:00"
            }
        },
        "coordinates": null,
        "summary": null,
        "coverage": {
            "expectedCount": 1,
            "expectedInterval": "01:00:00",
            "observedCount": 1,
            "observedInterval": "01:00:00",
            "percentComplete": 100.0,
            "percentCoverage": 100.0,
            "datetimeFrom": {
                "utc": "2018-08-26T23:00:00Z",
                "local": "2018-08-26T16:00:00-07:00"
            },
            "datetimeTo": {
                "utc": "2018-08-27T00:00:00Z",
                "local": "2018-08-26T17:00:00-07:00"
            }
        }
    },
    {
        "value": 19.0,
        "flagInfo": {
            "hasFlags": false
        },
        "parameter": {
            "id": 2,
            "name": "pm25",
            "units": "\u00b5g/m\u00b3",
            "displayName": null
        },
        "period": {
            "label": "raw",
            "interval": "01:00:00",
            "datetimeFrom": {
                "utc": "2018-08-27T00:00:00Z",
                "local": "2018-08-26T17:00:00-07:00"
            },
            "datetimeTo": {
                "utc": "2018-08-27T01:00:00Z",
                "local": "2018-08-26T18:00:00-07:00"
            }
        },
        "coordinates": null,
        "summary": null,
        "coverage": {
            "expectedCount": 1,
            "expectedInterval": "01:00:00",
            "observedCount": 1,
            "observedInterval": "01:00:00",
            "percentComplete": 100.0,
            "percentCoverage": 100.0,
            "datetimeFrom": {
                "utc": "2018-08-27T00:00:00Z",
                "local": "2018-08-26T17:00:00-07:00"
            },
            "datetimeTo": {
                "utc": "2018-08-27T01:00:00Z",
                "local": "2018-08-26T18:00:00-07:00"
            }
        }
    },
    {
        "value": 21.0,
        "flagInfo": {
            "hasFlags": false
        },
        "parameter": {
            "id": 2,
            "name": "pm25",
            "units": "\u00b5g/m\u00b3",
            "displayName": null
        },
        "period": {
            "label": "raw",
            "interval": "01:00:00",
            "datetimeFrom": {
                "utc": "2018-08-27T01:00:00Z",
                "local": "2018-08-26T18:00:00-07:00"
            },
            "datetimeTo": {
                "utc": "2018-08-27T02:00:00Z",
                "local": "2018-08-26T19:00:00-07:00"
            }
        },
        "coordinates": null,
        "summary": null,
        "coverage": {
            "expectedCount": 1,
            "expectedInterval": "01:00:00",
            "observedCount": 1,
            "observedInterval": "01:00:00",
            "percentComplete": 100.0,
            "percentCoverage": 100.0,
            "datetimeFrom": {
                "utc": "2018-08-27T01:00:00Z",
                "local": "2018-08-26T18:00:00-07:00"
            },
            "datetimeTo": {
                "utc": "2018-08-27T02:00:00Z",
                "local": "2018-08-26T19:00:00-07:00"
            }
        }
    },
    {
        "value": 20.0,
        "flagInfo": {
            "hasFlags": false
        },
        "parameter": {
            "id": 2,
            "name": "pm25",
            "units": "\u00b5g/m\u00b3",
            "displayName": null
        },
        "period": {
            "label": "raw",
            "interval": "01:00:00",
            "datetimeFrom": {
                "utc": "2018-08-27T02:00:00Z",
                "local": "2018-08-26T19:00:00-07:00"
            },
            "datetimeTo": {
                "utc": "2018-08-27T03:00:00Z",
                "local": "2018-08-26T20:00:00-07:00"
            }
        },
        "coordinates": null,
        "summary": null,
        "coverage": {
            "expectedCount": 1,
            "expectedInterval": "01:00:00",
            "observedCount": 1,
            "observedInterval": "01:00:00",
            "percentComplete": 100.0,
            "percentCoverage": 100.0,
            "datetimeFrom": {
                "utc": "2018-08-27T02:00:00Z",
                "local": "2018-08-26T19:00:00-07:00"
            },
            "datetimeTo": {
                "utc": "2018-08-27T03:00:00Z",
                "local": "2018-08-26T20:00:00-07:00"
            }
        }
    },
    {
        "value": 18.0,
        "flagInfo": {
            "hasFlags": false
        },
        "parameter": {
            "id": 2,
            "name": "pm25",
            "units": "\u00b5g/m\u00b3",
            "displayName": null
        },
        "period": {
            "label": "raw",
            "interval": "01:00:00",
            "datetimeFrom": {
                "utc": "2018-08-27T03:00:00Z",
                "local": "2018-08-26T20:00:00-07:00"
            },
            "datetimeTo": {
                "utc": "2018-08-27T04:00:00Z",
                "local": "2018-08-26T21:00:00-07:00"
            }
        },
        "coordinates": null,
        "summary": null,
        "coverage": {
            "expectedCount": 1,
            "expectedInterval": "01:00:00",
            "observedCount": 1,
            "observedInterval": "01:00:00",
            "percentComplete": 100.0,
            "percentCoverage": 100.0,
            "datetimeFrom": {
                "utc": "2018-08-27T03:00:00Z",
                "local": "2018-08-26T20:00:00-07:00"
            },
            "datetimeTo": {
                "utc": "2018-08-27T04:00:00Z",
                "local": "2018-08-26T21:00:00-07:00"
            }
        }
    },
    {
        "value": 13.0,
        "flagInfo": {
            "hasFlags": false
        },
        "parameter": {
            "id": 2,
            "name": "pm25",
            "units": "\u00b5g/m\u00b3",
            "displayName": null
        },
        "period": {
            "label": "raw",
            "interval": "01:00:00",
            "datetimeFrom": {
                "utc": "2018-08-27T05:00:00Z",
                "local": "2018-08-26T22:00:00-07:00"
            },
            "datetimeTo": {
                "utc": "2018-08-27T06:00:00Z",
                "local": "2018-08-26T23:00:00-07:00"
            }
        },
        "coordinates": null,
        "summary": null,
        "coverage": {
            "expectedCount": 1,
            "expectedInterval": "01:00:00",
            "observedCount": 1,
            "observedInterval": "01:00:00",
            "percentComplete": 100.0,
            "percentCoverage": 100.0,
            "datetimeFrom": {
                "utc": "2018-08-27T05:00:00Z",
                "local": "2018-08-26T22:00:00-07:00"
            },
            "datetimeTo": {
                "utc": "2018-08-27T06:00:00Z",
                "local": "2018-08-26T23:00:00-07:00"
            }
        }
    },
    {
        "value": 4.0,
        "flagInfo": {
            "hasFlags": false
        },
        "parameter": {
            "id": 2,
            "name": "pm25",
            "units": "\u00b5g/m\u00b3",
            "displayName": null
        },
        "period": {
            "label": "raw",
            "interval": "01:00:00",
            "datetimeFrom": {
                "utc": "2018-08-27T19:00:00Z",
                "local": "2018-08-27T12:00:00-07:00"
            },
            "datetimeTo": {
                "utc": "2018-08-27T20:00:00Z",
                "local": "2018-08-27T13:00:00-07:00"
            }
        },
        "coordinates": null,
        "summary": null,
        "coverage": {
            "expectedCount": 1,
            "expectedInterval": "01:00:00",
            "observedCount": 1,
            "observedInterval": "01:00:00",
            "percentComplete": 100.0,
            "percentCoverage": 100.0,
            "datetimeFrom": {
                "utc": "2018-08-27T19:00:00Z",
                "local": "2018-08-27T12:00:00-07:00"
            },
            "datetimeTo": {
                "utc": "2018-08-27T20:00:00Z",
                "local": "2018-08-27T13:00:00-07:00"
            }
        }
    },
    {
        "value": 13.0,
        "flagInfo": {
            "hasFlags": false
        },
        "parameter": {
            "id": 2,
            "name": "pm25",
            "units": "\u00b5g/m\u00b3",
            "displayName": null
        },
        "period": {
            "label": "raw",
            "interval": "01:00:00",
            "datetimeFrom": {
                "utc": "2018-08-27T20:00:00Z",
                "local": "2018-08-27T13:00:00-07:00"
            },
            "datetimeTo": {
                "utc": "2018-08-27T21:00:00Z",
                "local": "2018-08-27T14:00:00-07:00"
            }
        },
        "coordinates": null,
        "summary": null,
        "coverage": {
            "expectedCount": 1,
            "expectedInterval": "01:00:00",
            "observedCount": 1,
            "observedInterval": "01:00:00",
            "percentComplete": 100.0,
            "percentCoverage": 100.0,
            "datetimeFrom": {
                "utc": "2018-08-27T20:00:00Z",
                "local": "2018-08-27T13:00:00-07:00"
            },
            "datetimeTo": {
                "utc": "2018-08-27T21:00:00Z",
                "local": "2018-08-27T14:00:00-07:00"
            }
        }
    },
    {
        "value": 4.0,
        "flagInfo": {
            "hasFlags": false
        },
        "parameter": {
            "id": 2,
            "name": "pm25",
            "units": "\u00b5g/m\u00b3",
            "displayName": null
        },
        "period": {
            "label": "raw",
            "interval": "01:00:00",
            "datetimeFrom": {
                "utc": "2018-08-27T21:00:00Z",
                "local": "2018-08-27T14:00:00-07:00"
            },
            "datetimeTo": {
                "utc": "2018-08-27T22:00:00Z",
                "local": "2018-08-27T15:00:00-07:00"
            }
        },
        "coordinates": null,
        "summary": null,
        "coverage": {
            "expectedCount": 1,
            "expectedInterval": "01:00:00",
            "observedCount": 1,
            "observedInterval": "01:00:00",
            "percentComplete": 100.0,
            "percentCoverage": 100.0,
            "datetimeFrom": {
                "utc": "2018-08-27T21:00:00Z",
                "local": "2018-08-27T14:00:00-07:00"
            },
            "datetimeTo": {
                "utc": "2018-08-27T22:00:00Z",
                "local": "2018-08-27T15:00:00-07:00"
            }
        }
    },
    {
        "value": 12.0,
        "flagInfo": {
            "hasFlags": false
        },
        "parameter": {
            "id": 2,
            "name": "pm25",
            "units": "\u00b5g/m\u00b3",
            "displayName": null
        },
        "period": {
            "label": "raw",
            "interval": "01:00:00",
            "datetimeFrom": {
                "utc": "2018-08-27T22:00:00Z",
                "local": "2018-08-27T15:00:00-07:00"
            },
            "datetimeTo": {
                "utc": "2018-08-27T23:00:00Z",
                "local": "2018-08-27T16:00:00-07:00"
            }
        },
        "coordinates": null,
        "summary": null,
        "coverage": {
            "expectedCount": 1,
            "expectedInterval": "01:00:00",
            "observedCount": 1,
            "observedInterval": "01:00:00",
            "percentComplete": 100.0,
            "percentCoverage": 100.0,
            "datetimeFrom": {
                "utc": "2018-08-27T22:00:00Z",
                "local": "2018-08-27T15:00:00-07:00"
            },
            "datetimeTo": {
                "utc": "2018-08-27T23:00:00Z",
                "local": "2018-08-27T16:00:00-07:00"
            }
        }
    },
    {
        "value": 13.0,
        "flagInfo": {
            "hasFlags": false
        },
        "parameter": {
            "id": 2,
            "name": "pm25",
            "units": "\u00b5g/m\u00b3",
            "displayName": null
        },
        "period": {
            "label": "raw",
            "interval": "01:00:00",
            "datetimeFrom": {
                "utc": "2018-08-27T23:00:00Z",
                "local": "2018-08-27T16:00:00-07:00"
            },
            "datetimeTo": {
                "utc": "2018-08-28T00:00:00Z",
                "local": "2018-08-27T17:00:00-07:00"
            }
        },
        "coordinates": null,
        "summary": null,
        "coverage": {
            "expectedCount": 1,
            "expectedInterval": "01:00:00",
            "observedCount": 1,
            "observedInterval": "01:00:00",
            "percentComplete": 100.0,
            "percentCoverage": 100.0,
            "datetimeFrom": {
                "utc": "2018-08-27T23:00:00Z",
                "local": "2018-08-27T16:00:00-07:00"
            },
            "datetimeTo": {
                "utc": "2018-08-28T00:00:00Z",
                "local": "2018-08-27T17:00:00-07:00"
            }
        }
    },
    {
        "value": 17.0,
        "flagInfo": {
            "hasFlags": false
        },
        "parameter": {
            "id": 2,
            "name": "pm25",
            "units": "\u00b5g/m\u00b3",
            "displayName": null
        },
        "period": {
            "label": "raw",
            "interval": "01:00:00",
            "datetimeFrom": {
                "utc": "2018-08-28T00:00:00Z",
                "local": "2018-08-27T17:00:00-07:00"
            },
            "datetimeTo": {
                "utc": "2018-08-28T01:00:00Z",
                "local": "2018-08-27T18:00:00-07:00"
            }
        },
        "coordinates": null,
        "summary": null,
        "coverage": {
            "expectedCount": 1,
            "expectedInterval": "01:00:00",
            "observedCount": 1,
            "observedInterval": "01:00:00",
            "percentComplete": 100.0,
            "percentCoverage": 100.0,
            "datetimeFrom": {
                "utc": "2018-08-28T00:00:00Z",
                "local": "2018-08-27T17:00:00-07:00"
            },
            "datetimeTo": {
                "utc": "2018-08-28T01:00:00Z",
                "local": "2018-08-27T18:00:00-07:00"
            }
        }
    },
    {
        "value": 19.0,
        "flagInfo": {
            "hasFlags": false
        },
        "parameter": {
            "id": 2,
            "name": "pm25",
            "units": "\u00b5g/m\u00b3",
            "displayName": null
        },
        "period": {
            "label": "raw",
            "interval": "01:00:00",
            "datetimeFrom": {
                "utc": "2018-08-28T01:00:00Z",
                "local": "2018-08-27T18:00:00-07:00"
            },
            "datetimeTo": {
                "utc": "2018-08-28T02:00:00Z",
                "local": "2018-08-27T19:00:00-07:00"
            }
        },
        "coordinates": null,
        "summary": null,
        "coverage": {
            "expectedCount": 1,
            "expectedInterval": "01:00:00",
            "observedCount": 1,
            "observedInterval": "01:00:00",
            "percentComplete": 100.0,
            "percentCoverage": 100.0,
            "datetimeFrom": {
                "utc": "2018-08-28T01:00:00Z",
                "local": "2018-08-27T18:00:00-07:00"
            },
            "datetimeTo": {
                "utc": "2018-08-28T02:00:00Z",
                "local": "2018-08-27T19:00:00-07:00"
            }
        }
    },
    {
        "value": 18.0,
        "flagInfo": {
            "hasFlags": false
        },
        "parameter": {
            "id": 2,
            "name": "pm25",
            "units": "\u00b5g/m\u00b3",
            "displayName": null
        },
        "period": {
            "label": "raw",
            "interval": "01:00:00",
            "datetimeFrom": {
                "utc": "2018-08-28T02:00:00Z",
                "local": "2018-08-27T19:00:00-07:00"
            },
            "datetimeTo": {
                "utc": "2018-08-28T03:00:00Z",
                "local": "2018-08-27T20:00:00-07:00"
            }
        },
        "coordinates": null,
        "summary": null,
        "coverage": {
            "expectedCount": 1,
            "expectedInterval": "01:00:00",
            "observedCount": 1,
            "observedInterval": "01:00:00",
            "percentComplete": 100.0,
            "percentCoverage": 100.0,
            "datetimeFrom": {
                "utc": "2018-08-28T02:00:00Z",
                "local": "2018-08-27T19:00:00-07:00"
            },
            "datetimeTo": {
                "utc": "2018-08-28T03:00:00Z",
                "local": "2018-08-27T20:00:00-07:00"
            }
        }
    },
    {
        "value": 4.0,
        "flagInfo": {
            "hasFlags": false
        },
        "parameter": {
            "id": 2,
            "name": "pm25",
            "units": "\u00b5g/m\u00b3",
            "displayName": null
        },
        "period": {
            "label": "raw",
            "interval": "01:00:00",
            "datetimeFrom": {
                "utc": "2018-08-28T03:00:00Z",
                "local": "2018-08-27T20:00:00-07:00"
            },
            "datetimeTo": {
                "utc": "2018-08-28T04:00:00Z",
                "local": "2018-08-27T21:00:00-07:00"
            }
        },
        "coordinates": null,
        "summary": null,
        "coverage": {
            "expectedCount": 1,
            "expectedInterval": "01:00:00",
            "observedCount": 1,
            "observedInterval": "01:00:00",
            "percentComplete": 100.0,
            "percentCoverage": 100.0,
            "datetimeFrom": {
                "utc": "2018-08-28T03:00:00Z",
                "local": "2018-08-27T20:00:00-07:00"
            },
            "datetimeTo": {
                "utc": "2018-08-28T04:00:00Z",
                "local": "2018-08-27T21:00:00-07:00"
            }
        }
    },
    {
        "value": 10.0,
        "flagInfo": {
            "hasFlags": false
        },
        "parameter": {
            "id": 2,
            "name": "pm25",
            "units": "\u00b5g/m\u00b3",
            "displayName": null
        },
        "period": {
            "label": "raw",
            "interval": "01:00:00",
            "datetimeFrom": {
                "utc": "2018-08-28T04:00:00Z",
                "local": "2018-08-27T21:00:00-07:00"
            },
            "datetimeTo": {
                "utc": "2018-08-28T05:00:00Z",
                "local": "2018-08-27T22:00:00-07:00"
            }
        },
        "coordinates": null,
        "summary": null,
        "coverage": {
            "expectedCount": 1,
            "expectedInterval": "01:00:00",
            "observedCount": 1,
            "observedInterval": "01:00:00",
            "percentComplete": 100.0,
            "percentCoverage": 100.0,
            "datetimeFrom": {
                "utc": "2018-08-28T04:00:00Z",
                "local": "2018-08-27T21:00:00-07:00"
            },
            "datetimeTo": {
                "utc": "2018-08-28T05:00:00Z",
                "local": "2018-08-27T22:00:00-07:00"
            }
        }
    },
    {
        "value": 11.0,
        "flagInfo": {
            "hasFlags": false
        },
        "parameter": {
            "id": 2,
            "name": "pm25",
            "units": "\u00b5g/m\u00b3",
            "displayName": null
        },
        "period": {
            "label": "raw",
            "interval": "01:00:00",
            "datetimeFrom": {
                "utc": "2018-08-28T05:00:00Z",
                "local": "2018-08-27T22:00:00-07:00"
            },
            "datetimeTo": {
                "utc": "2018-08-28T06:00:00Z",
                "local": "2018-08-27T23:00:00-07:00"
            }
        },
        "coordinates": null,
        "summary": null,
        "coverage": {
            "expectedCount": 1,
            "expectedInterval": "01:00:00",
            "observedCount": 1,
            "observedInterval": "01:00:00",
            "percentComplete": 100.0,
            "percentCoverage": 100.0,
            "datetimeFrom": {
                "utc": "2018-08-28T05:00:00Z",
                "local": "2018-08-27T22:00:00-07:00"
            },
            "datetimeTo": {
                "utc": "2018-08-28T06:00:00Z",
                "local": "2018-08-27T23:00:00-07:00"
            }
        }
    },
    {
        "value": 11.0,
        "flagInfo": {
            "hasFlags": false
        },
        "parameter": {
            "id": 2,
            "name": "pm25",
            "units": "\u00b5g/m\u00b3",
            "displayName": null
        },
        "period": {
            "label": "raw",
            "interval": "01:00:00",
            "datetimeFrom": {
                "utc": "2018-08-29T18:00:00Z",
                "local": "2018-08-29T11:00:00-07:00"
            },
            "datetimeTo": {
                "utc": "2018-08-29T19:00:00Z",
                "local": "2018-08-29T12:00:00-07:00"
            }
        },
        "coordinates": null,
        "summary": null,
        "coverage": {
            "expectedCount": 1,
            "expectedInterval": "01:00:00",
            "observedCount": 1,
            "observedInterval": "01:00:00",
            "percentComplete": 100.0,
            "percentCoverage": 100.0,
            "datetimeFrom": {
                "utc": "2018-08-29T18:00:00Z",
                "local": "2018-08-29T11:00:00-07:00"
            },
            "datetimeTo": {
                "utc": "2018-08-29T19:00:00Z",
                "local": "2018-08-29T12:00:00-07:00"
            }
        }
    },
    {
        "value": 3.0,
        "flagInfo": {
            "hasFlags": false
        },
        "parameter": {
            "id": 2,
            "name": "pm25",
            "units": "\u00b5g/m\u00b3",
            "displayName": null
        },
        "period": {
            "label": "raw",
            "interval": "01:00:00",
            "datetimeFrom": {
                "utc": "2018-08-29T19:00:00Z",
                "local": "2018-08-29T12:00:00-07:00"
            },
            "datetimeTo": {
                "utc": "2018-08-29T20:00:00Z",
                "local": "2018-08-29T13:00:00-07:00"
            }
        },
        "coordinates": null,
        "summary": null,
        "coverage": {
            "expectedCount": 1,
            "expectedInterval": "01:00:00",
            "observedCount": 1,
            "observedInterval": "01:00:00",
            "percentComplete": 100.0,
            "percentCoverage": 100.0,
            "datetimeFrom": {
                "utc": "2018-08-29T19:00:00Z",
                "local": "2018-08-29T12:00:00-07:00"
            },
            "datetimeTo": {
                "utc": "2018-08-29T20:00:00Z",
                "local": "2018-08-29T13:00:00-07:00"
            }
        }
    },
    {
        "value": 9.0,
        "flagInfo": {
            "hasFlags": false
        },
        "parameter": {
            "id": 2,
            "name": "pm25",
            "units": "\u00b5g/m\u00b3",
            "displayName": null
        },
        "period": {
            "label": "raw",
            "interval": "01:00:00",
            "datetimeFrom": {
                "utc": "2018-08-29T20:00:00Z",
                "local": "2018-08-29T13:00:00-07:00"
            },
            "datetimeTo": {
                "utc": "2018-08-29T21:00:00Z",
                "local": "2018-08-29T14:00:00-07:00"
            }
        },
        "coordinates": null,
        "summary": null,
        "coverage": {
            "expectedCount": 1,
            "expectedInterval": "01:00:00",
            "observedCount": 1,
            "observedInterval": "01:00:00",
            "percentComplete": 100.0,
            "percentCoverage": 100.0,
            "datetimeFrom": {
                "utc": "2018-08-29T20:00:00Z",
                "local": "2018-08-29T13:00:00-07:00"
            },
            "datetimeTo": {
                "utc": "2018-08-29T21:00:00Z",
                "local": "2018-08-29T14:00:00-07:00"
            }
        }
    },
    {
        "value": 12.0,
        "flagInfo": {
            "hasFlags": false
        },
        "parameter": {
            "id": 2,
            "name": "pm25",
            "units": "\u00b5g/m\u00b3",
            "displayName": null
        },
        "period": {
            "label": "raw",
            "interval": "01:00:00",
            "datetimeFrom": {
                "utc": "2018-08-29T21:00:00Z",
                "local": "2018-08-29T14:00:00-07:00"
            },
            "datetimeTo": {
                "utc": "2018-08-29T22:00:00Z",
                "local": "2018-08-29T15:00:00-07:00"
            }
        },
        "coordinates": null,
        "summary": null,
        "coverage": {
            "expectedCount": 1,
            "expectedInterval": "01:00:00",
            "observedCount": 1,
            "observedInterval": "01:00:00",
            "percentComplete": 100.0,
            "percentCoverage": 100.0,
            "datetimeFrom": {
                "utc": "2018-08-29T21:00:00Z",
                "local": "2018-08-29T14:00:00-07:00"
            },
            "datetimeTo": {
                "utc": "2018-08-29T22:00:00Z",
                "local": "2018-08-29T15:00:00-07:00"
            }
        }
    },
    {
        "value": 14.0,
        "flagInfo": {
            "hasFlags": false
        },
        "parameter": {
            "id": 2,
            "name": "pm25",
            "units": "\u00b5g/m\u00b3",
            "displayName": null
        },
        "period": {
            "label": "raw",
            "interval": "01:00:00",
            "datetimeFrom": {
                "utc": "2018-08-29T22:00:00Z",
                "local": "2018-08-29T15:00:00-07:00"
            },
            "datetimeTo": {
                "utc": "2018-08-29T23:00:00Z",
                "local": "2018-08-29T16:00:00-07:00"
            }
        },
        "coordinates": null,
        "summary": null,
        "coverage": {
            "expectedCount": 1,
            "expectedInterval": "01:00:00",
            "observedCount": 1,
            "observedInterval": "01:00:00",
            "percentComplete": 100.0,
            "percentCoverage": 100.0,
            "datetimeFrom": {
                "utc": "2018-08-29T22:00:00Z",
                "local": "2018-08-29T15:00:00-07:00"
            },
            "datetimeTo": {
                "utc": "2018-08-29T23:00:00Z",
                "local": "2018-08-29T16:00:00-07:00"
            }
        }
    },
    {
        "value": 1.0,
        "flagInfo": {
            "hasFlags": false
        },
        "parameter": {
            "id": 2,
            "name": "pm25",
            "units": "\u00b5g/m\u00b3",
            "displayName": null
        },
        "period": {
            "label": "raw",
            "interval": "01:00:00",
            "datetimeFrom": {
                "utc": "2018-08-29T23:00:00Z",
                "local": "2018-08-29T16:00:00-07:00"
            },
            "datetimeTo": {
                "utc": "2018-08-30T00:00:00Z",
                "local": "2018-08-29T17:00:00-07:00"
            }
        },
        "coordinates": null,
        "summary": null,
        "coverage": {
            "expectedCount": 1,
            "expectedInterval": "01:00:00",
            "observedCount": 1,
            "observedInterval": "01:00:00",
            "percentComplete": 100.0,
            "percentCoverage": 100.0,
            "datetimeFrom": {
                "utc": "2018-08-29T23:00:00Z",
                "local": "2018-08-29T16:00:00-07:00"
            },
            "datetimeTo": {
                "utc": "2018-08-30T00:00:00Z",
                "local": "2018-08-29T17:00:00-07:00"
            }
        }
    },
    {
        "value": 2.0,
        "flagInfo": {
            "hasFlags": false
        },
        "parameter": {
            "id": 2,
            "name": "pm25",
            "units": "\u00b5g/m\u00b3",
            "displayName": null
        },
        "period": {
            "label": "raw",
            "interval": "01:00:00",
            "datetimeFrom": {
                "utc": "2018-09-07T06:00:00Z",
                "local": "2018-09-06T23:00:00-07:00"
            },
            "datetimeTo": {
                "utc": "2018-09-07T07:00:00Z",
                "local": "2018-09-07T00:00:00-07:00"
            }
        },
        "coordinates": null,
        "summary": null,
        "coverage": {
            "expectedCount": 1,
            "expectedInterval": "01:00:00",
            "observedCount": 1,
            "observedInterval": "01:00:00",
            "percentComplete": 100.0,
            "percentCoverage": 100.0,
            "datetimeFrom": {
                "utc": "2018-09-07T06:00:00Z",
                "local": "2018-09-06T23:00:00-07:00"
            },
            "datetimeTo": {
                "utc": "2018-09-07T07:00:00Z",
                "local": "2018-09-07T00:00:00-07:00"
            }
        }
    },
    {
        "value": 15.0,
        "flagInfo": {
            "hasFlags": false
        },
        "parameter": {
            "id": 2,
            "name": "pm25",
            "units": "\u00b5g/m\u00b3",
            "displayName": null
        },
        "period": {
            "label": "raw",
            "interval": "01:00:00",
            "datetimeFrom": {
                "utc": "2018-09-07T07:00:00Z",
                "local": "2018-09-07T00:00:00-07:00"
            },
            "datetimeTo": {
                "utc": "2018-09-07T08:00:00Z",
                "local": "2018-09-07T01:00:00-07:00"
            }
        },
        "coordinates": null,
        "summary": null,
        "coverage": {
            "expectedCount": 1,
            "expectedInterval": "01:00:00",
            "observedCount": 1,
            "observedInterval": "01:00:00",
            "percentComplete": 100.0,
            "percentCoverage": 100.0,
            "datetimeFrom": {
                "utc": "2018-09-07T07:00:00Z",
                "local": "2018-09-07T00:00:00-07:00"
            },
            "datetimeTo": {
                "utc": "2018-09-07T08:00:00Z",
                "local": "2018-09-07T01:00:00-07:00"
            }
        }
    },
    {
        "value": 9.0,
        "flagInfo": {
            "hasFlags": false
        },
        "parameter": {
            "id": 2,
            "name": "pm25",
            "units": "\u00b5g/m\u00b3",
            "displayName": null
        },
        "period": {
            "label": "raw",
            "interval": "01:00:00",
            "datetimeFrom": {
                "utc": "2018-09-07T08:00:00Z",
                "local": "2018-09-07T01:00:00-07:00"
            },
            "datetimeTo": {
                "utc": "2018-09-07T09:00:00Z",
                "local": "2018-09-07T02:00:00-07:00"
            }
        },
        "coordinates": null,
        "summary": null,
        "coverage": {
            "expectedCount": 1,
            "expectedInterval": "01:00:00",
            "observedCount": 1,
            "observedInterval": "01:00:00",
            "percentComplete": 100.0,
            "percentCoverage": 100.0,
            "datetimeFrom": {
                "utc": "2018-09-07T08:00:00Z",
                "local": "2018-09-07T01:00:00-07:00"
            },
            "datetimeTo": {
                "utc": "2018-09-07T09:00:00Z",
                "local": "2018-09-07T02:00:00-07:00"
            }
        }
    },
    {
        "value": 9.0,
        "flagInfo": {
            "hasFlags": false
        },
        "parameter": {
            "id": 2,
            "name": "pm25",
            "units": "\u00b5g/m\u00b3",
            "displayName": null
        },
        "period": {
            "label": "raw",
            "interval": "01:00:00",
            "datetimeFrom": {
                "utc": "2018-09-07T09:00:00Z",
                "local": "2018-09-07T02:00:00-07:00"
            },
            "datetimeTo": {
                "utc": "2018-09-07T10:00:00Z",
                "local": "2018-09-07T03:00:00-07:00"
            }
        },
        "coordinates": null,
        "summary": null,
        "coverage": {
            "expectedCount": 1,
            "expectedInterval": "01:00:00",
            "observedCount": 1,
            "observedInterval": "01:00:00",
            "percentComplete": 100.0,
            "percentCoverage": 100.0,
            "datetimeFrom": {
                "utc": "2018-09-07T09:00:00Z",
                "local": "2018-09-07T02:00:00-07:00"
            },
            "datetimeTo": {
                "utc": "2018-09-07T10:00:00Z",
                "local": "2018-09-07T03:00:00-07:00"
            }
        }
    },
    {
        "value": 7.0,
        "flagInfo": {
            "hasFlags": false
        },
        "parameter": {
            "id": 2,
            "name": "pm25",
            "units": "\u00b5g/m\u00b3",
            "displayName": null
        },
        "period": {
            "label": "raw",
            "interval": "01:00:00",
            "datetimeFrom": {
                "utc": "2018-09-07T10:00:00Z",
                "local": "2018-09-07T03:00:00-07:00"
            },
            "datetimeTo": {
                "utc": "2018-09-07T11:00:00Z",
                "local": "2018-09-07T04:00:00-07:00"
            }
        },
        "coordinates": null,
        "summary": null,
        "coverage": {
            "expectedCount": 1,
            "expectedInterval": "01:00:00",
            "observedCount": 1,
            "observedInterval": "01:00:00",
            "percentComplete": 100.0,
            "percentCoverage": 100.0,
            "datetimeFrom": {
                "utc": "2018-09-07T10:00:00Z",
                "local": "2018-09-07T03:00:00-07:00"
            },
            "datetimeTo": {
                "utc": "2018-09-07T11:00:00Z",
                "local": "2018-09-07T04:00:00-07:00"
            }
        }
    },
    {
        "value": 11.0,
        "flagInfo": {
            "hasFlags": false
        },
        "parameter": {
            "id": 2,
            "name": "pm25",
            "units": "\u00b5g/m\u00b3",
            "displayName": null
        },
        "period": {
            "label": "raw",
            "interval": "01:00:00",
            "datetimeFrom": {
                "utc": "2018-09-07T12:00:00Z",
                "local": "2018-09-07T05:00:00-07:00"
            },
            "datetimeTo": {
                "utc": "2018-09-07T13:00:00Z",
                "local": "2018-09-07T06:00:00-07:00"
            }
        },
        "coordinates": null,
        "summary": null,
        "coverage": {
            "expectedCount": 1,
            "expectedInterval": "01:00:00",
            "observedCount": 1,
            "observedInterval": "01:00:00",
            "percentComplete": 100.0,
            "percentCoverage": 100.0,
            "datetimeFrom": {
                "utc": "2018-09-07T12:00:00Z",
                "local": "2018-09-07T05:00:00-07:00"
            },
            "datetimeTo": {
                "utc": "2018-09-07T13:00:00Z",
                "local": "2018-09-07T06:00:00-07:00"
            }
        }
    },
    {
        "value": 3.0,
        "flagInfo": {
            "hasFlags": false
        },
        "parameter": {
            "id": 2,
            "name": "pm25",
            "units": "\u00b5g/m\u00b3",
            "displayName": null
        },
        "period": {
            "label": "raw",
            "interval": "01:00:00",
            "datetimeFrom": {
                "utc": "2018-09-07T13:00:00Z",
                "local": "2018-09-07T06:00:00-07:00"
            },
            "datetimeTo": {
                "utc": "2018-09-07T14:00:00Z",
                "local": "2018-09-07T07:00:00-07:00"
            }
        },
        "coordinates": null,
        "summary": null,
        "coverage": {
            "expectedCount": 1,
            "expectedInterval": "01:00:00",
            "observedCount": 1,
            "observedInterval": "01:00:00",
            "percentComplete": 100.0,
            "percentCoverage": 100.0,
            "datetimeFrom": {
                "utc": "2018-09-07T13:00:00Z",
                "local": "2018-09-07T06:00:00-07:00"
            },
            "datetimeTo": {
                "utc": "2018-09-07T14:00:00Z",
                "local": "2018-09-07T07:00:00-07:00"
            }
        }
    },
    {
        "value": 13.0,
        "flagInfo": {
            "hasFlags": false
        },
        "parameter": {
            "id": 2,
            "name": "pm25",
            "units": "\u00b5g/m\u00b3",
            "displayName": null
        },
        "period": {
            "label": "raw",
            "interval": "01:00:00",
            "datetimeFrom": {
                "utc": "2018-09-07T14:00:00Z",
                "local": "2018-09-07T07:00:00-07:00"
            },
            "datetimeTo": {
                "utc": "2018-09-07T15:00:00Z",
                "local": "2018-09-07T08:00:00-07:00"
            }
        },
        "coordinates": null,
        "summary": null,
        "coverage": {
            "expectedCount": 1,
            "expectedInterval": "01:00:00",
            "observedCount": 1,
            "observedInterval": "01:00:00",
            "percentComplete": 100.0,
            "percentCoverage": 100.0,
            "datetimeFrom": {
                "utc": "2018-09-07T14:00:00Z",
                "local": "2018-09-07T07:00:00-07:00"
            },
            "datetimeTo": {
                "utc": "2018-09-07T15:00:00Z",
                "local": "2018-09-07T08:00:00-07:00"
            }
        }
    },
    {
        "value": 6.0,
        "flagInfo": {
            "hasFlags": false
        },
        "parameter": {
            "id": 2,
            "name": "pm25",
            "units": "\u00b5g/m\u00b3",
            "displayName": null
        },
        "period": {
            "label": "raw",
            "interval": "01:00:00",
            "datetimeFrom": {
                "utc": "2018-09-07T15:00:00Z",
                "local": "2018-09-07T08:00:00-07:00"
            },
            "datetimeTo": {
                "utc": "2018-09-07T16:00:00Z",
                "local": "2018-09-07T09:00:00-07:00"
            }
        },
        "coordinates": null,
        "summary": null,
        "coverage": {
            "expectedCount": 1,
            "expectedInterval": "01:00:00",
            "observedCount": 1,
            "observedInterval": "01:00:00",
            "percentComplete": 100.0,
            "percentCoverage": 100.0,
            "datetimeFrom": {
                "utc": "2018-09-07T15:00:00Z",
                "local": "2018-09-07T08:00:00-07:00"
            },
            "datetimeTo": {
                "utc": "2018-09-07T16:00:00Z",
                "local": "2018-09-07T09:00:00-07:00"
            }
        }
    },
    {
        "value": 6.0,
        "flagInfo": {
            "hasFlags": false
        },
        "parameter": {
            "id": 2,
            "name": "pm25",
            "units": "\u00b5g/m\u00b3",
            "displayName": null
        },
        "period": {
            "label": "raw",
            "interval": "01:00:00",
            "datetimeFrom": {
                "utc": "2018-09-07T16:00:00Z",
                "local": "2018-09-07T09:00:00-07:00"
            },
            "datetimeTo": {
                "utc": "2018-09-07T17:00:00Z",
                "local": "2018-09-07T10:00:00-07:00"
            }
        },
        "coordinates": null,
        "summary": null,
        "coverage": {
            "expectedCount": 1,
            "expectedInterval": "01:00:00",
            "observedCount": 1,
            "observedInterval": "01:00:00",
            "percentComplete": 100.0,
            "percentCoverage": 100.0,
            "datetimeFrom": {
                "utc": "2018-09-07T16:00:00Z",
                "local": "2018-09-07T09:00:00-07:00"
            },
            "datetimeTo": {
                "utc": "2018-09-07T17:00:00Z",
                "local": "2018-09-07T10:00:00-07:00"
            }
        }
    },
    {
        "value": 12.0,
        "flagInfo": {
            "hasFlags": false
        },
        "parameter": {
            "id": 2,
            "name": "pm25",
            "units": "\u00b5g/m\u00b3",
            "displayName": null
        },
        "period": {
            "label": "raw",
            "interval": "01:00:00",
            "datetimeFrom": {
                "utc": "2018-09-07T17:00:00Z",
                "local": "2018-09-07T10:00:00-07:00"
            },
            "datetimeTo": {
                "utc": "2018-09-07T18:00:00Z",
                "local": "2018-09-07T11:00:00-07:00"
            }
        },
        "coordinates": null,
        "summary": null,
        "coverage": {
            "expectedCount": 1,
            "expectedInterval": "01:00:00",
            "observedCount": 1,
            "observedInterval": "01:00:00",
            "percentComplete": 100.0,
            "percentCoverage": 100.0,
            "datetimeFrom": {
                "utc": "2018-09-07T17:00:00Z",
                "local": "2018-09-07T10:00:00-07:00"
            },
            "datetimeTo": {
                "utc": "2018-09-07T18:00:00Z",
                "local": "2018-09-07T11:00:00-07:00"
            }
        }
    },
    {
        "value": -1.0,
        "flagInfo": {
            "hasFlags": false
        },
        "parameter": {
            "id": 2,
            "name": "pm25",
            "units": "\u00b5g/m\u00b3",
            "displayName": null
        },
        "period": {
            "label": "raw",
            "interval": "01:00:00",
            "datetimeFrom": {
                "utc": "2018-09-20T19:00:00Z",
                "local": "2018-09-20T12:00:00-07:00"
            },
            "datetimeTo": {
                "utc": "2018-09-20T20:00:00Z",
                "local": "2018-09-20T13:00:00-07:00"
            }
        },
        "coordinates": null,
        "summary": null,
        "coverage": {
            "expectedCount": 1,
            "expectedInterval": "01:00:00",
            "observedCount": 1,
            "observedInterval": "01:00:00",
            "percentComplete": 100.0,
            "percentCoverage": 100.0,
            "datetimeFrom": {
                "utc": "2018-09-20T19:00:00Z",
                "local": "2018-09-20T12:00:00-07:00"
            },
            "datetimeTo": {
                "utc": "2018-09-20T20:00:00Z",
                "local": "2018-09-20T13:00:00-07:00"
            }
        }
    },
    {
        "value": 7.0,
        "flagInfo": {
            "hasFlags": false
        },
        "parameter": {
            "id": 2,
            "name": "pm25",
            "units": "\u00b5g/m\u00b3",
            "displayName": null
        },
        "period": {
            "label": "raw",
            "interval": "01:00:00",
            "datetimeFrom": {
                "utc": "2018-09-20T20:00:00Z",
                "local": "2018-09-20T13:00:00-07:00"
            },
            "datetimeTo": {
                "utc": "2018-09-20T21:00:00Z",
                "local": "2018-09-20T14:00:00-07:00"
            }
        },
        "coordinates": null,
        "summary": null,
        "coverage": {
            "expectedCount": 1,
            "expectedInterval": "01:00:00",
            "observedCount": 1,
            "observedInterval": "01:00:00",
            "percentComplete": 100.0,
            "percentCoverage": 100.0,
            "datetimeFrom": {
                "utc": "2018-09-20T20:00:00Z",
                "local": "2018-09-20T13:00:00-07:00"
            },
            "datetimeTo": {
                "utc": "2018-09-20T21:00:00Z",
                "local": "2018-09-20T14:00:00-07:00"
            }
        }
    },
    {
        "value": 6.0,
        "flagInfo": {
            "hasFlags": false
        },
        "parameter": {
            "id": 2,
            "name": "pm25",
            "units": "\u00b5g/m\u00b3",
            "displayName": null
        },
        "period": {
            "label": "raw",
            "interval": "01:00:00",
            "datetimeFrom": {
                "utc": "2018-09-20T21:00:00Z",
                "local": "2018-09-20T14:00:00-07:00"
            },
            "datetimeTo": {
                "utc": "2018-09-20T22:00:00Z",
                "local": "2018-09-20T15:00:00-07:00"
            }
        },
        "coordinates": null,
        "summary": null,
        "coverage": {
            "expectedCount": 1,
            "expectedInterval": "01:00:00",
            "observedCount": 1,
            "observedInterval": "01:00:00",
            "percentComplete": 100.0,
            "percentCoverage": 100.0,
            "datetimeFrom": {
                "utc": "2018-09-20T21:00:00Z",
                "local": "2018-09-20T14:00:00-07:00"
            },
            "datetimeTo": {
                "utc": "2018-09-20T22:00:00Z",
                "local": "2018-09-20T15:00:00-07:00"
            }
        }
    },
    {
        "value": 4.0,
        "flagInfo": {
            "hasFlags": false
        },
        "parameter": {
            "id": 2,
            "name": "pm25",
            "units": "\u00b5g/m\u00b3",
            "displayName": null
        },
        "period": {
            "label": "raw",
            "interval": "01:00:00",
            "datetimeFrom": {
                "utc": "2018-09-20T22:00:00Z",
                "local": "2018-09-20T15:00:00-07:00"
            },
            "datetimeTo": {
                "utc": "2018-09-20T23:00:00Z",
                "local": "2018-09-20T16:00:00-07:00"
            }
        },
        "coordinates": null,
        "summary": null,
        "coverage": {
            "expectedCount": 1,
            "expectedInterval": "01:00:00",
            "observedCount": 1,
            "observedInterval": "01:00:00",
            "percentComplete": 100.0,
            "percentCoverage": 100.0,
            "datetimeFrom": {
                "utc": "2018-09-20T22:00:00Z",
                "local": "2018-09-20T15:00:00-07:00"
            },
            "datetimeTo": {
                "utc": "2018-09-20T23:00:00Z",
                "local": "2018-09-20T16:00:00-07:00"
            }
        }
    },
    {
        "value": 1.0,
        "flagInfo": {
            "hasFlags": false
        },
        "parameter": {
            "id": 2,
            "name": "pm25",
            "units": "\u00b5g/m\u00b3",
            "displayName": null
        },
        "period": {
            "label": "raw",
            "interval": "01:00:00",
            "datetimeFrom": {
                "utc": "2018-09-21T00:00:00Z",
                "local": "2018-09-20T17:00:00-07:00"
            },
            "datetimeTo": {
                "utc": "2018-09-21T01:00:00Z",
                "local": "2018-09-20T18:00:00-07:00"
            }
        },
        "coordinates": null,
        "summary": null,
        "coverage": {
            "expectedCount": 1,
            "expectedInterval": "01:00:00",
            "observedCount": 1,
            "observedInterval": "01:00:00",
            "percentComplete": 100.0,
            "percentCoverage": 100.0,
            "datetimeFrom": {
                "utc": "2018-09-21T00:00:00Z",
                "local": "2018-09-20T17:00:00-07:00"
            },
            "datetimeTo": {
                "utc": "2018-09-21T01:00:00Z",
                "local": "2018-09-20T18:00:00-07:00"
            }
        }
    },
    {
        "value": 0.0,
        "flagInfo": {
            "hasFlags": false
        },
        "parameter": {
            "id": 2,
            "name": "pm25",
            "units": "\u00b5g/m\u00b3",
            "displayName": null
        },
        "period": {
            "label": "raw",
            "interval": "01:00:00",
            "datetimeFrom": {
                "utc": "2018-09-21T01:00:00Z",
                "local": "2018-09-20T18:00:00-07:00"
            },
            "datetimeTo": {
                "utc": "2018-09-21T02:00:00Z",
                "local": "2018-09-20T19:00:00-07:00"
            }
        },
        "coordinates": null,
        "summary": null,
        "coverage": {
            "expectedCount": 1,
            "expectedInterval": "01:00:00",
            "observedCount": 1,
            "observedInterval": "01:00:00",
            "percentComplete": 100.0,
            "percentCoverage": 100.0,
            "datetimeFrom": {
                "utc": "2018-09-21T01:00:00Z",
                "local": "2018-09-20T18:00:00-07:00"
            },
            "datetimeTo": {
                "utc": "2018-09-21T02:00:00Z",
                "local": "2018-09-20T19:00:00-07:00"
            }
        }
    },
    {
        "value": 6.0,
        "flagInfo": {
            "hasFlags": false
        },
        "parameter": {
            "id": 2,
            "name": "pm25",
            "units": "\u00b5g/m\u00b3",
            "displayName": null
        },
        "period": {
            "label": "raw",
            "interval": "01:00:00",
            "datetimeFrom": {
                "utc": "2018-09-21T02:00:00Z",
                "local": "2018-09-20T19:00:00-07:00"
            },
            "datetimeTo": {
                "utc": "2018-09-21T03:00:00Z",
                "local": "2018-09-20T20:00:00-07:00"
            }
        },
        "coordinates": null,
        "summary": null,
        "coverage": {
            "expectedCount": 1,
            "expectedInterval": "01:00:00",
            "observedCount": 1,
            "observedInterval": "01:00:00",
            "percentComplete": 100.0,
            "percentCoverage": 100.0,
            "datetimeFrom": {
                "utc": "2018-09-21T02:00:00Z",
                "local": "2018-09-20T19:00:00-07:00"
            },
            "datetimeTo": {
                "utc": "2018-09-21T03:00:00Z",
                "local": "2018-09-20T20:00:00-07:00"
            }
        }
    },
    {
        "value": 6.0,
        "flagInfo": {
            "hasFlags": false
        },
        "parameter": {
            "id": 2,
            "name": "pm25",
            "units": "\u00b5g/m\u00b3",
            "displayName": null
        },
        "period": {
            "label": "raw",
            "interval": "01:00:00",
            "datetimeFrom": {
                "utc": "2018-09-21T03:00:00Z",
                "local": "2018-09-20T20:00:00-07:00"
            },
            "datetimeTo": {
                "utc": "2018-09-21T04:00:00Z",
                "local": "2018-09-20T21:00:00-07:00"
            }
        },
        "coordinates": null,
        "summary": null,
        "coverage": {
            "expectedCount": 1,
            "expectedInterval": "01:00:00",
            "observedCount": 1,
            "observedInterval": "01:00:00",
            "percentComplete": 100.0,
            "percentCoverage": 100.0,
            "datetimeFrom": {
                "utc": "2018-09-21T03:00:00Z",
                "local": "2018-09-20T20:00:00-07:00"
            },
            "datetimeTo": {
                "utc": "2018-09-21T04:00:00Z",
                "local": "2018-09-20T21:00:00-07:00"
            }
        }
    },
    {
        "value": 3.0,
        "flagInfo": {
            "hasFlags": false
        },
        "parameter": {
            "id": 2,
            "name": "pm25",
            "units": "\u00b5g/m\u00b3",
            "displayName": null
        },
        "period": {
            "label": "raw",
            "interval": "01:00:00",
            "datetimeFrom": {
                "utc": "2018-09-21T04:00:00Z",
                "local": "2018-09-20T21:00:00-07:00"
            },
            "datetimeTo": {
                "utc": "2018-09-21T05:00:00Z",
                "local": "2018-09-20T22:00:00-07:00"
            }
        },
        "coordinates": null,
        "summary": null,
        "coverage": {
            "expectedCount": 1,
            "expectedInterval": "01:00:00",
            "observedCount": 1,
            "observedInterval": "01:00:00",
            "percentComplete": 100.0,
            "percentCoverage": 100.0,
            "datetimeFrom": {
                "utc": "2018-09-21T04:00:00Z",
                "local": "2018-09-20T21:00:00-07:00"
            },
            "datetimeTo": {
                "utc": "2018-09-21T05:00:00Z",
                "local": "2018-09-20T22:00:00-07:00"
            }
        }
    },
    {
        "value": 6.0,
        "flagInfo": {
            "hasFlags": false
        },
        "parameter": {
            "id": 2,
            "name": "pm25",
            "units": "\u00b5g/m\u00b3",
            "displayName": null
        },
        "period": {
            "label": "raw",
            "interval": "01:00:00",
            "datetimeFrom": {
                "utc": "2018-09-21T05:00:00Z",
                "local": "2018-09-20T22:00:00-07:00"
            },
            "datetimeTo": {
                "utc": "2018-09-21T06:00:00Z",
                "local": "2018-09-20T23:00:00-07:00"
            }
        },
        "coordinates": null,
        "summary": null,
        "coverage": {
            "expectedCount": 1,
            "expectedInterval": "01:00:00",
            "observedCount": 1,
            "observedInterval": "01:00:00",
            "percentComplete": 100.0,
            "percentCoverage": 100.0,
            "datetimeFrom": {
                "utc": "2018-09-21T05:00:00Z",
                "local": "2018-09-20T22:00:00-07:00"
            },
            "datetimeTo": {
                "utc": "2018-09-21T06:00:00Z",
                "local": "2018-09-20T23:00:00-07:00"
            }
        }
    },
    {
        "value": 11.0,
        "flagInfo": {
            "hasFlags": false
        },
        "parameter": {
            "id": 2,
            "name": "pm25",
            "units": "\u00b5g/m\u00b3",
            "displayName": null
        },
        "period": {
            "label": "raw",
            "interval": "01:00:00",
            "datetimeFrom": {
                "utc": "2018-09-21T06:00:00Z",
                "local": "2018-09-20T23:00:00-07:00"
            },
            "datetimeTo": {
                "utc": "2018-09-21T07:00:00Z",
                "local": "2018-09-21T00:00:00-07:00"
            }
        },
        "coordinates": null,
        "summary": null,
        "coverage": {
            "expectedCount": 1,
            "expectedInterval": "01:00:00",
            "observedCount": 1,
            "observedInterval": "01:00:00",
            "percentComplete": 100.0,
            "percentCoverage": 100.0,
            "datetimeFrom": {
                "utc": "2018-09-21T06:00:00Z",
                "local": "2018-09-20T23:00:00-07:00"
            },
            "datetimeTo": {
                "utc": "2018-09-21T07:00:00Z",
                "local": "2018-09-21T00:00:00-07:00"
            }
        }
    }
]