[
    {
        "value": 17.0,
        "flagInfo": {
            "hasFlags": false
        },
        "parameter": {
            "id": 2,
            "name": "pm25",
            "units": "\u00b5g/m\u00b3",
            "displayName": null
        },
        "period": {
            "label": "raw",
            "interval": "01:00:00",
            "datetimeFrom": {
                "utc": "2018-08-10T07:00:00Z",
                "local": "2018-08-10T00:00:00-07:00"
            },
            "datetimeTo": {
                "utc": "2018-08-10T08:00:00Z",
                "local": "2018-08-10T01:00:00-07:00"
            }
        },
        "coordinates": null,
        "summary": null,
        "coverage": {
            "expectedCount": 1,
            "expectedInterval": "01:00:00",
            "observedCount": 1,
            "observedInterval": "01:00:00",
            "percentComplete": 100.0,
            "percentCoverage": 100.0,
            "datetimeFrom": {
                "utc": "2018-08-10T07:00:00Z",
                "local": "2018-08-10T00:00:00-07:00"
            },
            "datetimeTo": {
                "utc": "2018-08-10T08:00:00Z",
                "local": "2018-08-10T01:00:00-07:00"
            }
        }
    },
    {
        "value": 9.0,
        "flagInfo": {
            "hasFlags": false
        },
        "parameter": {
            "id": 2,
            "name": "pm25",
            "units": "\u00b5g/m\u00b3",
            "displayName": null
        },
        "period": {
            "label": "raw",
            "interval": "01:00:00",
            "datetimeFrom": {
                "utc": "2018-08-10T08:00:00Z",
                "local": "2018-08-10T01:00:00-07:00"
            },
            "datetimeTo": {
                "utc": "2018-08-10T09:00:00Z",
                "local": "2018-08-10T02:00:00-07:00"
            }
        },
        "coordinates": null,
        "summary": null,
        "coverage": {
            "expectedCount": 1,
            "expectedInterval": "01:00:00",
            "observedCount": 1,
            "observedInterval": "01:00:00",
            "percentComplete": 100.0,
            "percentCoverage": 100.0,
            "datetimeFrom": {
                "utc": "2018-08-10T08:00:00Z",
                "local": "2018-08-10T01:00:00-07:00"
            },
            "datetimeTo": {
                "utc": "2018-08-10T09:00:00Z",
                "local": "2018-08-10T02:00:00-07:00"
            }
        }
    },
    {
        "value": 7.0,
        "flagInfo": {
            "hasFlags": false
        },
        "parameter": {
            "id": 2,
            "name": "pm25",
            "units": "\u00b5g/m\u00b3",
            "displayName": null
        },
        "period": {
            "label": "raw",
            "interval": "01:00:00",
            "datetimeFrom": {
                "utc": "2018-08-10T09:00:00Z",
                "local": "2018-08-10T02:00:00-07:00"
            },
            "datetimeTo": {
                "utc": "2018-08-10T10:00:00Z",
                "local": "2018-08-10T03:00:00-07:00"
            }
        },
        "coordinates": null,
        "summary": null,
        "coverage": {
            "expectedCount": 1,
            "expectedInterval": "01:00:00",
            "observedCount": 1,
            "observedInterval": "01:00:00",
            "percentComplete": 100.0,
            "percentCoverage": 100.0,
            "datetimeFrom": {
                "utc": "2018-08-10T09:00:00Z",
                "local": "2018-08-10T02:00:00-07:00"
            },
            "datetimeTo": {
                "utc": "2018-08-10T10:00:00Z",
                "local": "2018-08-10T03:00:00-07:00"
            }
        }
    },
    {
        "value": 8.0,
        "flagInfo": {
            "hasFlags": false
        },
        "parameter": {
            "id": 2,
            "name": "pm25",
            "units": "\u00b5g/m\u00b3",
            "displayName": null
        },
        "period": {
            "label": "raw",
            "interval": "01:00:00",
            "datetimeFrom": {
                "utc": "2018-08-10T10:00:00Z",
                "local": "2018-08-10T03:00:00-07:00"
            },
            "datetimeTo": {
                "utc": "2018-08-10T11:00:00Z",
                "local": "2018-08-10T04:00:00-07:00"
            }
        },
        "coordinates": null,
        "summary": null,
        "coverage": {
            "expectedCount": 1,
            "expectedInterval": "01:00:00",
            "observedCount": 1,
            "observedInterval": "01:00:00",
            "percentComplete": 100.0,
            "percentCoverage": 100.0,
            "datetimeFrom": {
                "utc": "2018-08-10T10:00:00Z",
                "local": "2018-08-10T03:00:00-07:00"
            },
            "datetimeTo": {
                "utc": "2018-08-10T11:00:00Z",
                "local": "2018-08-10T04:00:00-07:00"
            }
        }
    },
    {
        "value": 13.0,
        "flagInfo": {
            "hasFlags": false
        },
        "parameter": {
            "id": 2,
            "name": "pm25",
            "units": "\u00b5g/m\u00b3",
            "displayName": null
        },
        "period": {
            "label": "raw",
            "interval": "01:00:00",
            "datetimeFrom": {
                "utc": "2018-08-10T11:00:00Z",
                "local": "2018-08-10T04:00:00-07:00"
            },
            "datetimeTo": {
                "utc": "2018-08-10T12:00:00Z",
                "local": "2018-08-10T05:00:00-07:00"
            }
        },
        "coordinates": null,
        "summary": null,
        "coverage": {
            "expectedCount": 1,
            "expectedInterval": "01:00:00",
            "observedCount": 1,
            "observedInterval": "01:00:00",
            "percentComplete": 100.0,
            "percentCoverage": 100.0,
            "datetimeFrom": {
                "utc": "2018-08-10T11:00:00Z",
                "local": "2018-08-10T04:00:00-07:00"
            },
            "datetimeTo": {
                "utc": "2018-08-10T12:00:00Z",
                "local": "2018-08-10T05:00:00-07:00"
            }
        }
    },
    {
        "value": 20.0,
        "flagInfo": {
            "hasFlags": false
        },
        "parameter": {
            "id": 2,
            "name": "pm25",
            "units": "\u00b5g/m\u00b3",
            "displayName": null
        },
        "period": {
            "label": "raw",
            "interval": "01:00:00",
            "datetimeFrom": {
                "utc": "2018-08-10T12:00:00Z",
                "local": "2018-08-10T05:00:00-07:00"
            },
            "datetimeTo": {
                "utc": "2018-08-10T13:00:00Z",
                "local": "2018-08-10T06:00:00-07:00"
            }
        },
        "coordinates": null,
        "summary": null,
        "coverage": {
            "expectedCount": 1,
            "expectedInterval": "01:00:00",
            "observedCount": 1,
            "observedInterval": "01:00:00",
            "percentComplete": 100.0,
            "percentCoverage": 100.0,
            "datetimeFrom": {
                "utc": "2018-08-10T12:00:00Z",
                "local": "2018-08-10T05:00:00-07:00"
            },
            "datetimeTo": {
                "utc": "2018-08-10T13:00:00Z",
                "local": "2018-08-10T06:00:00-07:00"
            }
        }
    },
    {
        "value": 17.0,
        "flagInfo": {
            "hasFlags": false
        },
        "parameter": {
            "id": 2,
            "name": "pm25",
            "units": "\u00b5g/m\u00b3",
            "displayName": null
        },
        "period": {
            "label": "raw",
            "interval": "01:00:00",
            "datetimeFrom": {
                "utc": "2018-08-10T13:00:00Z",
                "local": "2018-08-10T06:00:00-07:00"
            },
            "datetimeTo": {
                "utc": "2018-08-10T14:00:00Z",
                "local": "2018-08-10T07:00:00-07:00"
            }
        },
        "coordinates": null,
        "summary": null,
        "coverage": {
            "expectedCount": 1,
            "expectedInterval": "01:00:00",
            "observedCount": 1,
            "observedInterval": "01:00:00",
            "percentComplete": 100.0,
            "percentCoverage": 100.0,
            "datetimeFrom": {
                "utc": "2018-08-10T13:00:00Z",
                "local": "2018-08-10T06:00:00-07:00"
            },
            "datetimeTo": {
                "utc": "2018-08-10T14:00:00Z",
                "local": "2018-08-10T07:00:00-07:00"
            }
        }
    },
    {
        "value": 14.0,
        "flagInfo": {
            "hasFlags": false
        },
        "parameter": {
            "id": 2,
            "name": "pm25",
            "units": "\u00b5g/m\u00b3",
            "displayName": null
        },
        "period": {
            "label": "raw",
            "interval": "01:00:00",
            "datetimeFrom": {
                "utc": "2018-08-10T15:00:00Z",
                "local": "2018-08-10T08:00:00-07:00"
            },
            "datetimeTo": {
                "utc": "2018-08-10T16:00:00Z",
                "local": "2018-08-10T09:00:00-07:00"
            }
        },
        "coordinates": null,
        "summary": null,
        "coverage": {
            "expectedCount": 1,
            "expectedInterval": "01:00:00",
            "observedCount": 1,
            "observedInterval": "01:00:00",
            "percentComplete": 100.0,
            "percentCoverage": 100.0,
            "datetimeFrom": {
                "utc": "2018-08-10T15:00:00Z",
                "local": "2018-08-10T08:00:00-07:00"
            },
            "datetimeTo": {
                "utc": "2018-08-10T16:00:00Z",
                "local": "2018-08-10T09:00:00-07:00"
            }
        }
    },
    {
        "value": 20.0,
        "flagInfo": {
            "hasFlags": false
        },
        "parameter": {
            "id": 2,
            "name": "pm25",
            "units": "\u00b5g/m\u00b3",
            "displayName": null
        },
        "period": {
            "label": "raw",
            "interval": "01:00:00",
            "datetimeFrom": {
                "utc": "2018-08-10T16:00:00Z",
                "local": "2018-08-10T09:00:00-07:00"
            },
            "datetimeTo": {
                "utc": "2018-08-10T17:00:00Z",
                "local": "2018-08-10T10:00:00-07:00"
            }
        },
        "coordinates": null,
        "summary": null,
        "coverage": {
            "expectedCount": 1,
            "expectedInterval": "01:00:00",
            "observedCount": 1,
            "observedInterval": "01:00:00",
            "percentComplete": 100.0,
            "percentCoverage": 100.0,
            "datetimeFrom": {
                "utc": "2018-08-10T16:00:00Z",
                "local": "2018-08-10T09:00:00-07:00"
            },
            "datetimeTo": {
                "utc": "2018-08-10T17:00:00Z",
                "local": "2018-08-10T10:00:00-07:00"
            }
        }
    },
    {
        "value": 9.0,
        "flagInfo": {
            "hasFlags": false
        },
        "parameter": {
            "id": 2,
            "name": "pm25",
            "units": "\u00b5g/m\u00b3",
            "displayName": null
        },
        "period": {
            "label": "raw",
            "interval": "01:00:00",
            "datetimeFrom": {
                "utc": "2018-08-10T17:00:00Z",
                "local": "2018-08-10T10:00:00-07:00"
            },
            "datetimeTo": {
                "utc": "2018-08-10T18:00:00Z",
                "local": "2018-08-10T11:00:00-07:00"
            }
        },
        "coordinates": null,
        "summary": null,
        "coverage": {
            "expectedCount": 1,
            "expectedInterval": "01:00:00",
            "observedCount": 1,
            "observedInterval": "01:00:00",
            "percentComplete": 100.0,
            "percentCoverage": 100.0,
            "datetimeFrom": {
                "utc": "2018-08-10T17:00:00Z",
                "local": "2018-08-10T10:00:00-07:00"
            },
            "datetimeTo": {
                "utc": "2018-08-10T18:00:00Z",
                "local": "2018-08-10T11:00:00-07:00"
            }
        }
    },
    {
        "value": 21.0,
        "flagInfo": {
            "hasFlags": false
        },
        "parameter": {
            "id": 2,
            "name": "pm25",
            "units": "\u00b5g/m\u00b3",
            "displayName": null
        },
        "period": {
            "label": "raw",
            "interval": "01:00:00",
            "datetimeFrom": {
                "utc": "2018-08-10T18:00:00Z",
                "local": "2018-08-10T11:00:00-07:00"
            },
            "datetimeTo": {
                "utc": "2018-08-10T19:00:00Z",
                "local": "2018-08-10T12:00:00-07:00"
            }
        },
        "coordinates": null,
        "summary": null,
        "coverage": {
            "expectedCount": 1,
            "expectedInterval": "01:00:00",
            "observedCount": 1,
            "observedInterval": "01:00:00",
            "percentComplete": 100.0,
            "percentCoverage": 100.0,
            "datetimeFrom": {
                "utc": "2018-08-10T18:00:00Z",
                "local": "2018-08-10T11:00:00-07:00"
            },
            "datetimeTo": {
                "utc": "2018-08-10T19:00:00Z",
                "local": "2018-08-10T12:00:00-07:00"
            }
        }
    },
    {
        "value": 0.0,
        "flagInfo": {
            "hasFlags": false
        },
        "parameter": {
            "id": 2,
            "name": "pm25",
            "units": "\u00b5g/m\u00b3",
            "displayName": null
        },
        "period": {
            "label": "raw",
            "interval": "01:00:00",
            "datetimeFrom": {
                "utc": "2018-08-15T07:00:00Z",
                "local": "2018-08-15T00:00:00-07:00"
            },
            "datetimeTo": {
                "utc": "2018-08-15T08:00:00Z",
                "local": "2018-08-15T01:00:00-07:00"
            }
        },
        "coordinates": null,
        "summary": null,
        "coverage": {
            "expectedCount": 1,
            "expectedInterval": "01:00:00",
            "observedCount": 1,
            "observedInterval": "01:00:00",
            "percentComplete": 100.0,
            "percentCoverage": 100.0,
            "datetimeFrom": {
                "utc": "2018-08-15T07:00:00Z",
                "local": "2018-08-15T00:00:00-07:00"
            },
            "datetimeTo": {
                "utc": "2018-08-15T08:00:00Z",
                "local": "2018-08-15T01:00:00-07:00"
            }
        }
    },
    {
        "value": 4.0,
        "flagInfo": {
            "hasFlags": false
        },
        "parameter": {
            "id": 2,
            "name": "pm25",
            "units": "\u00b5g/m\u00b3",
            "displayName": null
        },
        "period": {
            "label": "raw",
            "interval": "01:00:00",
            "datetimeFrom": {
                "utc": "2018-08-15T08:00:00Z",
                "local": "2018-08-15T01:00:00-07:00"
            },
            "datetimeTo": {
                "utc": "2018-08-15T09:00:00Z",
                "local": "2018-08-15T02:00:00-07:00"
            }
        },
        "coordinates": null,
        "summary": null,
        "coverage": {
            "expectedCount": 1,
            "expectedInterval": "01:00:00",
            "observedCount": 1,
            "observedInterval": "01:00:00",
            "percentComplete": 100.0,
            "percentCoverage": 100.0,
            "datetimeFrom": {
                "utc": "2018-08-15T08:00:00Z",
                "local": "2018-08-15T01:00:00-07:00"
            },
            "datetimeTo": {
                "utc": "2018-08-15T09:00:00Z",
                "local": "2018-08-15T02:00:00-07:00"
            }
        }
    },
    {
        "value": 13.0,
        "flagInfo": {
            "hasFlags": false
        },
        "parameter": {
            "id": 2,
            "name": "pm25",
            "units": "\u00b5g/m\u00b3",
            "displayName": null
        },
        "period": {
            "label": "raw",
            "interval": "01:00:00",
            "datetimeFrom": {
                "utc": "2018-08-15T09:00:00Z",
                "local": "2018-08-15T02:00:00-07:00"
            },
            "datetimeTo": {
                "utc": "2018-08-15T10:00:00Z",
                "local": "2018-08-15T03:00:00-07:00"
            }
        },
        "coordinates": null,
        "summary": null,
        "coverage": {
            "expectedCount": 1,
            "expectedInterval": "01:00:00",
            "observedCount": 1,
            "observedInterval": "01:00:00",
            "percentComplete": 100.0,
            "percentCoverage": 100.0,
            "datetimeFrom": {
                "utc": "2018-08-15T09:00:00Z",
                "local": "2018-08-15T02:00:00-07:00"
            },
            "datetimeTo": {
                "utc": "2018-08-15T10:00:00Z",
                "local": "2018-08-15T03:00:00-07:00"
            }
        }
    },
    {
        "value": 1.0,
        "flagInfo": {
            "hasFlags": false
        },
        "parameter": {
            "id": 2,
            "name": "pm25",
            "units": "\u00b5g/m\u00b3",
            "displayName": null
        },
        "period": {
            "label": "raw",
            "interval": "01:00:00",
            "datetimeFrom": {
                "utc": "2018-08-15T13:00:00Z",
                "local": "2018-08-15T06:00:00-07:00"
            },
            "datetimeTo": {
                "utc": "2018-08-15T14:00:00Z",
                "local": "2018-08-15T07:00:00-07:00"
            }
        },
        "coordinates": null,
        "summary": null,
        "coverage": {
            "expectedCount": 1,
            "expectedInterval": "01:00:00",
            "observedCount": 1,
            "observedInterval": "01:00:00",
            "percentComplete": 100.0,
            "percentCoverage": 100.0,
            "datetimeFrom": {
                "utc": "2018-08-15T13:00:00Z",
                "local": "2018-08-15T06:00:00-07:00"
            },
            "datetimeTo": {
                "utc": "2018-08-15T14:00:00Z",
                "local": "2018-08-15T07:00:00-07:00"
            }
        }
    },
    {
        "value": 5.0,
        "flagInfo": {
            "hasFlags": false
        },
        "parameter": {
            "id": 2,
            "name": "pm25",
            "units": "\u00b5g/m\u00b3",
            "displayName": null
        },
        "period": {
            "label": "raw",
            "interval": "01:00:00",
            "datetimeFrom": {
                "utc": "2018-08-15T14:00:00Z",
                "local": "2018-08-15T07:00:00-07:00"
            },
            "datetimeTo": {
                "utc": "2018-08-15T15:00:00Z",
                "local": "2018-08-15T08:00:00-07:00"
            }
        },
        "coordinates": null,
        "summary": null,
        "coverage": {
            "expectedCount": 1,
            "expectedInterval": "01:00:00",
            "observedCount": 1,
            "observedInterval": "01:00:00",
            "percentComplete": 100.0,
            "percentCoverage": 100.0,
            "datetimeFrom": {
                "utc": "2018-08-15T14:00:00Z",
                "local": "2018-08-15T07:00:00-07:00"
            },
            "datetimeTo": {
                "utc": "2018-08-15T15:00:00Z",
                "local": "2018-08-15T08:00:00-07:00"
            }
        }
    },
    {
        "value": 6.0,
        "flagInfo": {
            "hasFlags": false
        },
        "parameter": {
            "id": 2,
            "name": "pm25",
            "units": "\u00b5g/m\u00b3",
            "displayName": null
        },
        "period": {
            "label": "raw",
            "interval": "01:00:00",
            "datetimeFrom": {
                "utc": "2018-08-15T15:00:00Z",
                "local": "2018-08-15T08:00:00-07:00"
            },
            "datetimeTo": {
                "utc": "2018-08-15T16:00:00Z",
                "local": "2018-08-15T09:00:00-07:00"
            }
        },
        "coordinates": null,
        "summary": null,
        "coverage": {
            "expectedCount": 1,
            "expectedInterval": "01:00:00",
            "observedCount": 1,
            "observedInterval": "01:00:00",
            "percentComplete": 100.0,
            "percentCoverage": 100.0,
            "datetimeFrom": {
                "utc": "2018-08-15T15:00:00Z",
                "local": "2018-08-15T08:00:00-07:00"
            },
            "datetimeTo": {
                "utc": "2018-08-15T16:00:00Z",
                "local": "2018-08-15T09:00:00-07:00"
            }
        }
    },
    {
        "value": 13.0,
        "flagInfo": {
            "hasFlags": false
        },
        "parameter": {
            "id": 2,
            "name": "pm25",
            "units": "\u00b5g/m\u00b3",
            "displayName": null
        },
        "period": {
            "label": "raw",
            "interval": "01:00:00",
            "datetimeFrom": {
                "utc": "2018-08-15T16:00:00Z",
                "local": "2018-08-15T09:00:00-07:00"
            },
            "datetimeTo": {
                "utc": "2018-08-15T17:00:00Z",
                "local": "2018-08-15T10:00:00-07:00"
            }
        },
        "coordinates": null,
        "summary": null,
        "coverage": {
            "expectedCount": 1,
            "expectedInterval": "01:00:00",
            "observedCount": 1,
            "observedInterval": "01:00:00",
            "percentComplete": 100.0,
            "percentCoverage": 100.0,
            "datetimeFrom": {
                "utc": "2018-08-15T16:00:00Z",
                "local": "2018-08-15T09:00:00-07:00"
            },
            "datetimeTo": {
                "utc": "2018-08-15T17:00:00Z",
                "local": "2018-08-15T10:00:00-07:00"
            }
        }
    },
    {
        "value": 9.0,
        "flagInfo": {
            "hasFlags": false
        },
        "parameter": {
            "id": 2,
            "name": "pm25",
            "units": "\u00b5g/m\u00b3",
            "displayName": null
        },
        "period": {
            "label": "raw",
            "interval": "01:00:00",
            "datetimeFrom": {
                "utc": "2018-08-15T17:00:00Z",
                "local": "2018-08-15T10:00:00-07:00"
            },
            "datetimeTo": {
                "utc": "2018-08-15T18:00:00Z",
                "local": "2018-08-15T11:00:00-07:00"
            }
        },
        "coordinates": null,
        "summary": null,
        "coverage": {
            "expectedCount": 1,
            "expectedInterval": "01:00:00",
            "observedCount": 1,
            "observedInterval": "01:00:00",
            "percentComplete": 100.0,
            "percentCoverage": 100.0,
            "datetimeFrom": {
                "utc": "2018-08-15T17:00:00Z",
                "local": "2018-08-15T10:00:00-07:00"
            },
            "datetimeTo": {
                "utc": "2018-08-15T18:00:00Z",
                "local": "2018-08-15T11:00:00-07:00"
            }
        }
    },
    {
        "value": 6.0,
        "flagInfo": {
            "hasFlags": false
        },
        "parameter": {
            "id": 2,
            "name": "pm25",
            "units": "\u00b5g/m\u00b3",
            "displayName": null
        },
        "period": {
            "label": "raw",
            "interval": "01:00:00",
            "datetimeFrom": {
                "utc": "2018-08-15T18:00:00Z",
                "local": "2018-08-15T11:00:00-07:00"
            },
            "datetimeTo": {
                "utc": "2018-08-15T19:00:00Z",
                "local": "2018-08-15T12:00:00-07:00"
            }
        },
        "coordinates": null,
        "summary": null,
        "coverage": {
            "expectedCount": 1,
            "expectedInterval": "01:00:00",
            "observedCount": 1,
            "observedInterval": "01:00:00",
            "percentComplete": 100.0,
            "percentCoverage": 100.0,
            "datetimeFrom": {
                "utc": "2018-08-15T18:00:00Z",
                "local": "2018-08-15T11:00:00-07:00"
            },
            "datetimeTo": {
                "utc": "2018-08-15T19:00:00Z",
                "local": "2018-08-15T12:00:00-07:00"
            }
        }
    },
    {
        "value": 14.0,
        "flagInfo": {
            "hasFlags": false
        },
        "parameter": {
            "id": 2,
            "name": "pm25",
            "units": "\u00b5g/m\u00b3",
            "displayName": null
        },
        "period": {
            "label": "raw",
            "interval": "01:00:00",
            "datetimeFrom": {
                "utc": "2018-08-15T19:00:00Z",
                "local": "2018-08-15T12:00:00-07:00"
            },
            "datetimeTo": {
                "utc": "2018-08-15T20:00:00Z",
                "local": "2018-08-15T13:00:00-07:00"
            }
        },
        "coordinates": null,
        "summary": null,
        "coverage": {
            "expectedCount": 1,
            "expectedInterval": "01:00:00",
            "observedCount": 1,
            "observedInterval": "01:00:00",
            "percentComplete": 100.0,
            "percentCoverage": 100.0,
            "datetimeFrom": {
                "utc": "2018-08-15T19:00:00Z",
                "local": "2018-08-15T12:00:00-07:00"
            },
            "datetimeTo": {
                "utc": "2018-08-15T20:00:00Z",
                "local": "2018-08-15T13:00:00-07:00"
            }
        }
    },
    {
        "value": 12.0,
        "flagInfo": {
            "hasFlags": false
        },
        "parameter": {
            "id": 2,
            "name": "pm25",
            "units": "\u00b5g/m\u00b3",
            "displayName": null
        },
        "period": {
            "label": "raw",
            "interval": "01:00:00",
            "datetimeFrom": {
                "utc": "2018-08-15T20:00:00Z",
                "local": "2018-08-15T13:00:00-07:00"
            },
            "datetimeTo": {
                "utc": "2018-08-15T21:00:00Z",
                "local": "2018-08-15T14:00:00-07:00"
            }
        },
        "coordinates": null,
        "summary": null,
        "coverage": {
            "expectedCount": 1,
            "expectedInterval": "01:00:00",
            "observedCount": 1,
            "observedInterval": "01:00:00",
            "percentComplete": 100.0,
            "percentCoverage": 100.0,
            "datetimeFrom": {
                "utc": "2018-08-15T20:00:00Z",
                "local": "2018-08-15T13:00:00-07:00"
            },
            "datetimeTo": {
                "utc": "2018-08-15T21:00:00Z",
                "local": "2018-08-15T14:00:00-07:00"
            }
        }
    },
    {
        "value": 21.0,
        "flagInfo": {
            "hasFlags": false
        },
        "parameter": {
            "id": 2,
            "name": "pm25",
            "units": "\u00b5g/m\u00b3",
            "displayName": null
        },
        "period": {
            "label": "raw",
            "interval": "01:00:00",
            "datetimeFrom": {
                "utc": "2018-08-15T21:00:00Z",
                "local": "2018-08-15T14:00:00-07:00"
            },
            "datetimeTo": {
                "utc": "2018-08-15T22:00:00Z",
                "local": "2018-08-15T15:00:00-07:00"
            }
        },
        "coordinates": null,
        "summary": null,
        "coverage": {
            "expectedCount": 1,
            "expectedInterval": "01:00:00",
            "observedCount": 1,
            "observedInterval": "01:00:00",
            "percentComplete": 100.0,
            "percentCoverage": 100.0,
            "datetimeFrom": {
                "utc": "2018-08-15T21:00:00Z",
                "local": "2018-08-15T14:00:00-07:00"
            },
            "datetimeTo": {
                "utc": "2018-08-15T22:00:00Z",
                "local": "2018-08-15T15:00:00-07:00"
            }
        }
    },
    {
        "value": 23.0,
        "flagInfo": {
            "hasFlags": false
        },
        "parameter": {
            "id": 2,
            "name": "pm25",
            "units": "\u00b5g/m\u00b3",
            "displayName": null
        },
        "period": {
            "label": "raw",
            "interval": "01:00:00",
            "datetimeFrom": {
                "utc": "2018-08-15T22:00:00Z",
                "local": "2018-08-15T15:00:00-07:00"
            },
            "datetimeTo": {
                "utc": "2018-08-15T23:00:00Z",
                "local": "2018-08-15T16:00:00-07:00"
            }
        },
        "coordinates": null,
        "summary": null,
        "coverage": {
            "expectedCount": 1,
            "expectedInterval": "01:00:00",
            "observedCount": 1,
            "observedInterval": "01:00:00",
            "percentComplete": 100.0,
            "percentCoverage": 100.0,
            "datetimeFrom": {
                "utc": "2018-08-15T22:00:00Z",
                "local": "2018-08-15T15:00:00-07:00"
            },
            "datetimeTo": {
                "utc": "2018-08-15T23:00:00Z",
                "local": "2018-08-15T16:00:00-07:00"
            }
        }
    },
    {
        "value": 24.0,
        "flagInfo": {
            "hasFlags": false
        },
        "parameter": {
            "id": 2,
            "name": "pm25",
            "units": "\u00b5g/m\u00b3",
            "displayName": null
        },
        "period": {
            "label": "raw",
            "interval": "01:00:00",
            "datetimeFrom": {
                "utc": "2018-08-15T23:00:00Z",
                "local": "2018-08-15T16:00:00-07:00"
            },
            "datetimeTo": {
                "utc": "2018-08-16T00:00:00Z",
                "local": "2018-08-15T17:00:00-07:00"
            }
        },
        "coordinates": null,
        "summary": null,
        "coverage": {
            "expectedCount": 1,
            "expectedInterval": "01:00:00",
            "observedCount": 1,
            "observedInterval": "01:00:00",
            "percentComplete": 100.0,
            "percentCoverage": 100.0,
            "datetimeFrom": {
                "utc": "2018-08-15T23:00:00Z",
                "local": "2018-08-15T16:00:00-07:00"
            },
            "datetimeTo": {
                "utc": "2018-08-16T00:00:00Z",
                "local": "2018-08-15T17:00:00-07:00"
            }
        }
    },
    {
        "value": 16.0,
        "flagInfo": {
            "hasFlags": false
        },
        "parameter": {
            "id": 2,
            "name": "pm25",
            "units": "\u00b5g/m\u00b3",
            "displayName": null
        },
        "period": {
            "label": "raw",
            "interval": "01:00:00",
            "datetimeFrom": {
                "utc": "2018-08-16T00:00:00Z",
                "local": "2018-08-15T17:00:00-07:00"
            },
            "datetimeTo": {
                "utc": "2018-08-16T01:00:00Z",
                "local": "2018-08-15T18:00:00-07:00"
            }
        },
        "coordinates": null,
        "summary": null,
        "coverage": {
            "expectedCount": 1,
            "expectedInterval": "01:00:00",
            "observedCount": 1,
            "observedInterval": "01:00:00",
            "percentComplete": 100.0,
            "percentCoverage": 100.0,
            "datetimeFrom": {
                "utc": "2018-08-16T00:00:00Z",
                "local": "2018-08-15T17:00:00-07:00"
            },
            "datetimeTo": {
                "utc": "2018-08-16T01:00:00Z",
                "local": "2018-08-15T18:00:00-07:00"
            }
        }
    },
    {
        "value": 65.0,
        "flagInfo": {
            "hasFlags": false
        },
        "parameter": {
            "id": 2,
            "name": "pm25",
            "units": "\u00b5g/m\u00b3",
            "displayName": null
        },
        "period": {
            "label": "raw",
            "interval": "01:00:00",
            "datetimeFrom": {
                "utc": "2018-08-17T01:00:00Z",
                "local": "2018-08-16T18:00:00-07:00"
            },
            "datetimeTo": {
                "utc": "2018-08-17T02:00:00Z",
                "local": "2018-08-16T19:00:00-07:00"
            }
        },
        "coordinates": null,
        "summary": null,
        "coverage": {
            "expectedCount": 1,
            "expectedInterval": "01:00:00",
            "observedCount": 1,
            "observedInterval": "01:00:00",
            "percentComplete": 100.0,
            "percentCoverage": 100.0,
            "datetimeFrom": {
                "utc": "2018-08-17T01:00:00Z",
                "local": "2018-08-16T18:00:00-07:00"
            },
            "datetimeTo": {
                "utc": "2018-08-17T02:00:00Z",
                "local": "2018-08-16T19:00:00-07:00"
            }
        }
    },
    {
        "value": 15.0,
        "flagInfo": {
            "hasFlags": false
        },
        "parameter": {
            "id": 2,
            "name": "pm25",
            "units": "\u00b5g/m\u00b3",
            "displayName": null
        },
        "period": {
            "label": "raw",
            "interval": "01:00:00",
            "datetimeFrom": {
                "utc": "2018-08-17T02:00:00Z",
                "local": "2018-08-16T19:00:00-07:00"
            },
            "datetimeTo": {
                "utc": "2018-08-17T03:00:00Z",
                "local": "2018-08-16T20:00:00-07:00"
            }
        },
        "coordinates": null,
        "summary": null,
        "coverage": {
            "expectedCount": 1,
            "expectedInterval": "01:00:00",
            "observedCount": 1,
            "observedInterval": "01:00:00",
            "percentComplete": 100.0,
            "percentCoverage": 100.0,
            "datetimeFrom": {
                "utc": "2018-08-17T02:00:00Z",
                "local": "2018-08-16T19:00:00-07:00"
            },
            "datetimeTo": {
                "utc": "2018-08-17T03:00:00Z",
                "local": "2018-08-16T20:00:00-07:00"
            }
        }
    },
    {
        "value": 8.0,
        "flagInfo": {
            "hasFlags": false
        },
        "parameter": {
            "id": 2,
            "name": "pm25",
            "units": "\u00b5g/m\u00b3",
            "displayName": null
        },
        "period": {
            "label": "raw",
            "interval": "01:00:00",
            "datetimeFrom": {
                "utc": "2018-08-17T03:00:00Z",
                "local": "2018-08-16T20:00:00-07:00"
            },
            "datetimeTo": {
                "utc": "2018-08-17T04:00:00Z",
                "local": "2018-08-16T21:00:00-07:00"
            }
        },
        "coordinates": null,
        "summary": null,
        "coverage": {
            "expectedCount": 1,
            "expectedInterval": "01:00:00",
            "observedCount": 1,
            "observedInterval": "01:00:00",
            "percentComplete": 100.0,
            "percentCoverage": 100.0,
            "datetimeFrom": {
                "utc": "2018-08-17T03:00:00Z",
                "local": "2018-08-16T20:00:00-07:00"
            },
            "datetimeTo": {
                "utc": "2018-08-17T04:00:00Z",
                "local": "2018-08-16T21:00:00-07:00"
            }
        }
    },
    {
        "value": 20.0,
        "flagInfo": {
            "hasFlags": false
        },
        "parameter": {
            "id": 2,
            "name": "pm25",
            "units": "\u00b5g/m\u00b3",
            "displayName": null
        },
        "period": {
            "label": "raw",
            "interval": "01:00:00",
            "datetimeFrom": {
                "utc": "2018-08-17T06:00:00Z",
                "local": "2018-08-16T23:00:00-07:00"
            },
            "datetimeTo": {
                "utc": "2018-08-17T07:00:00Z",
                "local": "2018-08-17T00:00:00-07:00"
            }
        },
        "coordinates": null,
        "summary": null,
        "coverage": {
            "expectedCount": 1,
            "expectedInterval": "01:00:00",
            "observedCount": 1,
            "observedInterval": "01:00:00",
            "percentComplete": 100.0,
            "percentCoverage": 100.0,
            "datetimeFrom": {
                "utc": "2018-08-17T06:00:00Z",
                "local": "2018-08-16T23:00:00-07:00"
            },
            "datetimeTo": {
                "utc": "2018-08-17T07:00:00Z",
                "local": "2018-08-17T00:00:00-07:00"
            }
        }
    },
    {
        "value": 1.0,
        "flagInfo": {
            "hasFlags": false
        },
        "parameter": {
            "id": 2,
            "name": "pm25",
            "units": "\u00b5g/m\u00b3",
            "displayName": null
        },
        "period": {
            "label": "raw",
            "interval": "01:00:00",
            "datetimeFrom": {
                "utc": "2018-08-22T04:00:00Z",
                "local": "2018-08-21T21:00:00-07:00"
            },
            "datetimeTo": {
                "utc": "2018-08-22T05:00:00Z",
                "local": "2018-08-21T22:00:00-07:00"
            }
        },
        "coordinates": null,
        "summary": null,
        "coverage": {
            "expectedCount": 1,
            "expectedInterval": "01:00:00",
            "observedCount": 1,
            "observedInterval": "01:00:00",
            "percentComplete": 100.0,
            "percentCoverage": 100.0,
            "datetimeFrom": {
                "utc": "2018-08-22T04:00:00Z",
                "local": "2018-08-21T21:00:00-07:00"
            },
            "datetimeTo": {
                "utc": "2018-08-22T05:00:00Z",
                "local": "2018-08-21T22:00:00-07:00"
            }
        }
    },
    {
        "value": 15.0,
        "flagInfo": {
            "hasFlags": false
        },
        "parameter": {
            "id": 2,
            "name": "pm25",
            "units": "\u00b5g/m\u00b3",
            "displayName": null
        },
        "period": {
            "label": "raw",
            "interval": "01:00:00",
            "datetimeFrom": {
                "utc": "2018-08-22T05:00:00Z",
                "local": "2018-08-21T22:00:00-07:00"
            },
            "datetimeTo": {
                "utc": "2018-08-22T06:00:00Z",
                "local": "2018-08-21T23:00:00-07:00"
            }
        },
        "coordinates": null,
        "summary": null,
        "coverage": {
            "expectedCount": 1,
            "expectedInterval": "01:00:00",
            "observedCount": 1,
            "observedInterval": "01:00:00",
            "percentComplete": 100.0,
            "percentCoverage": 100.0,
            "datetimeFrom": {
                "utc": "2018-08-22T05:00:00Z",
                "local": "2018-08-21T22:00:00-07:00"
            },
            "datetimeTo": {
                "utc": "2018-08-22T06:00:00Z",
                "local": "2018-08-21T23:00:00-07:00"
            }
        }
    },
    {
        "value": 16.0,
        "flagInfo": {
            "hasFlags": false
        },
        "parameter": {
            "id": 2,
            "name": "pm25",
            "units": "\u00b5g/m\u00b3",
            "displayName": null
        },
        "period": {
            "label": "raw",
            "interval": "01:00:00",
            "datetimeFrom": {
                "utc": "2018-08-22T06:00:00Z",
                "local": "2018-08-21T23:00:00-07:00"
            },
            "datetimeTo": {
                "utc": "2018-08-22T07:00:00Z",
                "local": "2018-08-22T00:00:00-07:00"
            }
        },
        "coordinates": null,
        "summary": null,
        "coverage": {
            "expectedCount": 1,
            "expectedInterval": "01:00:00",
            "observedCount": 1,
            "observedInterval": "01:00:00",
            "percentComplete": 100.0,
            "percentCoverage": 100.0,
            "datetimeFrom": {
                "utc": "2018-08-22T06:00:00Z",
                "local": "2018-08-21T23:00:00-07:00"
            },
            "datetimeTo": {
                "utc": "2018-08-22T07:00:00Z",
                "local": "2018-08-22T00:00:00-07:00"
            }
        }
    }
]