[
    {
        "value": 3.0,
        "flagInfo": {
            "hasFlags": false
        },
        "parameter": {
            "id": 2,
            "name": "pm25",
            "units": "\u00b5g/m\u00b3",
            "displayName": null
        },
        "period": {
            "label": "raw",
            "interval": "01:00:00",
            "datetimeFrom": {
                "utc": "2018-06-30T07:00:00Z",
                "local": "2018-06-30T00:00:00-07:00"
            },
            "datetimeTo": {
                "utc": "2018-06-30T08:00:00Z",
                "local": "2018-06-30T01:00:00-07:00"
            }
        },
        "coordinates": null,
        "summary": null,
        "coverage": {
            "expectedCount": 1,
            "expectedInterval": "01:00:00",
            "observedCount": 1,
            "observedInterval": "01:00:00",
            "percentComplete": 100.0,
            "percentCoverage": 100.0,
            "datetimeFrom": {
                "utc": "2018-06-30T07:00:00Z",
                "local": "2018-06-30T00:00:00-07:00"
            },
            "datetimeTo": {
                "utc": "2018-06-30T08:00:00Z",
                "local": "2018-06-30T01:00:00-07:00"
            }
        }
    },
    {
        "value": 1.0,
        "flagInfo": {
            "hasFlags": false
        },
        "parameter": {
            "id": 2,
            "name": "pm25",
            "units": "\u00b5g/m\u00b3",
            "displayName": null
        },
        "period": {
            "label": "raw",
            "interval": "01:00:00",
            "datetimeFrom": {
                "utc": "2018-06-30T08:00:00Z",
                "local": "2018-06-30T01:00:00-07:00"
            },
            "datetimeTo": {
                "utc": "2018-06-30T09:00:00Z",
                "local": "2018-06-30T02:00:00-07:00"
            }
        },
        "coordinates": null,
        "summary": null,
        "coverage": {
            "expectedCount": 1,
            "expectedInterval": "01:00:00",
            "observedCount": 1,
            "observedInterval": "01:00:00",
            "percentComplete": 100.0,
            "percentCoverage": 100.0,
            "datetimeFrom": {
                "utc": "2018-06-30T08:00:00Z",
                "local": "2018-06-30T01:00:00-07:00"
            },
            "datetimeTo": {
                "utc": "2018-06-30T09:00:00Z",
                "local": "2018-06-30T02:00:00-07:00"
            }
        }
    },
    {
        "value": 7.0,
        "flagInfo": {
            "hasFlags": false
        },
        "parameter": {
            "id": 2,
            "name": "pm25",
            "units": "\u00b5g/m\u00b3",
            "displayName": null
        },
        "period": {
            "label": "raw",
            "interval": "01:00:00",
            "datetimeFrom": {
                "utc": "2018-06-30T09:00:00Z",
                "local": "2018-06-30T02:00:00-07:00"
            },
            "datetimeTo": {
                "utc": "2018-06-30T10:00:00Z",
                "local": "2018-06-30T03:00:00-07:00"
            }
        },
        "coordinates": null,
        "summary": null,
        "coverage": {
            "expectedCount": 1,
            "expectedInterval": "01:00:00",
            "observedCount": 1,
            "observedInterval": "01:00:00",
            "percentComplete": 100.0,
            "percentCoverage": 100.0,
            "datetimeFrom": {
                "utc": "2018-06-30T09:00:00Z",
                "local": "2018-06-30T02:00:00-07:00"
            },
            "datetimeTo": {
                "utc": "2018-06-30T10:00:00Z",
                "local": "2018-06-30T03:00:00-07:00"
            }
        }
    },
    {
        "value": 4.0,
        "flagInfo": {
            "hasFlags": false
        },
        "parameter": {
            "id": 2,
            "name": "pm25",
            "units": "\u00b5g/m\u00b3",
            "displayName": null
        },
        "period": {
            "label": "raw",
            "interval": "01:00:00",
            "datetimeFrom": {
                "utc": "2018-06-30T10:00:00Z",
                "local": "2018-06-30T03:00:00-07:00"
            },
            "datetimeTo": {
                "utc": "2018-06-30T11:00:00Z",
                "local": "2018-06-30T04:00:00-07:00"
            }
        },
        "coordinates": null,
        "summary": null,
        "coverage": {
            "expectedCount": 1,
            "expectedInterval": "01:00:00",
            "observedCount": 1,
            "observedInterval": "01:00:00",
            "percentComplete": 100.0,
            "percentCoverage": 100.0,
            "datetimeFrom": {
                "utc": "2018-06-30T10:00:00Z",
                "local": "2018-06-30T03:00:00-07:00"
            },
            "datetimeTo": {
                "utc": "2018-06-30T11:00:00Z",
                "local": "2018-06-30T04:00:00-07:00"
            }
        }
    },
    {
        "value": 1.0,
        "flagInfo": {
            "hasFlags": false
        },
        "parameter": {
            "id": 2,
            "name": "pm25",
            "units": "\u00b5g/m\u00b3",
            "displayName": null
        },
        "period": {
            "label": "raw",
            "interval": "01:00:00",
            "datetimeFrom": {
                "utc": "2018-06-30T12:00:00Z",
                "local": "2018-06-30T05:00:00-07:00"
            },
            "datetimeTo": {
                "utc": "2018-06-30T13:00:00Z",
                "local": "2018-06-30T06:00:00-07:00"
            }
        },
        "coordinates": null,
        "summary": null,
        "coverage": {
            "expectedCount": 1,
            "expectedInterval": "01:00:00",
            "observedCount": 1,
            "observedInterval": "01:00:00",
            "percentComplete": 100.0,
            "percentCoverage": 100.0,
            "datetimeFrom": {
                "utc": "2018-06-30T12:00:00Z",
                "local": "2018-06-30T05:00:00-07:00"
            },
            "datetimeTo": {
                "utc": "2018-06-30T13:00:00Z",
                "local": "2018-06-30T06:00:00-07:00"
            }
        }
    },
    {
        "value": 6.0,
        "flagInfo": {
            "hasFlags": false
        },
        "parameter": {
            "id": 2,
            "name": "pm25",
            "units": "\u00b5g/m\u00b3",
            "displayName": null
        },
        "period": {
            "label": "raw",
            "interval": "01:00:00",
            "datetimeFrom": {
                "utc": "2018-06-30T14:00:00Z",
                "local": "2018-06-30T07:00:00-07:00"
            },
            "datetimeTo": {
                "utc": "2018-06-30T15:00:00Z",
                "local": "2018-06-30T08:00:00-07:00"
            }
        },
        "coordinates": null,
        "summary": null,
        "coverage": {
            "expectedCount": 1,
            "expectedInterval": "01:00:00",
            "observedCount": 1,
            "observedInterval": "01:00:00",
            "percentComplete": 100.0,
            "percentCoverage": 100.0,
            "datetimeFrom": {
                "utc": "2018-06-30T14:00:00Z",
                "local": "2018-06-30T07:00:00-07:00"
            },
            "datetimeTo": {
                "utc": "2018-06-30T15:00:00Z",
                "local": "2018-06-30T08:00:00-07:00"
            }
        }
    },
    {
        "value": 1.0,
        "flagInfo": {
            "hasFlags": false
        },
        "parameter": {
            "id": 2,
            "name": "pm25",
            "units": "\u00b5g/m\u00b3",
            "displayName": null
        },
        "period": {
            "label": "raw",
            "interval": "01:00:00",
            "datetimeFrom": {
                "utc": "2018-06-30T15:00:00Z",
                "local": "2018-06-30T08:00:00-07:00"
            },
            "datetimeTo": {
                "utc": "2018-06-30T16:00:00Z",
                "local": "2018-06-30T09:00:00-07:00"
            }
        },
        "coordinates": null,
        "summary": null,
        "coverage": {
            "expectedCount": 1,
            "expectedInterval": "01:00:00",
            "observedCount": 1,
            "observedInterval": "01:00:00",
            "percentComplete": 100.0,
            "percentCoverage": 100.0,
            "datetimeFrom": {
                "utc": "2018-06-30T15:00:00Z",
                "local": "2018-06-30T08:00:00-07:00"
            },
            "datetimeTo": {
                "utc": "2018-06-30T16:00:00Z",
                "local": "2018-06-30T09:00:00-07:00"
            }
        }
    },
    {
        "value": -2.0,
        "flagInfo": {
            "hasFlags": false
        },
        "parameter": {
            "id": 2,
            "name": "pm25",
            "units": "\u00b5g/m\u00b3",
            "displayName": null
        },
        "period": {
            "label": "raw",
            "interval": "01:00:00",
            "datetimeFrom": {
                "utc": "2018-06-30T16:00:00Z",
                "local": "2018-06-30T09:00:00-07:00"
            },
            "datetimeTo": {
                "utc": "2018-06-30T17:00:00Z",
                "local": "2018-06-30T10:00:00-07:00"
            }
        },
        "coordinates": null,
        "summary": null,
        "coverage": {
            "expectedCount": 1,
            "expectedInterval": "01:00:00",
            "observedCount": 1,
            "observedInterval": "01:00:00",
            "percentComplete": 100.0,
            "percentCoverage": 100.0,
            "datetimeFrom": {
                "utc": "2018-06-30T16:00:00Z",
                "local": "2018-06-30T09:00:00-07:00"
            },
            "datetimeTo": {
                "utc": "2018-06-30T17:00:00Z",
                "local": "2018-06-30T10:00:00-07:00"
            }
        }
    },
    {
        "value": 4.0,
        "flagInfo": {
            "hasFlags": false
        },
        "parameter": {
            "id": 2,
            "name": "pm25",
            "units": "\u00b5g/m\u00b3",
            "displayName": null
        },
        "period": {
            "label": "raw",
            "interval": "01:00:00",
            "datetimeFrom": {
                "utc": "2018-06-30T17:00:00Z",
                "local": "2018-06-30T10:00:00-07:00"
            },
            "datetimeTo": {
                "utc": "2018-06-30T18:00:00Z",
                "local": "2018-06-30T11:00:00-07:00"
            }
        },
        "coordinates": null,
        "summary": null,
        "coverage": {
            "expectedCount": 1,
            "expectedInterval": "01:00:00",
            "observedCount": 1,
            "observedInterval": "01:00:00",
            "percentComplete": 100.0,
            "percentCoverage": 100.0,
            "datetimeFrom": {
                "utc": "2018-06-30T17:00:00Z",
                "local": "2018-06-30T10:00:00-07:00"
            },
            "datetimeTo": {
                "utc": "2018-06-30T18:00:00Z",
                "local": "2018-06-30T11:00:00-07:00"
            }
        }
    },
    {
        "value": 4.0,
        "flagInfo": {
            "hasFlags": false
        },
        "parameter": {
            "id": 2,
            "name": "pm25",
            "units": "\u00b5g/m\u00b3",
            "displayName": null
        },
        "period": {
            "label": "raw",
            "interval": "01:00:00",
            "datetimeFrom": {
                "utc": "2018-06-30T18:00:00Z",
                "local": "2018-06-30T11:00:00-07:00"
            },
            "datetimeTo": {
                "utc": "2018-06-30T19:00:00Z",
                "local": "2018-06-30T12:00:00-07:00"
            }
        },
        "coordinates": null,
        "summary": null,
        "coverage": {
            "expectedCount": 1,
            "expectedInterval": "01:00:00",
            "observedCount": 1,
            "observedInterval": "01:00:00",
            "percentComplete": 100.0,
            "percentCoverage": 100.0,
            "datetimeFrom": {
                "utc": "2018-06-30T18:00:00Z",
                "local": "2018-06-30T11:00:00-07:00"
            },
            "datetimeTo": {
                "utc": "2018-06-30T19:00:00Z",
                "local": "2018-06-30T12:00:00-07:00"
            }
        }
    },
    {
        "value": 0.0,
        "flagInfo": {
            "hasFlags": false
        },
        "parameter": {
            "id": 2,
            "name": "pm25",
            "units": "\u00b5g/m\u00b3",
            "displayName": null
        },
        "period": {
            "label": "raw",
            "interval": "01:00:00",
            "datetimeFrom": {
                "utc": "2018-07-01T08:00:00Z",
                "local": "2018-07-01T01:00:00-07:00"
            },
            "datetimeTo": {
                "utc": "2018-07-01T09:00:00Z",
                "local": "2018-07-01T02:00:00-07:00"
            }
        },
        "coordinates": null,
        "summary": null,
        "coverage": {
            "expectedCount": 1,
            "expectedInterval": "01:00:00",
            "observedCount": 1,
            "observedInterval": "01:00:00",
            "percentComplete": 100.0,
            "percentCoverage": 100.0,
            "datetimeFrom": {
                "utc": "2018-07-01T08:00:00Z",
                "local": "2018-07-01T01:00:00-07:00"
            },
            "datetimeTo": {
                "utc": "2018-07-01T09:00:00Z",
                "local": "2018-07-01T02:00:00-07:00"
            }
        }
    },
    {
        "value": -4.0,
        "flagInfo": {
            "hasFlags": false
        },
        "parameter": {
            "id": 2,
            "name": "pm25",
            "units": "\u00b5g/m\u00b3",
            "displayName": null
        },
        "period": {
            "label": "raw",
            "interval": "01:00:00",
            "datetimeFrom": {
                "utc": "2018-07-01T09:00:00Z",
                "local": "2018-07-01T02:00:00-07:00"
            },
            "datetimeTo": {
                "utc": "2018-07-01T10:00:00Z",
                "local": "2018-07-01T03:00:00-07:00"
            }
        },
        "coordinates": null,
        "summary": null,
        "coverage": {
            "expectedCount": 1,
            "expectedInterval": "01:00:00",
            "observedCount": 1,
            "observedInterval": "01:00:00",
            "percentComplete": 100.0,
            "percentCoverage": 100.0,
            "datetimeFrom": {
                "utc": "2018-07-01T09:00:00Z",
                "local": "2018-07-01T02:00:00-07:00"
            },
            "datetimeTo": {
                "utc": "2018-07-01T10:00:00Z",
                "local": "2018-07-01T03:00:00-07:00"
            }
        }
    },
    {
        "value": 1.0,
        "flagInfo": {
            "hasFlags": false
        },
        "parameter": {
            "id": 2,
            "name": "pm25",
            "units": "\u00b5g/m\u00b3",
            "displayName": null
        },
        "period": {
            "label": "raw",
            "interval": "01:00:00",
            "datetimeFrom": {
                "utc": "2018-07-01T10:00:00Z",
                "local": "2018-07-01T03:00:00-07:00"
            },
            "datetimeTo": {
                "utc": "2018-07-01T11:00:00Z",
                "local": "2018-07-01T04:00:00-07:00"
            }
        },
        "coordinates": null,
        "summary": null,
        "coverage": {
            "expectedCount": 1,
            "expectedInterval": "01:00:00",
            "observedCount": 1,
            "observedInterval": "01:00:00",
            "percentComplete": 100.0,
            "percentCoverage": 100.0,
            "datetimeFrom": {
                "utc": "2018-07-01T10:00:00Z",
                "local": "2018-07-01T03:00:00-07:00"
            },
            "datetimeTo": {
                "utc": "2018-07-01T11:00:00Z",
                "local": "2018-07-01T04:00:00-07:00"
            }
        }
    },
    {
        "value": -1.0,
        "flagInfo": {
            "hasFlags": false
        },
        "parameter": {
            "id": 2,
            "name": "pm25",
            "units": "\u00b5g/m\u00b3",
            "displayName": null
        },
        "period": {
            "label": "raw",
            "interval": "01:00:00",
            "datetimeFrom": {
                "utc": "2018-07-01T11:00:00Z",
                "local": "2018-07-01T04:00:00-07:00"
            },
            "datetimeTo": {
                "utc": "2018-07-01T12:00:00Z",
                "local": "2018-07-01T05:00:00-07:00"
            }
        },
        "coordinates": null,
        "summary": null,
        "coverage": {
            "expectedCount": 1,
            "expectedInterval": "01:00:00",
            "observedCount": 1,
            "observedInterval": "01:00:00",
            "percentComplete": 100.0,
            "percentCoverage": 100.0,
            "datetimeFrom": {
                "utc": "2018-07-01T11:00:00Z",
                "local": "2018-07-01T04:00:00-07:00"
            },
            "datetimeTo": {
                "utc": "2018-07-01T12:00:00Z",
                "local": "2018-07-01T05:00:00-07:00"
            }
        }
    },
    {
        "value": -3.0,
        "flagInfo": {
            "hasFlags": false
        },
        "parameter": {
            "id": 2,
            "name": "pm25",
            "units": "\u00b5g/m\u00b3",
            "displayName": null
        },
        "period": {
            "label": "raw",
            "interval": "01:00:00",
            "datetimeFrom": {
                "utc": "2018-07-01T12:00:00Z",
                "local": "2018-07-01T05:00:00-07:00"
            },
            "datetimeTo": {
                "utc": "2018-07-01T13:00:00Z",
                "local": "2018-07-01T06:00:00-07:00"
            }
        },
        "coordinates": null,
        "summary": null,
        "coverage": {
            "expectedCount": 1,
            "expectedInterval": "01:00:00",
            "observedCount": 1,
            "observedInterval": "01:00:00",
            "percentComplete": 100.0,
            "percentCoverage": 100.0,
            "datetimeFrom": {
                "utc": "2018-07-01T12:00:00Z",
                "local": "2018-07-01T05:00:00-07:00"
            },
            "datetimeTo": {
                "utc": "2018-07-01T13:00:00Z",
                "local": "2018-07-01T06:00:00-07:00"
            }
        }
    },
    {
        "value": 3.0,
        "flagInfo": {
            "hasFlags": false
        },
        "parameter": {
            "id": 2,
            "name": "pm25",
            "units": "\u00b5g/m\u00b3",
            "displayName": null
        },
        "period": {
            "label": "raw",
            "interval": "01:00:00",
            "datetimeFrom": {
                "utc": "2018-07-01T13:00:00Z",
                "local": "2018-07-01T06:00:00-07:00"
            },
            "datetimeTo": {
                "utc": "2018-07-01T14:00:00Z",
                "local": "2018-07-01T07:00:00-07:00"
            }
        },
        "coordinates": null,
        "summary": null,
        "coverage": {
            "expectedCount": 1,
            "expectedInterval": "01:00:00",
            "observedCount": 1,
            "observedInterval": "01:00:00",
            "percentComplete": 100.0,
            "percentCoverage": 100.0,
            "datetimeFrom": {
                "utc": "2018-07-01T13:00:00Z",
                "local": "2018-07-01T06:00:00-07:00"
            },
            "datetimeTo": {
                "utc": "2018-07-01T14:00:00Z",
                "local": "2018-07-01T07:00:00-07:00"
            }
        }
    },
    {
        "value": -3.0,
        "flagInfo": {
            "hasFlags": false
        },
        "parameter": {
            "id": 2,
            "name": "pm25",
            "units": "\u00b5g/m\u00b3",
            "displayName": null
        },
        "period": {
            "label": "raw",
            "interval": "01:00:00",
            "datetimeFrom": {
                "utc": "2018-07-01T14:00:00Z",
                "local": "2018-07-01T07:00:00-07:00"
            },
            "datetimeTo": {
                "utc": "2018-07-01T15:00:00Z",
                "local": "2018-07-01T08:00:00-07:00"
            }
        },
        "coordinates": null,
        "summary": null,
        "coverage": {
            "expectedCount": 1,
            "expectedInterval": "01:00:00",
            "observedCount": 1,
            "observedInterval": "01:00:00",
            "percentComplete": 100.0,
            "percentCoverage": 100.0,
            "datetimeFrom": {
                "utc": "2018-07-01T14:00:00Z",
                "local": "2018-07-01T07:00:00-07:00"
            },
            "datetimeTo": {
                "utc": "2018-07-01T15:00:00Z",
                "local": "2018-07-01T08:00:00-07:00"
            }
        }
    },
    {
        "value": -2.0,
        "flagInfo": {
            "hasFlags": false
        },
        "parameter": {
            "id": 2,
            "name": "pm25",
            "units": "\u00b5g/m\u00b3",
            "displayName": null
        },
        "period": {
            "label": "raw",
            "interval": "01:00:00",
            "datetimeFrom": {
                "utc": "2018-07-01T15:00:00Z",
                "local": "2018-07-01T08:00:00-07:00"
            },
            "datetimeTo": {
                "utc": "2018-07-01T16:00:00Z",
                "local": "2018-07-01T09:00:00-07:00"
            }
        },
        "coordinates": null,
        "summary": null,
        "coverage": {
            "expectedCount": 1,
            "expectedInterval": "01:00:00",
            "observedCount": 1,
            "observedInterval": "01:00:00",
            "percentComplete": 100.0,
            "percentCoverage": 100.0,
            "datetimeFrom": {
                "utc": "2018-07-01T15:00:00Z",
                "local": "2018-07-01T08:00:00-07:00"
            },
            "datetimeTo": {
                "utc": "2018-07-01T16:00:00Z",
                "local": "2018-07-01T09:00:00-07:00"
            }
        }
    },
    {
        "value": -3.0,
        "flagInfo": {
            "hasFlags": false
        },
        "parameter": {
            "id": 2,
            "name": "pm25",
            "units": "\u00b5g/m\u00b3",
            "displayName": null
        },
        "period": {
            "label": "raw",
            "interval": "01:00:00",
            "datetimeFrom": {
                "utc": "2018-07-01T16:00:00Z",
                "local": "2018-07-01T09:00:00-07:00"
            },
            "datetimeTo": {
                "utc": "2018-07-01T17:00:00Z",
                "local": "2018-07-01T10:00:00-07:00"
            }
        },
        "coordinates": null,
        "summary": null,
        "coverage": {
            "expectedCount": 1,
            "expectedInterval": "01:00:00",
            "observedCount": 1,
            "observedInterval": "01:00:00",
            "percentComplete": 100.0,
            "percentCoverage": 100.0,
            "datetimeFrom": {
                "utc": "2018-07-01T16:00:00Z",
                "local": "2018-07-01T09:00:00-07:00"
            },
            "datetimeTo": {
                "utc": "2018-07-01T17:00:00Z",
                "local": "2018-07-01T10:00:00-07:00"
            }
        }
    },
    {
        "value": 0.0,
        "flagInfo": {
            "hasFlags": false
        },
        "parameter": {
            "id": 2,
            "name": "pm25",
            "units": "\u00b5g/m\u00b3",
            "displayName": null
        },
        "period": {
            "label": "raw",
            "interval": "01:00:00",
            "datetimeFrom": {
                "utc": "2018-07-01T17:00:00Z",
                "local": "2018-07-01T10:00:00-07:00"
            },
            "datetimeTo": {
                "utc": "2018-07-01T18:00:00Z",
                "local": "2018-07-01T11:00:00-07:00"
            }
        },
        "coordinates": null,
        "summary": null,
        "coverage": {
            "expectedCount": 1,
            "expectedInterval": "01:00:00",
            "observedCount": 1,
            "observedInterval": "01:00:00",
            "percentComplete": 100.0,
            "percentCoverage": 100.0,
            "datetimeFrom": {
                "utc": "2018-07-01T17:00:00Z",
                "local": "2018-07-01T10:00:00-07:00"
            },
            "datetimeTo": {
                "utc": "2018-07-01T18:00:00Z",
                "local": "2018-07-01T11:00:00-07:00"
            }
        }
    },
    {
        "value": -1.0,
        "flagInfo": {
            "hasFlags": false
        },
        "parameter": {
            "id": 2,
            "name": "pm25",
            "units": "\u00b5g/m\u00b3",
            "displayName": null
        },
        "period": {
            "label": "raw",
            "interval": "01:00:00",
            "datetimeFrom": {
                "utc": "2018-07-01T18:00:00Z",
                "local": "2018-07-01T11:00:00-07:00"
            },
            "datetimeTo": {
                "utc": "2018-07-01T19:00:00Z",
                "local": "2018-07-01T12:00:00-07:00"
            }
        },
        "coordinates": null,
        "summary": null,
        "coverage": {
            "expectedCount": 1,
            "expectedInterval": "01:00:00",
            "observedCount": 1,
            "observedInterval": "01:00:00",
            "percentComplete": 100.0,
            "percentCoverage": 100.0,
            "datetimeFrom": {
                "utc": "2018-07-01T18:00:00Z",
                "local": "2018-07-01T11:00:00-07:00"
            },
            "datetimeTo": {
                "utc": "2018-07-01T19:00:00Z",
                "local": "2018-07-01T12:00:00-07:00"
            }
        }
    },
    {
        "value": 10.0,
        "flagInfo": {
            "hasFlags": false
        },
        "parameter": {
            "id": 2,
            "name": "pm25",
            "units": "\u00b5g/m\u00b3",
            "displayName": null
        },
        "period": {
            "label": "raw",
            "interval": "01:00:00",
            "datetimeFrom": {
                "utc": "2018-07-01T19:00:00Z",
                "local": "2018-07-01T12:00:00-07:00"
            },
            "datetimeTo": {
                "utc": "2018-07-01T20:00:00Z",
                "local": "2018-07-01T13:00:00-07:00"
            }
        },
        "coordinates": null,
        "summary": null,
        "coverage": {
            "expectedCount": 1,
            "expectedInterval": "01:00:00",
            "observedCount": 1,
            "observedInterval": "01:00:00",
            "percentComplete": 100.0,
            "percentCoverage": 100.0,
            "datetimeFrom": {
                "utc": "2018-07-01T19:00:00Z",
                "local": "2018-07-01T12:00:00-07:00"
            },
            "datetimeTo": {
                "utc": "2018-07-01T20:00:00Z",
                "local": "2018-07-01T13:00:00-07:00"
            }
        }
    }
]