[
    {
        "value": 18.0,
        "flagInfo": {
            "hasFlags": false
        },
        "parameter": {
            "id": 2,
            "name": "pm25",
            "units": "\u00b5g/m\u00b3",
            "displayName": null
        },
        "period": {
            "label": "raw",
            "interval": "01:00:00",
            "datetimeFrom": {
                "utc": "2017-10-10T22:00:00Z",
                "local": "2017-10-10T15:00:00-07:00"
            },
            "datetimeTo": {
                "utc": "2017-10-10T23:00:00Z",
                "local": "2017-10-10T16:00:00-07:00"
            }
        },
        "coordinates": null,
        "summary": null,
        "coverage": {
            "expectedCount": 1,
            "expectedInterval": "01:00:00",
            "observedCount": 1,
            "observedInterval": "01:00:00",
            "percentComplete": 100.0,
            "percentCoverage": 100.0,
            "datetimeFrom": {
                "utc": "2017-10-10T22:00:00Z",
                "local": "2017-10-10T15:00:00-07:00"
            },
            "datetimeTo": {
                "utc": "2017-10-10T23:00:00Z",
                "local": "2017-10-10T16:00:00-07:00"
            }
        }
    },
    {
        "value": 24.0,
        "flagInfo": {
            "hasFlags": false
        },
        "parameter": {
            "id": 2,
            "name": "pm25",
            "units": "\u00b5g/m\u00b3",
            "displayName": null
        },
        "period": {
            "label": "raw",
            "interval": "01:00:00",
            "datetimeFrom": {
                "utc": "2017-10-11T00:00:00Z",
                "local": "2017-10-10T17:00:00-07:00"
            },
            "datetimeTo": {
                "utc": "2017-10-11T01:00:00Z",
                "local": "2017-10-10T18:00:00-07:00"
            }
        },
        "coordinates": null,
        "summary": null,
        "coverage": {
            "expectedCount": 1,
            "expectedInterval": "01:00:00",
            "observedCount": 1,
            "observedInterval": "01:00:00",
            "percentComplete": 100.0,
            "percentCoverage": 100.0,
            "datetimeFrom": {
                "utc": "2017-10-11T00:00:00Z",
                "local": "2017-10-10T17:00:00-07:00"
            },
            "datetimeTo": {
                "utc": "2017-10-11T01:00:00Z",
                "local": "2017-10-10T18:00:00-07:00"
            }
        }
    },
    {
        "value": 9.0,
        "flagInfo": {
            "hasFlags": false
        },
        "parameter": {
            "id": 2,
            "name": "pm25",
            "units": "\u00b5g/m\u00b3",
            "displayName": null
        },
        "period": {
            "label": "raw",
            "interval": "01:00:00",
            "datetimeFrom": {
                "utc": "2017-10-11T05:00:00Z",
                "local": "2017-10-10T22:00:00-07:00"
            },
            "datetimeTo": {
                "utc": "2017-10-11T06:00:00Z",
                "local": "2017-10-10T23:00:00-07:00"
            }
        },
        "coordinates": null,
        "summary": null,
        "coverage": {
            "expectedCount": 1,
            "expectedInterval": "01:00:00",
            "observedCount": 1,
            "observedInterval": "01:00:00",
            "percentComplete": 100.0,
            "percentCoverage": 100.0,
            "datetimeFrom": {
                "utc": "2017-10-11T05:00:00Z",
                "local": "2017-10-10T22:00:00-07:00"
            },
            "datetimeTo": {
                "utc": "2017-10-11T06:00:00Z",
                "local": "2017-10-10T23:00:00-07:00"
            }
        }
    },
    {
        "value": 4.0,
        "flagInfo": {
            "hasFlags": false
        },
        "parameter": {
            "id": 2,
            "name": "pm25",
            "units": "\u00b5g/m\u00b3",
            "displayName": null
        },
        "period": {
            "label": "raw",
            "interval": "01:00:00",
            "datetimeFrom": {
                "utc": "2017-10-11T07:00:00Z",
                "local": "2017-10-11T00:00:00-07:00"
            },
            "datetimeTo": {
                "utc": "2017-10-11T08:00:00Z",
                "local": "2017-10-11T01:00:00-07:00"
            }
        },
        "coordinates": null,
        "summary": null,
        "coverage": {
            "expectedCount": 1,
            "expectedInterval": "01:00:00",
            "observedCount": 1,
            "observedInterval": "01:00:00",
            "percentComplete": 100.0,
            "percentCoverage": 100.0,
            "datetimeFrom": {
                "utc": "2017-10-11T07:00:00Z",
                "local": "2017-10-11T00:00:00-07:00"
            },
            "datetimeTo": {
                "utc": "2017-10-11T08:00:00Z",
                "local": "2017-10-11T01:00:00-07:00"
            }
        }
    },
    {
        "value": 11.0,
        "flagInfo": {
            "hasFlags": false
        },
        "parameter": {
            "id": 2,
            "name": "pm25",
            "units": "\u00b5g/m\u00b3",
            "displayName": null
        },
        "period": {
            "label": "raw",
            "interval": "01:00:00",
            "datetimeFrom": {
                "utc": "2017-10-11T10:00:00Z",
                "local": "2017-10-11T03:00:00-07:00"
            },
            "datetimeTo": {
                "utc": "2017-10-11T11:00:00Z",
                "local": "2017-10-11T04:00:00-07:00"
            }
        },
        "coordinates": null,
        "summary": null,
        "coverage": {
            "expectedCount": 1,
            "expectedInterval": "01:00:00",
            "observedCount": 1,
            "observedInterval": "01:00:00",
            "percentComplete": 100.0,
            "percentCoverage": 100.0,
            "datetimeFrom": {
                "utc": "2017-10-11T10:00:00Z",
                "local": "2017-10-11T03:00:00-07:00"
            },
            "datetimeTo": {
                "utc": "2017-10-11T11:00:00Z",
                "local": "2017-10-11T04:00:00-07:00"
            }
        }
    },
    {
        "value": 2.0,
        "flagInfo": {
            "hasFlags": false
        },
        "parameter": {
            "id": 2,
            "name": "pm25",
            "units": "\u00b5g/m\u00b3",
            "displayName": null
        },
        "period": {
            "label": "raw",
            "interval": "01:00:00",
            "datetimeFrom": {
                "utc": "2017-10-11T11:00:00Z",
                "local": "2017-10-11T04:00:00-07:00"
            },
            "datetimeTo": {
                "utc": "2017-10-11T12:00:00Z",
                "local": "2017-10-11T05:00:00-07:00"
            }
        },
        "coordinates": null,
        "summary": null,
        "coverage": {
            "expectedCount": 1,
            "expectedInterval": "01:00:00",
            "observedCount": 1,
            "observedInterval": "01:00:00",
            "percentComplete": 100.0,
            "percentCoverage": 100.0,
            "datetimeFrom": {
                "utc": "2017-10-11T11:00:00Z",
                "local": "2017-10-11T04:00:00-07:00"
            },
            "datetimeTo": {
                "utc": "2017-10-11T12:00:00Z",
                "local": "2017-10-11T05:00:00-07:00"
            }
        }
    },
    {
        "value": 9.0,
        "flagInfo": {
            "hasFlags": false
        },
        "parameter": {
            "id": 2,
            "name": "pm25",
            "units": "\u00b5g/m\u00b3",
            "displayName": null
        },
        "period": {
            "label": "raw",
            "interval": "01:00:00",
            "datetimeFrom": {
                "utc": "2017-10-11T12:00:00Z",
                "local": "2017-10-11T05:00:00-07:00"
            },
            "datetimeTo": {
                "utc": "2017-10-11T13:00:00Z",
                "local": "2017-10-11T06:00:00-07:00"
            }
        },
        "coordinates": null,
        "summary": null,
        "coverage": {
            "expectedCount": 1,
            "expectedInterval": "01:00:00",
            "observedCount": 1,
            "observedInterval": "01:00:00",
            "percentComplete": 100.0,
            "percentCoverage": 100.0,
            "datetimeFrom": {
                "utc": "2017-10-11T12:00:00Z",
                "local": "2017-10-11T05:00:00-07:00"
            },
            "datetimeTo": {
                "utc": "2017-10-11T13:00:00Z",
                "local": "2017-10-11T06:00:00-07:00"
            }
        }
    },
    {
        "value": 8.0,
        "flagInfo": {
            "hasFlags": false
        },
        "parameter": {
            "id": 2,
            "name": "pm25",
            "units": "\u00b5g/m\u00b3",
            "displayName": null
        },
        "period": {
            "label": "raw",
            "interval": "01:00:00",
            "datetimeFrom": {
                "utc": "2017-10-11T16:00:00Z",
                "local": "2017-10-11T09:00:00-07:00"
            },
            "datetimeTo": {
                "utc": "2017-10-11T17:00:00Z",
                "local": "2017-10-11T10:00:00-07:00"
            }
        },
        "coordinates": null,
        "summary": null,
        "coverage": {
            "expectedCount": 1,
            "expectedInterval": "01:00:00",
            "observedCount": 1,
            "observedInterval": "01:00:00",
            "percentComplete": 100.0,
            "percentCoverage": 100.0,
            "datetimeFrom": {
                "utc": "2017-10-11T16:00:00Z",
                "local": "2017-10-11T09:00:00-07:00"
            },
            "datetimeTo": {
                "utc": "2017-10-11T17:00:00Z",
                "local": "2017-10-11T10:00:00-07:00"
            }
        }
    },
    {
        "value": 16.0,
        "flagInfo": {
            "hasFlags": false
        },
        "parameter": {
            "id": 2,
            "name": "pm25",
            "units": "\u00b5g/m\u00b3",
            "displayName": null
        },
        "period": {
            "label": "raw",
            "interval": "01:00:00",
            "datetimeFrom": {
                "utc": "2017-10-11T18:00:00Z",
                "local": "2017-10-11T11:00:00-07:00"
            },
            "datetimeTo": {
                "utc": "2017-10-11T19:00:00Z",
                "local": "2017-10-11T12:00:00-07:00"
            }
        },
        "coordinates": null,
        "summary": null,
        "coverage": {
            "expectedCount": 1,
            "expectedInterval": "01:00:00",
            "observedCount": 1,
            "observedInterval": "01:00:00",
            "percentComplete": 100.0,
            "percentCoverage": 100.0,
            "datetimeFrom": {
                "utc": "2017-10-11T18:00:00Z",
                "local": "2017-10-11T11:00:00-07:00"
            },
            "datetimeTo": {
                "utc": "2017-10-11T19:00:00Z",
                "local": "2017-10-11T12:00:00-07:00"
            }
        }
    },
    {
        "value": 0.0,
        "flagInfo": {
            "hasFlags": false
        },
        "parameter": {
            "id": 2,
            "name": "pm25",
            "units": "\u00b5g/m\u00b3",
            "displayName": null
        },
        "period": {
            "label": "raw",
            "interval": "01:00:00",
            "datetimeFrom": {
                "utc": "2017-10-11T23:00:00Z",
                "local": "2017-10-11T16:00:00-07:00"
            },
            "datetimeTo": {
                "utc": "2017-10-12T00:00:00Z",
                "local": "2017-10-11T17:00:00-07:00"
            }
        },
        "coordinates": null,
        "summary": null,
        "coverage": {
            "expectedCount": 1,
            "expectedInterval": "01:00:00",
            "observedCount": 1,
            "observedInterval": "01:00:00",
            "percentComplete": 100.0,
            "percentCoverage": 100.0,
            "datetimeFrom": {
                "utc": "2017-10-11T23:00:00Z",
                "local": "2017-10-11T16:00:00-07:00"
            },
            "datetimeTo": {
                "utc": "2017-10-12T00:00:00Z",
                "local": "2017-10-11T17:00:00-07:00"
            }
        }
    },
    {
        "value": 7.0,
        "flagInfo": {
            "hasFlags": false
        },
        "parameter": {
            "id": 2,
            "name": "pm25",
            "units": "\u00b5g/m\u00b3",
            "displayName": null
        },
        "period": {
            "label": "raw",
            "interval": "01:00:00",
            "datetimeFrom": {
                "utc": "2017-10-12T00:00:00Z",
                "local": "2017-10-11T17:00:00-07:00"
            },
            "datetimeTo": {
                "utc": "2017-10-12T01:00:00Z",
                "local": "2017-10-11T18:00:00-07:00"
            }
        },
        "coordinates": null,
        "summary": null,
        "coverage": {
            "expectedCount": 1,
            "expectedInterval": "01:00:00",
            "observedCount": 1,
            "observedInterval": "01:00:00",
            "percentComplete": 100.0,
            "percentCoverage": 100.0,
            "datetimeFrom": {
                "utc": "2017-10-12T00:00:00Z",
                "local": "2017-10-11T17:00:00-07:00"
            },
            "datetimeTo": {
                "utc": "2017-10-12T01:00:00Z",
                "local": "2017-10-11T18:00:00-07:00"
            }
        }
    },
    {
        "value": 9.0,
        "flagInfo": {
            "hasFlags": false
        },
        "parameter": {
            "id": 2,
            "name": "pm25",
            "units": "\u00b5g/m\u00b3",
            "displayName": null
        },
        "period": {
            "label": "raw",
            "interval": "01:00:00",
            "datetimeFrom": {
                "utc": "2017-10-12T01:00:00Z",
                "local": "2017-10-11T18:00:00-07:00"
            },
            "datetimeTo": {
                "utc": "2017-10-12T02:00:00Z",
                "local": "2017-10-11T19:00:00-07:00"
            }
        },
        "coordinates": null,
        "summary": null,
        "coverage": {
            "expectedCount": 1,
            "expectedInterval": "01:00:00",
            "observedCount": 1,
            "observedInterval": "01:00:00",
            "percentComplete": 100.0,
            "percentCoverage": 100.0,
            "datetimeFrom": {
                "utc": "2017-10-12T01:00:00Z",
                "local": "2017-10-11T18:00:00-07:00"
            },
            "datetimeTo": {
                "utc": "2017-10-12T02:00:00Z",
                "local": "2017-10-11T19:00:00-07:00"
            }
        }
    },
    {
        "value": 15.0,
        "flagInfo": {
            "hasFlags": false
        },
        "parameter": {
            "id": 2,
            "name": "pm25",
            "units": "\u00b5g/m\u00b3",
            "displayName": null
        },
        "period": {
            "label": "raw",
            "interval": "01:00:00",
            "datetimeFrom": {
                "utc": "2017-10-12T02:00:00Z",
                "local": "2017-10-11T19:00:00-07:00"
            },
            "datetimeTo": {
                "utc": "2017-10-12T03:00:00Z",
                "local": "2017-10-11T20:00:00-07:00"
            }
        },
        "coordinates": null,
        "summary": null,
        "coverage": {
            "expectedCount": 1,
            "expectedInterval": "01:00:00",
            "observedCount": 1,
            "observedInterval": "01:00:00",
            "percentComplete": 100.0,
            "percentCoverage": 100.0,
            "datetimeFrom": {
                "utc": "2017-10-12T02:00:00Z",
                "local": "2017-10-11T19:00:00-07:00"
            },
            "datetimeTo": {
                "utc": "2017-10-12T03:00:00Z",
                "local": "2017-10-11T20:00:00-07:00"
            }
        }
    },
    {
        "value": 11.0,
        "flagInfo": {
            "hasFlags": false
        },
        "parameter": {
            "id": 2,
            "name": "pm25",
            "units": "\u00b5g/m\u00b3",
            "displayName": null
        },
        "period": {
            "label": "raw",
            "interval": "01:00:00",
            "datetimeFrom": {
                "utc": "2017-10-12T06:00:00Z",
                "local": "2017-10-11T23:00:00-07:00"
            },
            "datetimeTo": {
                "utc": "2017-10-12T07:00:00Z",
                "local": "2017-10-12T00:00:00-07:00"
            }
        },
        "coordinates": null,
        "summary": null,
        "coverage": {
            "expectedCount": 1,
            "expectedInterval": "01:00:00",
            "observedCount": 1,
            "observedInterval": "01:00:00",
            "percentComplete": 100.0,
            "percentCoverage": 100.0,
            "datetimeFrom": {
                "utc": "2017-10-12T06:00:00Z",
                "local": "2017-10-11T23:00:00-07:00"
            },
            "datetimeTo": {
                "utc": "2017-10-12T07:00:00Z",
                "local": "2017-10-12T00:00:00-07:00"
            }
        }
    },
    {
        "value": 34.0,
        "flagInfo": {
            "hasFlags": false
        },
        "parameter": {
            "id": 2,
            "name": "pm25",
            "units": "\u00b5g/m\u00b3",
            "displayName": null
        },
        "period": {
            "label": "raw",
            "interval": "01:00:00",
            "datetimeFrom": {
                "utc": "2017-10-12T13:00:00Z",
                "local": "2017-10-12T06:00:00-07:00"
            },
            "datetimeTo": {
                "utc": "2017-10-12T14:00:00Z",
                "local": "2017-10-12T07:00:00-07:00"
            }
        },
        "coordinates": null,
        "summary": null,
        "coverage": {
            "expectedCount": 1,
            "expectedInterval": "01:00:00",
            "observedCount": 1,
            "observedInterval": "01:00:00",
            "percentComplete": 100.0,
            "percentCoverage": 100.0,
            "datetimeFrom": {
                "utc": "2017-10-12T13:00:00Z",
                "local": "2017-10-12T06:00:00-07:00"
            },
            "datetimeTo": {
                "utc": "2017-10-12T14:00:00Z",
                "local": "2017-10-12T07:00:00-07:00"
            }
        }
    },
    {
        "value": 38.0,
        "flagInfo": {
            "hasFlags": false
        },
        "parameter": {
            "id": 2,
            "name": "pm25",
            "units": "\u00b5g/m\u00b3",
            "displayName": null
        },
        "period": {
            "label": "raw",
            "interval": "01:00:00",
            "datetimeFrom": {
                "utc": "2017-10-12T15:00:00Z",
                "local": "2017-10-12T08:00:00-07:00"
            },
            "datetimeTo": {
                "utc": "2017-10-12T16:00:00Z",
                "local": "2017-10-12T09:00:00-07:00"
            }
        },
        "coordinates": null,
        "summary": null,
        "coverage": {
            "expectedCount": 1,
            "expectedInterval": "01:00:00",
            "observedCount": 1,
            "observedInterval": "01:00:00",
            "percentComplete": 100.0,
            "percentCoverage": 100.0,
            "datetimeFrom": {
                "utc": "2017-10-12T15:00:00Z",
                "local": "2017-10-12T08:00:00-07:00"
            },
            "datetimeTo": {
                "utc": "2017-10-12T16:00:00Z",
                "local": "2017-10-12T09:00:00-07:00"
            }
        }
    },
    {
        "value": 72.0,
        "flagInfo": {
            "hasFlags": false
        },
        "parameter": {
            "id": 2,
            "name": "pm25",
            "units": "\u00b5g/m\u00b3",
            "displayName": null
        },
        "period": {
            "label": "raw",
            "interval": "01:00:00",
            "datetimeFrom": {
                "utc": "2017-10-12T16:00:00Z",
                "local": "2017-10-12T09:00:00-07:00"
            },
            "datetimeTo": {
                "utc": "2017-10-12T17:00:00Z",
                "local": "2017-10-12T10:00:00-07:00"
            }
        },
        "coordinates": null,
        "summary": null,
        "coverage": {
            "expectedCount": 1,
            "expectedInterval": "01:00:00",
            "observedCount": 1,
            "observedInterval": "01:00:00",
            "percentComplete": 100.0,
            "percentCoverage": 100.0,
            "datetimeFrom": {
                "utc": "2017-10-12T16:00:00Z",
                "local": "2017-10-12T09:00:00-07:00"
            },
            "datetimeTo": {
                "utc": "2017-10-12T17:00:00Z",
                "local": "2017-10-12T10:00:00-07:00"
            }
        }
    },
    {
        "value": 27.0,
        "flagInfo": {
            "hasFlags": false
        },
        "parameter": {
            "id": 2,
            "name": "pm25",
            "units": "\u00b5g/m\u00b3",
            "displayName": null
        },
        "period": {
            "label": "raw",
            "interval": "01:00:00",
            "datetimeFrom": {
                "utc": "2017-10-12T21:00:00Z",
                "local": "2017-10-12T14:00:00-07:00"
            },
            "datetimeTo": {
                "utc": "2017-10-12T22:00:00Z",
                "local": "2017-10-12T15:00:00-07:00"
            }
        },
        "coordinates": null,
        "summary": null,
        "coverage": {
            "expectedCount": 1,
            "expectedInterval": "01:00:00",
            "observedCount": 1,
            "observedInterval": "01:00:00",
            "percentComplete": 100.0,
            "percentCoverage": 100.0,
            "datetimeFrom": {
                "utc": "2017-10-12T21:00:00Z",
                "local": "2017-10-12T14:00:00-07:00"
            },
            "datetimeTo": {
                "utc": "2017-10-12T22:00:00Z",
                "local": "2017-10-12T15:00:00-07:00"
            }
        }
    },
    {
        "value": 16.0,
        "flagInfo": {
            "hasFlags": false
        },
        "parameter": {
            "id": 2,
            "name": "pm25",
            "units": "\u00b5g/m\u00b3",
            "displayName": null
        },
        "period": {
            "label": "raw",
            "interval": "01:00:00",
            "datetimeFrom": {
                "utc": "2017-10-12T23:00:00Z",
                "local": "2017-10-12T16:00:00-07:00"
            },
            "datetimeTo": {
                "utc": "2017-10-13T00:00:00Z",
                "local": "2017-10-12T17:00:00-07:00"
            }
        },
        "coordinates": null,
        "summary": null,
        "coverage": {
            "expectedCount": 1,
            "expectedInterval": "01:00:00",
            "observedCount": 1,
            "observedInterval": "01:00:00",
            "percentComplete": 100.0,
            "percentCoverage": 100.0,
            "datetimeFrom": {
                "utc": "2017-10-12T23:00:00Z",
                "local": "2017-10-12T16:00:00-07:00"
            },
            "datetimeTo": {
                "utc": "2017-10-13T00:00:00Z",
                "local": "2017-10-12T17:00:00-07:00"
            }
        }
    },
    {
        "value": 16.0,
        "flagInfo": {
            "hasFlags": false
        },
        "parameter": {
            "id": 2,
            "name": "pm25",
            "units": "\u00b5g/m\u00b3",
            "displayName": null
        },
        "period": {
            "label": "raw",
            "interval": "01:00:00",
            "datetimeFrom": {
                "utc": "2017-10-13T00:00:00Z",
                "local": "2017-10-12T17:00:00-07:00"
            },
            "datetimeTo": {
                "utc": "2017-10-13T01:00:00Z",
                "local": "2017-10-12T18:00:00-07:00"
            }
        },
        "coordinates": null,
        "summary": null,
        "coverage": {
            "expectedCount": 1,
            "expectedInterval": "01:00:00",
            "observedCount": 1,
            "observedInterval": "01:00:00",
            "percentComplete": 100.0,
            "percentCoverage": 100.0,
            "datetimeFrom": {
                "utc": "2017-10-13T00:00:00Z",
                "local": "2017-10-12T17:00:00-07:00"
            },
            "datetimeTo": {
                "utc": "2017-10-13T01:00:00Z",
                "local": "2017-10-12T18:00:00-07:00"
            }
        }
    },
    {
        "value": 42.0,
        "flagInfo": {
            "hasFlags": false
        },
        "parameter": {
            "id": 2,
            "name": "pm25",
            "units": "\u00b5g/m\u00b3",
            "displayName": null
        },
        "period": {
            "label": "raw",
            "interval": "01:00:00",
            "datetimeFrom": {
                "utc": "2017-10-13T07:00:00Z",
                "local": "2017-10-13T00:00:00-07:00"
            },
            "datetimeTo": {
                "utc": "2017-10-13T08:00:00Z",
                "local": "2017-10-13T01:00:00-07:00"
            }
        },
        "coordinates": null,
        "summary": null,
        "coverage": {
            "expectedCount": 1,
            "expectedInterval": "01:00:00",
            "observedCount": 1,
            "observedInterval": "01:00:00",
            "percentComplete": 100.0,
            "percentCoverage": 100.0,
            "datetimeFrom": {
                "utc": "2017-10-13T07:00:00Z",
                "local": "2017-10-13T00:00:00-07:00"
            },
            "datetimeTo": {
                "utc": "2017-10-13T08:00:00Z",
                "local": "2017-10-13T01:00:00-07:00"
            }
        }
    },
    {
        "value": 126.0,
        "flagInfo": {
            "hasFlags": false
        },
        "parameter": {
            "id": 2,
            "name": "pm25",
            "units": "\u00b5g/m\u00b3",
            "displayName": null
        },
        "period": {
            "label": "raw",
            "interval": "01:00:00",
            "datetimeFrom": {
                "utc": "2017-10-13T13:00:00Z",
                "local": "2017-10-13T06:00:00-07:00"
            },
            "datetimeTo": {
                "utc": "2017-10-13T14:00:00Z",
                "local": "2017-10-13T07:00:00-07:00"
            }
        },
        "coordinates": null,
        "summary": null,
        "coverage": {
            "expectedCount": 1,
            "expectedInterval": "01:00:00",
            "observedCount": 1,
            "observedInterval": "01:00:00",
            "percentComplete": 100.0,
            "percentCoverage": 100.0,
            "datetimeFrom": {
                "utc": "2017-10-13T13:00:00Z",
                "local": "2017-10-13T06:00:00-07:00"
            },
            "datetimeTo": {
                "utc": "2017-10-13T14:00:00Z",
                "local": "2017-10-13T07:00:00-07:00"
            }
        }
    },
    {
        "value": 100.0,
        "flagInfo": {
            "hasFlags": false
        },
        "parameter": {
            "id": 2,
            "name": "pm25",
            "units": "\u00b5g/m\u00b3",
            "displayName": null
        },
        "period": {
            "label": "raw",
            "interval": "01:00:00",
            "datetimeFrom": {
                "utc": "2017-10-13T18:00:00Z",
                "local": "2017-10-13T11:00:00-07:00"
            },
            "datetimeTo": {
                "utc": "2017-10-13T19:00:00Z",
                "local": "2017-10-13T12:00:00-07:00"
            }
        },
        "coordinates": null,
        "summary": null,
        "coverage": {
            "expectedCount": 1,
            "expectedInterval": "01:00:00",
            "observedCount": 1,
            "observedInterval": "01:00:00",
            "percentComplete": 100.0,
            "percentCoverage": 100.0,
            "datetimeFrom": {
                "utc": "2017-10-13T18:00:00Z",
                "local": "2017-10-13T11:00:00-07:00"
            },
            "datetimeTo": {
                "utc": "2017-10-13T19:00:00Z",
                "local": "2017-10-13T12:00:00-07:00"
            }
        }
    },
    {
        "value": 81.0,
        "flagInfo": {
            "hasFlags": false
        },
        "parameter": {
            "id": 2,
            "name": "pm25",
            "units": "\u00b5g/m\u00b3",
            "displayName": null
        },
        "period": {
            "label": "raw",
            "interval": "01:00:00",
            "datetimeFrom": {
                "utc": "2017-10-13T19:00:00Z",
                "local": "2017-10-13T12:00:00-07:00"
            },
            "datetimeTo": {
                "utc": "2017-10-13T20:00:00Z",
                "local": "2017-10-13T13:00:00-07:00"
            }
        },
        "coordinates": null,
        "summary": null,
        "coverage": {
            "expectedCount": 1,
            "expectedInterval": "01:00:00",
            "observedCount": 1,
            "observedInterval": "01:00:00",
            "percentComplete": 100.0,
            "percentCoverage": 100.0,
            "datetimeFrom": {
                "utc": "2017-10-13T19:00:00Z",
                "local": "2017-10-13T12:00:00-07:00"
            },
            "datetimeTo": {
                "utc": "2017-10-13T20:00:00Z",
                "local": "2017-10-13T13:00:00-07:00"
            }
        }
    },
    {
        "value": 5.0,
        "flagInfo": {
            "hasFlags": false
        },
        "parameter": {
            "id": 2,
            "name": "pm25",
            "units": "\u00b5g/m\u00b3",
            "displayName": null
        },
        "period": {
            "label": "raw",
            "interval": "01:00:00",
            "datetimeFrom": {
                "utc": "2017-10-14T00:00:00Z",
                "local": "2017-10-13T17:00:00-07:00"
            },
            "datetimeTo": {
                "utc": "2017-10-14T01:00:00Z",
                "local": "2017-10-13T18:00:00-07:00"
            }
        },
        "coordinates": null,
        "summary": null,
        "coverage": {
            "expectedCount": 1,
            "expectedInterval": "01:00:00",
            "observedCount": 1,
            "observedInterval": "01:00:00",
            "percentComplete": 100.0,
            "percentCoverage": 100.0,
            "datetimeFrom": {
                "utc": "2017-10-14T00:00:00Z",
                "local": "2017-10-13T17:00:00-07:00"
            },
            "datetimeTo": {
                "utc": "2017-10-14T01:00:00Z",
                "local": "2017-10-13T18:00:00-07:00"
            }
        }
    },
    {
        "value": 21.0,
        "flagInfo": {
            "hasFlags": false
        },
        "parameter": {
            "id": 2,
            "name": "pm25",
            "units": "\u00b5g/m\u00b3",
            "displayName": null
        },
        "period": {
            "label": "raw",
            "interval": "01:00:00",
            "datetimeFrom": {
                "utc": "2017-10-14T03:00:00Z",
                "local": "2017-10-13T20:00:00-07:00"
            },
            "datetimeTo": {
                "utc": "2017-10-14T04:00:00Z",
                "local": "2017-10-13T21:00:00-07:00"
            }
        },
        "coordinates": null,
        "summary": null,
        "coverage": {
            "expectedCount": 1,
            "expectedInterval": "01:00:00",
            "observedCount": 1,
            "observedInterval": "01:00:00",
            "percentComplete": 100.0,
            "percentCoverage": 100.0,
            "datetimeFrom": {
                "utc": "2017-10-14T03:00:00Z",
                "local": "2017-10-13T20:00:00-07:00"
            },
            "datetimeTo": {
                "utc": "2017-10-14T04:00:00Z",
                "local": "2017-10-13T21:00:00-07:00"
            }
        }
    },
    {
        "value": 19.0,
        "flagInfo": {
            "hasFlags": false
        },
        "parameter": {
            "id": 2,
            "name": "pm25",
            "units": "\u00b5g/m\u00b3",
            "displayName": null
        },
        "period": {
            "label": "raw",
            "interval": "01:00:00",
            "datetimeFrom": {
                "utc": "2017-10-14T07:00:00Z",
                "local": "2017-10-14T00:00:00-07:00"
            },
            "datetimeTo": {
                "utc": "2017-10-14T08:00:00Z",
                "local": "2017-10-14T01:00:00-07:00"
            }
        },
        "coordinates": null,
        "summary": null,
        "coverage": {
            "expectedCount": 1,
            "expectedInterval": "01:00:00",
            "observedCount": 1,
            "observedInterval": "01:00:00",
            "percentComplete": 100.0,
            "percentCoverage": 100.0,
            "datetimeFrom": {
                "utc": "2017-10-14T07:00:00Z",
                "local": "2017-10-14T00:00:00-07:00"
            },
            "datetimeTo": {
                "utc": "2017-10-14T08:00:00Z",
                "local": "2017-10-14T01:00:00-07:00"
            }
        }
    },
    {
        "value": 116.0,
        "flagInfo": {
            "hasFlags": false
        },
        "parameter": {
            "id": 2,
            "name": "pm25",
            "units": "\u00b5g/m\u00b3",
            "displayName": null
        },
        "period": {
            "label": "raw",
            "interval": "01:00:00",
            "datetimeFrom": {
                "utc": "2017-10-14T11:00:00Z",
                "local": "2017-10-14T04:00:00-07:00"
            },
            "datetimeTo": {
                "utc": "2017-10-14T12:00:00Z",
                "local": "2017-10-14T05:00:00-07:00"
            }
        },
        "coordinates": null,
        "summary": null,
        "coverage": {
            "expectedCount": 1,
            "expectedInterval": "01:00:00",
            "observedCount": 1,
            "observedInterval": "01:00:00",
            "percentComplete": 100.0,
            "percentCoverage": 100.0,
            "datetimeFrom": {
                "utc": "2017-10-14T11:00:00Z",
                "local": "2017-10-14T04:00:00-07:00"
            },
            "datetimeTo": {
                "utc": "2017-10-14T12:00:00Z",
                "local": "2017-10-14T05:00:00-07:00"
            }
        }
    },
    {
        "value": 59.0,
        "flagInfo": {
            "hasFlags": false
        },
        "parameter": {
            "id": 2,
            "name": "pm25",
            "units": "\u00b5g/m\u00b3",
            "displayName": null
        },
        "period": {
            "label": "raw",
            "interval": "01:00:00",
            "datetimeFrom": {
                "utc": "2017-10-14T15:00:00Z",
                "local": "2017-10-14T08:00:00-07:00"
            },
            "datetimeTo": {
                "utc": "2017-10-14T16:00:00Z",
                "local": "2017-10-14T09:00:00-07:00"
            }
        },
        "coordinates": null,
        "summary": null,
        "coverage": {
            "expectedCount": 1,
            "expectedInterval": "01:00:00",
            "observedCount": 1,
            "observedInterval": "01:00:00",
            "percentComplete": 100.0,
            "percentCoverage": 100.0,
            "datetimeFrom": {
                "utc": "2017-10-14T15:00:00Z",
                "local": "2017-10-14T08:00:00-07:00"
            },
            "datetimeTo": {
                "utc": "2017-10-14T16:00:00Z",
                "local": "2017-10-14T09:00:00-07:00"
            }
        }
    },
    {
        "value": 73.0,
        "flagInfo": {
            "hasFlags": false
        },
        "parameter": {
            "id": 2,
            "name": "pm25",
            "units": "\u00b5g/m\u00b3",
            "displayName": null
        },
        "period": {
            "label": "raw",
            "interval": "01:00:00",
            "datetimeFrom": {
                "utc": "2017-10-14T19:00:00Z",
                "local": "2017-10-14T12:00:00-07:00"
            },
            "datetimeTo": {
                "utc": "2017-10-14T20:00:00Z",
                "local": "2017-10-14T13:00:00-07:00"
            }
        },
        "coordinates": null,
        "summary": null,
        "coverage": {
            "expectedCount": 1,
            "expectedInterval": "01:00:00",
            "observedCount": 1,
            "observedInterval": "01:00:00",
            "percentComplete": 100.0,
            "percentCoverage": 100.0,
            "datetimeFrom": {
                "utc": "2017-10-14T19:00:00Z",
                "local": "2017-10-14T12:00:00-07:00"
            },
            "datetimeTo": {
                "utc": "2017-10-14T20:00:00Z",
                "local": "2017-10-14T13:00:00-07:00"
            }
        }
    },
    {
        "value": 18.0,
        "flagInfo": {
            "hasFlags": false
        },
        "parameter": {
            "id": 2,
            "name": "pm25",
            "units": "\u00b5g/m\u00b3",
            "displayName": null
        },
        "period": {
            "label": "raw",
            "interval": "01:00:00",
            "datetimeFrom": {
                "utc": "2017-10-15T01:00:00Z",
                "local": "2017-10-14T18:00:00-07:00"
            },
            "datetimeTo": {
                "utc": "2017-10-15T02:00:00Z",
                "local": "2017-10-14T19:00:00-07:00"
            }
        },
        "coordinates": null,
        "summary": null,
        "coverage": {
            "expectedCount": 1,
            "expectedInterval": "01:00:00",
            "observedCount": 1,
            "observedInterval": "01:00:00",
            "percentComplete": 100.0,
            "percentCoverage": 100.0,
            "datetimeFrom": {
                "utc": "2017-10-15T01:00:00Z",
                "local": "2017-10-14T18:00:00-07:00"
            },
            "datetimeTo": {
                "utc": "2017-10-15T02:00:00Z",
                "local": "2017-10-14T19:00:00-07:00"
            }
        }
    },
    {
        "value": 22.0,
        "flagInfo": {
            "hasFlags": false
        },
        "parameter": {
            "id": 2,
            "name": "pm25",
            "units": "\u00b5g/m\u00b3",
            "displayName": null
        },
        "period": {
            "label": "raw",
            "interval": "01:00:00",
            "datetimeFrom": {
                "utc": "2017-10-15T03:00:00Z",
                "local": "2017-10-14T20:00:00-07:00"
            },
            "datetimeTo": {
                "utc": "2017-10-15T04:00:00Z",
                "local": "2017-10-14T21:00:00-07:00"
            }
        },
        "coordinates": null,
        "summary": null,
        "coverage": {
            "expectedCount": 1,
            "expectedInterval": "01:00:00",
            "observedCount": 1,
            "observedInterval": "01:00:00",
            "percentComplete": 100.0,
            "percentCoverage": 100.0,
            "datetimeFrom": {
                "utc": "2017-10-15T03:00:00Z",
                "local": "2017-10-14T20:00:00-07:00"
            },
            "datetimeTo": {
                "utc": "2017-10-15T04:00:00Z",
                "local": "2017-10-14T21:00:00-07:00"
            }
        }
    },
    {
        "value": 10.0,
        "flagInfo": {
            "hasFlags": false
        },
        "parameter": {
            "id": 2,
            "name": "pm25",
            "units": "\u00b5g/m\u00b3",
            "displayName": null
        },
        "period": {
            "label": "raw",
            "interval": "01:00:00",
            "datetimeFrom": {
                "utc": "2017-10-15T05:00:00Z",
                "local": "2017-10-14T22:00:00-07:00"
            },
            "datetimeTo": {
                "utc": "2017-10-15T06:00:00Z",
                "local": "2017-10-14T23:00:00-07:00"
            }
        },
        "coordinates": null,
        "summary": null,
        "coverage": {
            "expectedCount": 1,
            "expectedInterval": "01:00:00",
            "observedCount": 1,
            "observedInterval": "01:00:00",
            "percentComplete": 100.0,
            "percentCoverage": 100.0,
            "datetimeFrom": {
                "utc": "2017-10-15T05:00:00Z",
                "local": "2017-10-14T22:00:00-07:00"
            },
            "datetimeTo": {
                "utc": "2017-10-15T06:00:00Z",
                "local": "2017-10-14T23:00:00-07:00"
            }
        }
    },
    {
        "value": 16.0,
        "flagInfo": {
            "hasFlags": false
        },
        "parameter": {
            "id": 2,
            "name": "pm25",
            "units": "\u00b5g/m\u00b3",
            "displayName": null
        },
        "period": {
            "label": "raw",
            "interval": "01:00:00",
            "datetimeFrom": {
                "utc": "2017-10-18T23:00:00Z",
                "local": "2017-10-18T16:00:00-07:00"
            },
            "datetimeTo": {
                "utc": "2017-10-19T00:00:00Z",
                "local": "2017-10-18T17:00:00-07:00"
            }
        },
        "coordinates": null,
        "summary": null,
        "coverage": {
            "expectedCount": 1,
            "expectedInterval": "01:00:00",
            "observedCount": 1,
            "observedInterval": "01:00:00",
            "percentComplete": 100.0,
            "percentCoverage": 100.0,
            "datetimeFrom": {
                "utc": "2017-10-18T23:00:00Z",
                "local": "2017-10-18T16:00:00-07:00"
            },
            "datetimeTo": {
                "utc": "2017-10-19T00:00:00Z",
                "local": "2017-10-18T17:00:00-07:00"
            }
        }
    },
    {
        "value": 21.0,
        "flagInfo": {
            "hasFlags": false
        },
        "parameter": {
            "id": 2,
            "name": "pm25",
            "units": "\u00b5g/m\u00b3",
            "displayName": null
        },
        "period": {
            "label": "raw",
            "interval": "01:00:00",
            "datetimeFrom": {
                "utc": "2017-10-19T00:00:00Z",
                "local": "2017-10-18T17:00:00-07:00"
            },
            "datetimeTo": {
                "utc": "2017-10-19T01:00:00Z",
                "local": "2017-10-18T18:00:00-07:00"
            }
        },
        "coordinates": null,
        "summary": null,
        "coverage": {
            "expectedCount": 1,
            "expectedInterval": "01:00:00",
            "observedCount": 1,
            "observedInterval": "01:00:00",
            "percentComplete": 100.0,
            "percentCoverage": 100.0,
            "datetimeFrom": {
                "utc": "2017-10-19T00:00:00Z",
                "local": "2017-10-18T17:00:00-07:00"
            },
            "datetimeTo": {
                "utc": "2017-10-19T01:00:00Z",
                "local": "2017-10-18T18:00:00-07:00"
            }
        }
    },
    {
        "value": 18.0,
        "flagInfo": {
            "hasFlags": false
        },
        "parameter": {
            "id": 2,
            "name": "pm25",
            "units": "\u00b5g/m\u00b3",
            "displayName": null
        },
        "period": {
            "label": "raw",
            "interval": "01:00:00",
            "datetimeFrom": {
                "utc": "2017-10-19T01:00:00Z",
                "local": "2017-10-18T18:00:00-07:00"
            },
            "datetimeTo": {
                "utc": "2017-10-19T02:00:00Z",
                "local": "2017-10-18T19:00:00-07:00"
            }
        },
        "coordinates": null,
        "summary": null,
        "coverage": {
            "expectedCount": 1,
            "expectedInterval": "01:00:00",
            "observedCount": 1,
            "observedInterval": "01:00:00",
            "percentComplete": 100.0,
            "percentCoverage": 100.0,
            "datetimeFrom": {
                "utc": "2017-10-19T01:00:00Z",
                "local": "2017-10-18T18:00:00-07:00"
            },
            "datetimeTo": {
                "utc": "2017-10-19T02:00:00Z",
                "local": "2017-10-18T19:00:00-07:00"
            }
        }
    },
    {
        "value": 24.0,
        "flagInfo": {
            "hasFlags": false
        },
        "parameter": {
            "id": 2,
            "name": "pm25",
            "units": "\u00b5g/m\u00b3",
            "displayName": null
        },
        "period": {
            "label": "raw",
            "interval": "01:00:00",
            "datetimeFrom": {
                "utc": "2017-10-19T02:00:00Z",
                "local": "2017-10-18T19:00:00-07:00"
            },
            "datetimeTo": {
                "utc": "2017-10-19T03:00:00Z",
                "local": "2017-10-18T20:00:00-07:00"
            }
        },
        "coordinates": null,
        "summary": null,
        "coverage": {
            "expectedCount": 1,
            "expectedInterval": "01:00:00",
            "observedCount": 1,
            "observedInterval": "01:00:00",
            "percentComplete": 100.0,
            "percentCoverage": 100.0,
            "datetimeFrom": {
                "utc": "2017-10-19T02:00:00Z",
                "local": "2017-10-18T19:00:00-07:00"
            },
            "datetimeTo": {
                "utc": "2017-10-19T03:00:00Z",
                "local": "2017-10-18T20:00:00-07:00"
            }
        }
    },
    {
        "value": 25.0,
        "flagInfo": {
            "hasFlags": false
        },
        "parameter": {
            "id": 2,
            "name": "pm25",
            "units": "\u00b5g/m\u00b3",
            "displayName": null
        },
        "period": {
            "label": "raw",
            "interval": "01:00:00",
            "datetimeFrom": {
                "utc": "2017-10-19T03:00:00Z",
                "local": "2017-10-18T20:00:00-07:00"
            },
            "datetimeTo": {
                "utc": "2017-10-19T04:00:00Z",
                "local": "2017-10-18T21:00:00-07:00"
            }
        },
        "coordinates": null,
        "summary": null,
        "coverage": {
            "expectedCount": 1,
            "expectedInterval": "01:00:00",
            "observedCount": 1,
            "observedInterval": "01:00:00",
            "percentComplete": 100.0,
            "percentCoverage": 100.0,
            "datetimeFrom": {
                "utc": "2017-10-19T03:00:00Z",
                "local": "2017-10-18T20:00:00-07:00"
            },
            "datetimeTo": {
                "utc": "2017-10-19T04:00:00Z",
                "local": "2017-10-18T21:00:00-07:00"
            }
        }
    },
    {
        "value": 15.0,
        "flagInfo": {
            "hasFlags": false
        },
        "parameter": {
            "id": 2,
            "name": "pm25",
            "units": "\u00b5g/m\u00b3",
            "displayName": null
        },
        "period": {
            "label": "raw",
            "interval": "01:00:00",
            "datetimeFrom": {
                "utc": "2017-10-19T05:00:00Z",
                "local": "2017-10-18T22:00:00-07:00"
            },
            "datetimeTo": {
                "utc": "2017-10-19T06:00:00Z",
                "local": "2017-10-18T23:00:00-07:00"
            }
        },
        "coordinates": null,
        "summary": null,
        "coverage": {
            "expectedCount": 1,
            "expectedInterval": "01:00:00",
            "observedCount": 1,
            "observedInterval": "01:00:00",
            "percentComplete": 100.0,
            "percentCoverage": 100.0,
            "datetimeFrom": {
                "utc": "2017-10-19T05:00:00Z",
                "local": "2017-10-18T22:00:00-07:00"
            },
            "datetimeTo": {
                "utc": "2017-10-19T06:00:00Z",
                "local": "2017-10-18T23:00:00-07:00"
            }
        }
    },
    {
        "value": 25.0,
        "flagInfo": {
            "hasFlags": false
        },
        "parameter": {
            "id": 2,
            "name": "pm25",
            "units": "\u00b5g/m\u00b3",
            "displayName": null
        },
        "period": {
            "label": "raw",
            "interval": "01:00:00",
            "datetimeFrom": {
                "utc": "2017-10-19T06:00:00Z",
                "local": "2017-10-18T23:00:00-07:00"
            },
            "datetimeTo": {
                "utc": "2017-10-19T07:00:00Z",
                "local": "2017-10-19T00:00:00-07:00"
            }
        },
        "coordinates": null,
        "summary": null,
        "coverage": {
            "expectedCount": 1,
            "expectedInterval": "01:00:00",
            "observedCount": 1,
            "observedInterval": "01:00:00",
            "percentComplete": 100.0,
            "percentCoverage": 100.0,
            "datetimeFrom": {
                "utc": "2017-10-19T06:00:00Z",
                "local": "2017-10-18T23:00:00-07:00"
            },
            "datetimeTo": {
                "utc": "2017-10-19T07:00:00Z",
                "local": "2017-10-19T00:00:00-07:00"
            }
        }
    },
    {
        "value": 19.0,
        "flagInfo": {
            "hasFlags": false
        },
        "parameter": {
            "id": 2,
            "name": "pm25",
            "units": "\u00b5g/m\u00b3",
            "displayName": null
        },
        "period": {
            "label": "raw",
            "interval": "01:00:00",
            "datetimeFrom": {
                "utc": "2017-10-19T07:00:00Z",
                "local": "2017-10-19T00:00:00-07:00"
            },
            "datetimeTo": {
                "utc": "2017-10-19T08:00:00Z",
                "local": "2017-10-19T01:00:00-07:00"
            }
        },
        "coordinates": null,
        "summary": null,
        "coverage": {
            "expectedCount": 1,
            "expectedInterval": "01:00:00",
            "observedCount": 1,
            "observedInterval": "01:00:00",
            "percentComplete": 100.0,
            "percentCoverage": 100.0,
            "datetimeFrom": {
                "utc": "2017-10-19T07:00:00Z",
                "local": "2017-10-19T00:00:00-07:00"
            },
            "datetimeTo": {
                "utc": "2017-10-19T08:00:00Z",
                "local": "2017-10-19T01:00:00-07:00"
            }
        }
    },
    {
        "value": 14.0,
        "flagInfo": {
            "hasFlags": false
        },
        "parameter": {
            "id": 2,
            "name": "pm25",
            "units": "\u00b5g/m\u00b3",
            "displayName": null
        },
        "period": {
            "label": "raw",
            "interval": "01:00:00",
            "datetimeFrom": {
                "utc": "2017-10-19T08:00:00Z",
                "local": "2017-10-19T01:00:00-07:00"
            },
            "datetimeTo": {
                "utc": "2017-10-19T09:00:00Z",
                "local": "2017-10-19T02:00:00-07:00"
            }
        },
        "coordinates": null,
        "summary": null,
        "coverage": {
            "expectedCount": 1,
            "expectedInterval": "01:00:00",
            "observedCount": 1,
            "observedInterval": "01:00:00",
            "percentComplete": 100.0,
            "percentCoverage": 100.0,
            "datetimeFrom": {
                "utc": "2017-10-19T08:00:00Z",
                "local": "2017-10-19T01:00:00-07:00"
            },
            "datetimeTo": {
                "utc": "2017-10-19T09:00:00Z",
                "local": "2017-10-19T02:00:00-07:00"
            }
        }
    },
    {
        "value": 20.0,
        "flagInfo": {
            "hasFlags": false
        },
        "parameter": {
            "id": 2,
            "name": "pm25",
            "units": "\u00b5g/m\u00b3",
            "displayName": null
        },
        "period": {
            "label": "raw",
            "interval": "01:00:00",
            "datetimeFrom": {
                "utc": "2017-10-19T09:00:00Z",
                "local": "2017-10-19T02:00:00-07:00"
            },
            "datetimeTo": {
                "utc": "2017-10-19T10:00:00Z",
                "local": "2017-10-19T03:00:00-07:00"
            }
        },
        "coordinates": null,
        "summary": null,
        "coverage": {
            "expectedCount": 1,
            "expectedInterval": "01:00:00",
            "observedCount": 1,
            "observedInterval": "01:00:00",
            "percentComplete": 100.0,
            "percentCoverage": 100.0,
            "datetimeFrom": {
                "utc": "2017-10-19T09:00:00Z",
                "local": "2017-10-19T02:00:00-07:00"
            },
            "datetimeTo": {
                "utc": "2017-10-19T10:00:00Z",
                "local": "2017-10-19T03:00:00-07:00"
            }
        }
    },
    {
        "value": 10.0,
        "flagInfo": {
            "hasFlags": false
        },
        "parameter": {
            "id": 2,
            "name": "pm25",
            "units": "\u00b5g/m\u00b3",
            "displayName": null
        },
        "period": {
            "label": "raw",
            "interval": "01:00:00",
            "datetimeFrom": {
                "utc": "2017-10-19T14:00:00Z",
                "local": "2017-10-19T07:00:00-07:00"
            },
            "datetimeTo": {
                "utc": "2017-10-19T15:00:00Z",
                "local": "2017-10-19T08:00:00-07:00"
            }
        },
        "coordinates": null,
        "summary": null,
        "coverage": {
            "expectedCount": 1,
            "expectedInterval": "01:00:00",
            "observedCount": 1,
            "observedInterval": "01:00:00",
            "percentComplete": 100.0,
            "percentCoverage": 100.0,
            "datetimeFrom": {
                "utc": "2017-10-19T14:00:00Z",
                "local": "2017-10-19T07:00:00-07:00"
            },
            "datetimeTo": {
                "utc": "2017-10-19T15:00:00Z",
                "local": "2017-10-19T08:00:00-07:00"
            }
        }
    },
    {
        "value": 36.0,
        "flagInfo": {
            "hasFlags": false
        },
        "parameter": {
            "id": 2,
            "name": "pm25",
            "units": "\u00b5g/m\u00b3",
            "displayName": null
        },
        "period": {
            "label": "raw",
            "interval": "01:00:00",
            "datetimeFrom": {
                "utc": "2017-10-19T15:00:00Z",
                "local": "2017-10-19T08:00:00-07:00"
            },
            "datetimeTo": {
                "utc": "2017-10-19T16:00:00Z",
                "local": "2017-10-19T09:00:00-07:00"
            }
        },
        "coordinates": null,
        "summary": null,
        "coverage": {
            "expectedCount": 1,
            "expectedInterval": "01:00:00",
            "observedCount": 1,
            "observedInterval": "01:00:00",
            "percentComplete": 100.0,
            "percentCoverage": 100.0,
            "datetimeFrom": {
                "utc": "2017-10-19T15:00:00Z",
                "local": "2017-10-19T08:00:00-07:00"
            },
            "datetimeTo": {
                "utc": "2017-10-19T16:00:00Z",
                "local": "2017-10-19T09:00:00-07:00"
            }
        }
    },
    {
        "value": 13.0,
        "flagInfo": {
            "hasFlags": false
        },
        "parameter": {
            "id": 2,
            "name": "pm25",
            "units": "\u00b5g/m\u00b3",
            "displayName": null
        },
        "period": {
            "label": "raw",
            "interval": "01:00:00",
            "datetimeFrom": {
                "utc": "2017-10-19T17:00:00Z",
                "local": "2017-10-19T10:00:00-07:00"
            },
            "datetimeTo": {
                "utc": "2017-10-19T18:00:00Z",
                "local": "2017-10-19T11:00:00-07:00"
            }
        },
        "coordinates": null,
        "summary": null,
        "coverage": {
            "expectedCount": 1,
            "expectedInterval": "01:00:00",
            "observedCount": 1,
            "observedInterval": "01:00:00",
            "percentComplete": 100.0,
            "percentCoverage": 100.0,
            "datetimeFrom": {
                "utc": "2017-10-19T17:00:00Z",
                "local": "2017-10-19T10:00:00-07:00"
            },
            "datetimeTo": {
                "utc": "2017-10-19T18:00:00Z",
                "local": "2017-10-19T11:00:00-07:00"
            }
        }
    },
    {
        "value": 39.0,
        "flagInfo": {
            "hasFlags": false
        },
        "parameter": {
            "id": 2,
            "name": "pm25",
            "units": "\u00b5g/m\u00b3",
            "displayName": null
        },
        "period": {
            "label": "raw",
            "interval": "01:00:00",
            "datetimeFrom": {
                "utc": "2017-10-19T19:00:00Z",
                "local": "2017-10-19T12:00:00-07:00"
            },
            "datetimeTo": {
                "utc": "2017-10-19T20:00:00Z",
                "local": "2017-10-19T13:00:00-07:00"
            }
        },
        "coordinates": null,
        "summary": null,
        "coverage": {
            "expectedCount": 1,
            "expectedInterval": "01:00:00",
            "observedCount": 1,
            "observedInterval": "01:00:00",
            "percentComplete": 100.0,
            "percentCoverage": 100.0,
            "datetimeFrom": {
                "utc": "2017-10-19T19:00:00Z",
                "local": "2017-10-19T12:00:00-07:00"
            },
            "datetimeTo": {
                "utc": "2017-10-19T20:00:00Z",
                "local": "2017-10-19T13:00:00-07:00"
            }
        }
    },
    {
        "value": 17.0,
        "flagInfo": {
            "hasFlags": false
        },
        "parameter": {
            "id": 2,
            "name": "pm25",
            "units": "\u00b5g/m\u00b3",
            "displayName": null
        },
        "period": {
            "label": "raw",
            "interval": "01:00:00",
            "datetimeFrom": {
                "utc": "2017-10-19T20:00:00Z",
                "local": "2017-10-19T13:00:00-07:00"
            },
            "datetimeTo": {
                "utc": "2017-10-19T21:00:00Z",
                "local": "2017-10-19T14:00:00-07:00"
            }
        },
        "coordinates": null,
        "summary": null,
        "coverage": {
            "expectedCount": 1,
            "expectedInterval": "01:00:00",
            "observedCount": 1,
            "observedInterval": "01:00:00",
            "percentComplete": 100.0,
            "percentCoverage": 100.0,
            "datetimeFrom": {
                "utc": "2017-10-19T20:00:00Z",
                "local": "2017-10-19T13:00:00-07:00"
            },
            "datetimeTo": {
                "utc": "2017-10-19T21:00:00Z",
                "local": "2017-10-19T14:00:00-07:00"
            }
        }
    },
    {
        "value": 22.0,
        "flagInfo": {
            "hasFlags": false
        },
        "parameter": {
            "id": 2,
            "name": "pm25",
            "units": "\u00b5g/m\u00b3",
            "displayName": null
        },
        "period": {
            "label": "raw",
            "interval": "01:00:00",
            "datetimeFrom": {
                "utc": "2017-10-19T23:00:00Z",
                "local": "2017-10-19T16:00:00-07:00"
            },
            "datetimeTo": {
                "utc": "2017-10-20T00:00:00Z",
                "local": "2017-10-19T17:00:00-07:00"
            }
        },
        "coordinates": null,
        "summary": null,
        "coverage": {
            "expectedCount": 1,
            "expectedInterval": "01:00:00",
            "observedCount": 1,
            "observedInterval": "01:00:00",
            "percentComplete": 100.0,
            "percentCoverage": 100.0,
            "datetimeFrom": {
                "utc": "2017-10-19T23:00:00Z",
                "local": "2017-10-19T16:00:00-07:00"
            },
            "datetimeTo": {
                "utc": "2017-10-20T00:00:00Z",
                "local": "2017-10-19T17:00:00-07:00"
            }
        }
    },
    {
        "value": 4.0,
        "flagInfo": {
            "hasFlags": false
        },
        "parameter": {
            "id": 2,
            "name": "pm25",
            "units": "\u00b5g/m\u00b3",
            "displayName": null
        },
        "period": {
            "label": "raw",
            "interval": "01:00:00",
            "datetimeFrom": {
                "utc": "2017-10-21T02:00:00Z",
                "local": "2017-10-20T19:00:00-07:00"
            },
            "datetimeTo": {
                "utc": "2017-10-21T03:00:00Z",
                "local": "2017-10-20T20:00:00-07:00"
            }
        },
        "coordinates": null,
        "summary": null,
        "coverage": {
            "expectedCount": 1,
            "expectedInterval": "01:00:00",
            "observedCount": 1,
            "observedInterval": "01:00:00",
            "percentComplete": 100.0,
            "percentCoverage": 100.0,
            "datetimeFrom": {
                "utc": "2017-10-21T02:00:00Z",
                "local": "2017-10-20T19:00:00-07:00"
            },
            "datetimeTo": {
                "utc": "2017-10-21T03:00:00Z",
                "local": "2017-10-20T20:00:00-07:00"
            }
        }
    },
    {
        "value": 16.0,
        "flagInfo": {
            "hasFlags": false
        },
        "parameter": {
            "id": 2,
            "name": "pm25",
            "units": "\u00b5g/m\u00b3",
            "displayName": null
        },
        "period": {
            "label": "raw",
            "interval": "01:00:00",
            "datetimeFrom": {
                "utc": "2017-10-21T03:00:00Z",
                "local": "2017-10-20T20:00:00-07:00"
            },
            "datetimeTo": {
                "utc": "2017-10-21T04:00:00Z",
                "local": "2017-10-20T21:00:00-07:00"
            }
        },
        "coordinates": null,
        "summary": null,
        "coverage": {
            "expectedCount": 1,
            "expectedInterval": "01:00:00",
            "observedCount": 1,
            "observedInterval": "01:00:00",
            "percentComplete": 100.0,
            "percentCoverage": 100.0,
            "datetimeFrom": {
                "utc": "2017-10-21T03:00:00Z",
                "local": "2017-10-20T20:00:00-07:00"
            },
            "datetimeTo": {
                "utc": "2017-10-21T04:00:00Z",
                "local": "2017-10-20T21:00:00-07:00"
            }
        }
    },
    {
        "value": 11.0,
        "flagInfo": {
            "hasFlags": false
        },
        "parameter": {
            "id": 2,
            "name": "pm25",
            "units": "\u00b5g/m\u00b3",
            "displayName": null
        },
        "period": {
            "label": "raw",
            "interval": "01:00:00",
            "datetimeFrom": {
                "utc": "2017-10-21T04:00:00Z",
                "local": "2017-10-20T21:00:00-07:00"
            },
            "datetimeTo": {
                "utc": "2017-10-21T05:00:00Z",
                "local": "2017-10-20T22:00:00-07:00"
            }
        },
        "coordinates": null,
        "summary": null,
        "coverage": {
            "expectedCount": 1,
            "expectedInterval": "01:00:00",
            "observedCount": 1,
            "observedInterval": "01:00:00",
            "percentComplete": 100.0,
            "percentCoverage": 100.0,
            "datetimeFrom": {
                "utc": "2017-10-21T04:00:00Z",
                "local": "2017-10-20T21:00:00-07:00"
            },
            "datetimeTo": {
                "utc": "2017-10-21T05:00:00Z",
                "local": "2017-10-20T22:00:00-07:00"
            }
        }
    },
    {
        "value": 12.0,
        "flagInfo": {
            "hasFlags": false
        },
        "parameter": {
            "id": 2,
            "name": "pm25",
            "units": "\u00b5g/m\u00b3",
            "displayName": null
        },
        "period": {
            "label": "raw",
            "interval": "01:00:00",
            "datetimeFrom": {
                "utc": "2017-10-21T08:00:00Z",
                "local": "2017-10-21T01:00:00-07:00"
            },
            "datetimeTo": {
                "utc": "2017-10-21T09:00:00Z",
                "local": "2017-10-21T02:00:00-07:00"
            }
        },
        "coordinates": null,
        "summary": null,
        "coverage": {
            "expectedCount": 1,
            "expectedInterval": "01:00:00",
            "observedCount": 1,
            "observedInterval": "01:00:00",
            "percentComplete": 100.0,
            "percentCoverage": 100.0,
            "datetimeFrom": {
                "utc": "2017-10-21T08:00:00Z",
                "local": "2017-10-21T01:00:00-07:00"
            },
            "datetimeTo": {
                "utc": "2017-10-21T09:00:00Z",
                "local": "2017-10-21T02:00:00-07:00"
            }
        }
    },
    {
        "value": 33.0,
        "flagInfo": {
            "hasFlags": false
        },
        "parameter": {
            "id": 2,
            "name": "pm25",
            "units": "\u00b5g/m\u00b3",
            "displayName": null
        },
        "period": {
            "label": "raw",
            "interval": "01:00:00",
            "datetimeFrom": {
                "utc": "2017-10-21T09:00:00Z",
                "local": "2017-10-21T02:00:00-07:00"
            },
            "datetimeTo": {
                "utc": "2017-10-21T10:00:00Z",
                "local": "2017-10-21T03:00:00-07:00"
            }
        },
        "coordinates": null,
        "summary": null,
        "coverage": {
            "expectedCount": 1,
            "expectedInterval": "01:00:00",
            "observedCount": 1,
            "observedInterval": "01:00:00",
            "percentComplete": 100.0,
            "percentCoverage": 100.0,
            "datetimeFrom": {
                "utc": "2017-10-21T09:00:00Z",
                "local": "2017-10-21T02:00:00-07:00"
            },
            "datetimeTo": {
                "utc": "2017-10-21T10:00:00Z",
                "local": "2017-10-21T03:00:00-07:00"
            }
        }
    },
    {
        "value": -2.0,
        "flagInfo": {
            "hasFlags": false
        },
        "parameter": {
            "id": 2,
            "name": "pm25",
            "units": "\u00b5g/m\u00b3",
            "displayName": null
        },
        "period": {
            "label": "raw",
            "interval": "01:00:00",
            "datetimeFrom": {
                "utc": "2017-10-21T10:00:00Z",
                "local": "2017-10-21T03:00:00-07:00"
            },
            "datetimeTo": {
                "utc": "2017-10-21T11:00:00Z",
                "local": "2017-10-21T04:00:00-07:00"
            }
        },
        "coordinates": null,
        "summary": null,
        "coverage": {
            "expectedCount": 1,
            "expectedInterval": "01:00:00",
            "observedCount": 1,
            "observedInterval": "01:00:00",
            "percentComplete": 100.0,
            "percentCoverage": 100.0,
            "datetimeFrom": {
                "utc": "2017-10-21T10:00:00Z",
                "local": "2017-10-21T03:00:00-07:00"
            },
            "datetimeTo": {
                "utc": "2017-10-21T11:00:00Z",
                "local": "2017-10-21T04:00:00-07:00"
            }
        }
    },
    {
        "value": -2.0,
        "flagInfo": {
            "hasFlags": false
        },
        "parameter": {
            "id": 2,
            "name": "pm25",
            "units": "\u00b5g/m\u00b3",
            "displayName": null
        },
        "period": {
            "label": "raw",
            "interval": "01:00:00",
            "datetimeFrom": {
                "utc": "2017-10-21T14:00:00Z",
                "local": "2017-10-21T07:00:00-07:00"
            },
            "datetimeTo": {
                "utc": "2017-10-21T15:00:00Z",
                "local": "2017-10-21T08:00:00-07:00"
            }
        },
        "coordinates": null,
        "summary": null,
        "coverage": {
            "expectedCount": 1,
            "expectedInterval": "01:00:00",
            "observedCount": 1,
            "observedInterval": "01:00:00",
            "percentComplete": 100.0,
            "percentCoverage": 100.0,
            "datetimeFrom": {
                "utc": "2017-10-21T14:00:00Z",
                "local": "2017-10-21T07:00:00-07:00"
            },
            "datetimeTo": {
                "utc": "2017-10-21T15:00:00Z",
                "local": "2017-10-21T08:00:00-07:00"
            }
        }
    },
    {
        "value": 6.0,
        "flagInfo": {
            "hasFlags": false
        },
        "parameter": {
            "id": 2,
            "name": "pm25",
            "units": "\u00b5g/m\u00b3",
            "displayName": null
        },
        "period": {
            "label": "raw",
            "interval": "01:00:00",
            "datetimeFrom": {
                "utc": "2017-10-21T15:00:00Z",
                "local": "2017-10-21T08:00:00-07:00"
            },
            "datetimeTo": {
                "utc": "2017-10-21T16:00:00Z",
                "local": "2017-10-21T09:00:00-07:00"
            }
        },
        "coordinates": null,
        "summary": null,
        "coverage": {
            "expectedCount": 1,
            "expectedInterval": "01:00:00",
            "observedCount": 1,
            "observedInterval": "01:00:00",
            "percentComplete": 100.0,
            "percentCoverage": 100.0,
            "datetimeFrom": {
                "utc": "2017-10-21T15:00:00Z",
                "local": "2017-10-21T08:00:00-07:00"
            },
            "datetimeTo": {
                "utc": "2017-10-21T16:00:00Z",
                "local": "2017-10-21T09:00:00-07:00"
            }
        }
    },
    {
        "value": 2.0,
        "flagInfo": {
            "hasFlags": false
        },
        "parameter": {
            "id": 2,
            "name": "pm25",
            "units": "\u00b5g/m\u00b3",
            "displayName": null
        },
        "period": {
            "label": "raw",
            "interval": "01:00:00",
            "datetimeFrom": {
                "utc": "2017-10-21T16:00:00Z",
                "local": "2017-10-21T09:00:00-07:00"
            },
            "datetimeTo": {
                "utc": "2017-10-21T17:00:00Z",
                "local": "2017-10-21T10:00:00-07:00"
            }
        },
        "coordinates": null,
        "summary": null,
        "coverage": {
            "expectedCount": 1,
            "expectedInterval": "01:00:00",
            "observedCount": 1,
            "observedInterval": "01:00:00",
            "percentComplete": 100.0,
            "percentCoverage": 100.0,
            "datetimeFrom": {
                "utc": "2017-10-21T16:00:00Z",
                "local": "2017-10-21T09:00:00-07:00"
            },
            "datetimeTo": {
                "utc": "2017-10-21T17:00:00Z",
                "local": "2017-10-21T10:00:00-07:00"
            }
        }
    },
    {
        "value": 1.0,
        "flagInfo": {
            "hasFlags": false
        },
        "parameter": {
            "id": 2,
            "name": "pm25",
            "units": "\u00b5g/m\u00b3",
            "displayName": null
        },
        "period": {
            "label": "raw",
            "interval": "01:00:00",
            "datetimeFrom": {
                "utc": "2017-10-21T20:00:00Z",
                "local": "2017-10-21T13:00:00-07:00"
            },
            "datetimeTo": {
                "utc": "2017-10-21T21:00:00Z",
                "local": "2017-10-21T14:00:00-07:00"
            }
        },
        "coordinates": null,
        "summary": null,
        "coverage": {
            "expectedCount": 1,
            "expectedInterval": "01:00:00",
            "observedCount": 1,
            "observedInterval": "01:00:00",
            "percentComplete": 100.0,
            "percentCoverage": 100.0,
            "datetimeFrom": {
                "utc": "2017-10-21T20:00:00Z",
                "local": "2017-10-21T13:00:00-07:00"
            },
            "datetimeTo": {
                "utc": "2017-10-21T21:00:00Z",
                "local": "2017-10-21T14:00:00-07:00"
            }
        }
    },
    {
        "value": 18.0,
        "flagInfo": {
            "hasFlags": false
        },
        "parameter": {
            "id": 2,
            "name": "pm25",
            "units": "\u00b5g/m\u00b3",
            "displayName": null
        },
        "period": {
            "label": "raw",
            "interval": "01:00:00",
            "datetimeFrom": {
                "utc": "2017-10-21T21:00:00Z",
                "local": "2017-10-21T14:00:00-07:00"
            },
            "datetimeTo": {
                "utc": "2017-10-21T22:00:00Z",
                "local": "2017-10-21T15:00:00-07:00"
            }
        },
        "coordinates": null,
        "summary": null,
        "coverage": {
            "expectedCount": 1,
            "expectedInterval": "01:00:00",
            "observedCount": 1,
            "observedInterval": "01:00:00",
            "percentComplete": 100.0,
            "percentCoverage": 100.0,
            "datetimeFrom": {
                "utc": "2017-10-21T21:00:00Z",
                "local": "2017-10-21T14:00:00-07:00"
            },
            "datetimeTo": {
                "utc": "2017-10-21T22:00:00Z",
                "local": "2017-10-21T15:00:00-07:00"
            }
        }
    },
    {
        "value": 12.0,
        "flagInfo": {
            "hasFlags": false
        },
        "parameter": {
            "id": 2,
            "name": "pm25",
            "units": "\u00b5g/m\u00b3",
            "displayName": null
        },
        "period": {
            "label": "raw",
            "interval": "01:00:00",
            "datetimeFrom": {
                "utc": "2017-10-21T22:00:00Z",
                "local": "2017-10-21T15:00:00-07:00"
            },
            "datetimeTo": {
                "utc": "2017-10-21T23:00:00Z",
                "local": "2017-10-21T16:00:00-07:00"
            }
        },
        "coordinates": null,
        "summary": null,
        "coverage": {
            "expectedCount": 1,
            "expectedInterval": "01:00:00",
            "observedCount": 1,
            "observedInterval": "01:00:00",
            "percentComplete": 100.0,
            "percentCoverage": 100.0,
            "datetimeFrom": {
                "utc": "2017-10-21T22:00:00Z",
                "local": "2017-10-21T15:00:00-07:00"
            },
            "datetimeTo": {
                "utc": "2017-10-21T23:00:00Z",
                "local": "2017-10-21T16:00:00-07:00"
            }
        }
    },
    {
        "value": 0.0,
        "flagInfo": {
            "hasFlags": false
        },
        "parameter": {
            "id": 2,
            "name": "pm25",
            "units": "\u00b5g/m\u00b3",
            "displayName": null
        },
        "period": {
            "label": "raw",
            "interval": "01:00:00",
            "datetimeFrom": {
                "utc": "2017-10-24T18:00:00Z",
                "local": "2017-10-24T11:00:00-07:00"
            },
            "datetimeTo": {
                "utc": "2017-10-24T19:00:00Z",
                "local": "2017-10-24T12:00:00-07:00"
            }
        },
        "coordinates": null,
        "summary": null,
        "coverage": {
            "expectedCount": 1,
            "expectedInterval": "01:00:00",
            "observedCount": 1,
            "observedInterval": "01:00:00",
            "percentComplete": 100.0,
            "percentCoverage": 100.0,
            "datetimeFrom": {
                "utc": "2017-10-24T18:00:00Z",
                "local": "2017-10-24T11:00:00-07:00"
            },
            "datetimeTo": {
                "utc": "2017-10-24T19:00:00Z",
                "local": "2017-10-24T12:00:00-07:00"
            }
        }
    },
    {
        "value": 7.0,
        "flagInfo": {
            "hasFlags": false
        },
        "parameter": {
            "id": 2,
            "name": "pm25",
            "units": "\u00b5g/m\u00b3",
            "displayName": null
        },
        "period": {
            "label": "raw",
            "interval": "01:00:00",
            "datetimeFrom": {
                "utc": "2017-10-24T20:00:00Z",
                "local": "2017-10-24T13:00:00-07:00"
            },
            "datetimeTo": {
                "utc": "2017-10-24T21:00:00Z",
                "local": "2017-10-24T14:00:00-07:00"
            }
        },
        "coordinates": null,
        "summary": null,
        "coverage": {
            "expectedCount": 1,
            "expectedInterval": "01:00:00",
            "observedCount": 1,
            "observedInterval": "01:00:00",
            "percentComplete": 100.0,
            "percentCoverage": 100.0,
            "datetimeFrom": {
                "utc": "2017-10-24T20:00:00Z",
                "local": "2017-10-24T13:00:00-07:00"
            },
            "datetimeTo": {
                "utc": "2017-10-24T21:00:00Z",
                "local": "2017-10-24T14:00:00-07:00"
            }
        }
    }
]