[
    {
        "value": 47.0,
        "flagInfo": {
            "hasFlags": false
        },
        "parameter": {
            "id": 2,
            "name": "pm25",
            "units": "\u00b5g/m\u00b3",
            "displayName": null
        },
        "period": {
            "label": "raw",
            "interval": "01:00:00",
            "datetimeFrom": {
                "utc": "2016-08-18T20:00:00Z",
                "local": "2016-08-18T13:00:00-07:00"
            },
            "datetimeTo": {
                "utc": "2016-08-18T21:00:00Z",
                "local": "2016-08-18T14:00:00-07:00"
            }
        },
        "coordinates": null,
        "summary": null,
        "coverage": {
            "expectedCount": 1,
            "expectedInterval": "01:00:00",
            "observedCount": 1,
            "observedInterval": "01:00:00",
            "percentComplete": 100.0,
            "percentCoverage": 100.0,
            "datetimeFrom": {
                "utc": "2016-08-18T20:00:00Z",
                "local": "2016-08-18T13:00:00-07:00"
            },
            "datetimeTo": {
                "utc": "2016-08-18T21:00:00Z",
                "local": "2016-08-18T14:00:00-07:00"
            }
        }
    },
    {
        "value": 4.0,
        "flagInfo": {
            "hasFlags": false
        },
        "parameter": {
            "id": 2,
            "name": "pm25",
            "units": "\u00b5g/m\u00b3",
            "displayName": null
        },
        "period": {
            "label": "raw",
            "interval": "01:00:00",
            "datetimeFrom": {
                "utc": "2019-11-18T08:00:00Z",
                "local": "2019-11-18T00:00:00-08:00"
            },
            "datetimeTo": {
                "utc": "2019-11-18T09:00:00Z",
                "local": "2019-11-18T01:00:00-08:00"
            }
        },
        "coordinates": null,
        "summary": null,
        "coverage": {
            "expectedCount": 1,
            "expectedInterval": "01:00:00",
            "observedCount": 1,
            "observedInterval": "01:00:00",
            "percentComplete": 100.0,
            "percentCoverage": 100.0,
            "datetimeFrom": {
                "utc": "2019-11-18T08:00:00Z",
                "local": "2019-11-18T00:00:00-08:00"
            },
            "datetimeTo": {
                "utc": "2019-11-18T09:00:00Z",
                "local": "2019-11-18T01:00:00-08:00"
            }
        }
    },
    {
        "value": 6.0,
        "flagInfo": {
            "hasFlags": false
        },
        "parameter": {
            "id": 2,
            "name": "pm25",
            "units": "\u00b5g/m\u00b3",
            "displayName": null
        },
        "period": {
            "label": "raw",
            "interval": "01:00:00",
            "datetimeFrom": {
                "utc": "2019-11-18T09:00:00Z",
                "local": "2019-11-18T01:00:00-08:00"
            },
            "datetimeTo": {
                "utc": "2019-11-18T10:00:00Z",
                "local": "2019-11-18T02:00:00-08:00"
            }
        },
        "coordinates": null,
        "summary": null,
        "coverage": {
            "expectedCount": 1,
            "expectedInterval": "01:00:00",
            "observedCount": 1,
            "observedInterval": "01:00:00",
            "percentComplete": 100.0,
            "percentCoverage": 100.0,
            "datetimeFrom": {
                "utc": "2019-11-18T09:00:00Z",
                "local": "2019-11-18T01:00:00-08:00"
            },
            "datetimeTo": {
                "utc": "2019-11-18T10:00:00Z",
                "local": "2019-11-18T02:00:00-08:00"
            }
        }
    },
    {
        "value": 5.0,
        "flagInfo": {
            "hasFlags": false
        },
        "parameter": {
            "id": 2,
            "name": "pm25",
            "units": "\u00b5g/m\u00b3",
            "displayName": null
        },
        "period": {
            "label": "raw",
            "interval": "01:00:00",
            "datetimeFrom": {
                "utc": "2019-11-18T10:00:00Z",
                "local": "2019-11-18T02:00:00-08:00"
            },
            "datetimeTo": {
                "utc": "2019-11-18T11:00:00Z",
                "local": "2019-11-18T03:00:00-08:00"
            }
        },
        "coordinates": null,
        "summary": null,
        "coverage": {
            "expectedCount": 1,
            "expectedInterval": "01:00:00",
            "observedCount": 1,
            "observedInterval": "01:00:00",
            "percentComplete": 100.0,
            "percentCoverage": 100.0,
            "datetimeFrom": {
                "utc": "2019-11-18T10:00:00Z",
                "local": "2019-11-18T02:00:00-08:00"
            },
            "datetimeTo": {
                "utc": "2019-11-18T11:00:00Z",
                "local": "2019-11-18T03:00:00-08:00"
            }
        }
    },
    {
        "value": 9.0,
        "flagInfo": {
            "hasFlags": false
        },
        "parameter": {
            "id": 2,
            "name": "pm25",
            "units": "\u00b5g/m\u00b3",
            "displayName": null
        },
        "period": {
            "label": "raw",
            "interval": "01:00:00",
            "datetimeFrom": {
                "utc": "2019-11-18T11:00:00Z",
                "local": "2019-11-18T03:00:00-08:00"
            },
            "datetimeTo": {
                "utc": "2019-11-18T12:00:00Z",
                "local": "2019-11-18T04:00:00-08:00"
            }
        },
        "coordinates": null,
        "summary": null,
        "coverage": {
            "expectedCount": 1,
            "expectedInterval": "01:00:00",
            "observedCount": 1,
            "observedInterval": "01:00:00",
            "percentComplete": 100.0,
            "percentCoverage": 100.0,
            "datetimeFrom": {
                "utc": "2019-11-18T11:00:00Z",
                "local": "2019-11-18T03:00:00-08:00"
            },
            "datetimeTo": {
                "utc": "2019-11-18T12:00:00Z",
                "local": "2019-11-18T04:00:00-08:00"
            }
        }
    },
    {
        "value": 2.0,
        "flagInfo": {
            "hasFlags": false
        },
        "parameter": {
            "id": 2,
            "name": "pm25",
            "units": "\u00b5g/m\u00b3",
            "displayName": null
        },
        "period": {
            "label": "raw",
            "interval": "01:00:00",
            "datetimeFrom": {
                "utc": "2019-11-18T12:00:00Z",
                "local": "2019-11-18T04:00:00-08:00"
            },
            "datetimeTo": {
                "utc": "2019-11-18T13:00:00Z",
                "local": "2019-11-18T05:00:00-08:00"
            }
        },
        "coordinates": null,
        "summary": null,
        "coverage": {
            "expectedCount": 1,
            "expectedInterval": "01:00:00",
            "observedCount": 1,
            "observedInterval": "01:00:00",
            "percentComplete": 100.0,
            "percentCoverage": 100.0,
            "datetimeFrom": {
                "utc": "2019-11-18T12:00:00Z",
                "local": "2019-11-18T04:00:00-08:00"
            },
            "datetimeTo": {
                "utc": "2019-11-18T13:00:00Z",
                "local": "2019-11-18T05:00:00-08:00"
            }
        }
    },
    {
        "value": 2.0,
        "flagInfo": {
            "hasFlags": false
        },
        "parameter": {
            "id": 2,
            "name": "pm25",
            "units": "\u00b5g/m\u00b3",
            "displayName": null
        },
        "period": {
            "label": "raw",
            "interval": "01:00:00",
            "datetimeFrom": {
                "utc": "2019-11-18T13:00:00Z",
                "local": "2019-11-18T05:00:00-08:00"
            },
            "datetimeTo": {
                "utc": "2019-11-18T14:00:00Z",
                "local": "2019-11-18T06:00:00-08:00"
            }
        },
        "coordinates": null,
        "summary": null,
        "coverage": {
            "expectedCount": 1,
            "expectedInterval": "01:00:00",
            "observedCount": 1,
            "observedInterval": "01:00:00",
            "percentComplete": 100.0,
            "percentCoverage": 100.0,
            "datetimeFrom": {
                "utc": "2019-11-18T13:00:00Z",
                "local": "2019-11-18T05:00:00-08:00"
            },
            "datetimeTo": {
                "utc": "2019-11-18T14:00:00Z",
                "local": "2019-11-18T06:00:00-08:00"
            }
        }
    },
    {
        "value": 9.0,
        "flagInfo": {
            "hasFlags": false
        },
        "parameter": {
            "id": 2,
            "name": "pm25",
            "units": "\u00b5g/m\u00b3",
            "displayName": null
        },
        "period": {
            "label": "raw",
            "interval": "01:00:00",
            "datetimeFrom": {
                "utc": "2019-11-18T14:00:00Z",
                "local": "2019-11-18T06:00:00-08:00"
            },
            "datetimeTo": {
                "utc": "2019-11-18T15:00:00Z",
                "local": "2019-11-18T07:00:00-08:00"
            }
        },
        "coordinates": null,
        "summary": null,
        "coverage": {
            "expectedCount": 1,
            "expectedInterval": "01:00:00",
            "observedCount": 1,
            "observedInterval": "01:00:00",
            "percentComplete": 100.0,
            "percentCoverage": 100.0,
            "datetimeFrom": {
                "utc": "2019-11-18T14:00:00Z",
                "local": "2019-11-18T06:00:00-08:00"
            },
            "datetimeTo": {
                "utc": "2019-11-18T15:00:00Z",
                "local": "2019-11-18T07:00:00-08:00"
            }
        }
    },
    {
        "value": 8.0,
        "flagInfo": {
            "hasFlags": false
        },
        "parameter": {
            "id": 2,
            "name": "pm25",
            "units": "\u00b5g/m\u00b3",
            "displayName": null
        },
        "period": {
            "label": "raw",
            "interval": "01:00:00",
            "datetimeFrom": {
                "utc": "2019-11-18T15:00:00Z",
                "local": "2019-11-18T07:00:00-08:00"
            },
            "datetimeTo": {
                "utc": "2019-11-18T16:00:00Z",
                "local": "2019-11-18T08:00:00-08:00"
            }
        },
        "coordinates": null,
        "summary": null,
        "coverage": {
            "expectedCount": 1,
            "expectedInterval": "01:00:00",
            "observedCount": 1,
            "observedInterval": "01:00:00",
            "percentComplete": 100.0,
            "percentCoverage": 100.0,
            "datetimeFrom": {
                "utc": "2019-11-18T15:00:00Z",
                "local": "2019-11-18T07:00:00-08:00"
            },
            "datetimeTo": {
                "utc": "2019-11-18T16:00:00Z",
                "local": "2019-11-18T08:00:00-08:00"
            }
        }
    },
    {
        "value": 1.0,
        "flagInfo": {
            "hasFlags": false
        },
        "parameter": {
            "id": 2,
            "name": "pm25",
            "units": "\u00b5g/m\u00b3",
            "displayName": null
        },
        "period": {
            "label": "raw",
            "interval": "01:00:00",
            "datetimeFrom": {
                "utc": "2019-11-18T16:00:00Z",
                "local": "2019-11-18T08:00:00-08:00"
            },
            "datetimeTo": {
                "utc": "2019-11-18T17:00:00Z",
                "local": "2019-11-18T09:00:00-08:00"
            }
        },
        "coordinates": null,
        "summary": null,
        "coverage": {
            "expectedCount": 1,
            "expectedInterval": "01:00:00",
            "observedCount": 1,
            "observedInterval": "01:00:00",
            "percentComplete": 100.0,
            "percentCoverage": 100.0,
            "datetimeFrom": {
                "utc": "2019-11-18T16:00:00Z",
                "local": "2019-11-18T08:00:00-08:00"
            },
            "datetimeTo": {
                "utc": "2019-11-18T17:00:00Z",
                "local": "2019-11-18T09:00:00-08:00"
            }
        }
    },
    {
        "value": 8.0,
        "flagInfo": {
            "hasFlags": false
        },
        "parameter": {
            "id": 2,
            "name": "pm25",
            "units": "\u00b5g/m\u00b3",
            "displayName": null
        },
        "period": {
            "label": "raw",
            "interval": "01:00:00",
            "datetimeFrom": {
                "utc": "2019-11-18T19:00:00Z",
                "local": "2019-11-18T11:00:00-08:00"
            },
            "datetimeTo": {
                "utc": "2019-11-18T20:00:00Z",
                "local": "2019-11-18T12:00:00-08:00"
            }
        },
        "coordinates": null,
        "summary": null,
        "coverage": {
            "expectedCount": 1,
            "expectedInterval": "01:00:00",
            "observedCount": 1,
            "observedInterval": "01:00:00",
            "percentComplete": 100.0,
            "percentCoverage": 100.0,
            "datetimeFrom": {
                "utc": "2019-11-18T19:00:00Z",
                "local": "2019-11-18T11:00:00-08:00"
            },
            "datetimeTo": {
                "utc": "2019-11-18T20:00:00Z",
                "local": "2019-11-18T12:00:00-08:00"
            }
        }
    },
    {
        "value": 2.0,
        "flagInfo": {
            "hasFlags": false
        },
        "parameter": {
            "id": 2,
            "name": "pm25",
            "units": "\u00b5g/m\u00b3",
            "displayName": null
        },
        "period": {
            "label": "raw",
            "interval": "01:00:00",
            "datetimeFrom": {
                "utc": "2019-11-26T08:00:00Z",
                "local": "2019-11-26T00:00:00-08:00"
            },
            "datetimeTo": {
                "utc": "2019-11-26T09:00:00Z",
                "local": "2019-11-26T01:00:00-08:00"
            }
        },
        "coordinates": null,
        "summary": null,
        "coverage": {
            "expectedCount": 1,
            "expectedInterval": "01:00:00",
            "observedCount": 1,
            "observedInterval": "01:00:00",
            "percentComplete": 100.0,
            "percentCoverage": 100.0,
            "datetimeFrom": {
                "utc": "2019-11-26T08:00:00Z",
                "local": "2019-11-26T00:00:00-08:00"
            },
            "datetimeTo": {
                "utc": "2019-11-26T09:00:00Z",
                "local": "2019-11-26T01:00:00-08:00"
            }
        }
    },
    {
        "value": 6.0,
        "flagInfo": {
            "hasFlags": false
        },
        "parameter": {
            "id": 2,
            "name": "pm25",
            "units": "\u00b5g/m\u00b3",
            "displayName": null
        },
        "period": {
            "label": "raw",
            "interval": "01:00:00",
            "datetimeFrom": {
                "utc": "2019-11-26T09:00:00Z",
                "local": "2019-11-26T01:00:00-08:00"
            },
            "datetimeTo": {
                "utc": "2019-11-26T10:00:00Z",
                "local": "2019-11-26T02:00:00-08:00"
            }
        },
        "coordinates": null,
        "summary": null,
        "coverage": {
            "expectedCount": 1,
            "expectedInterval": "01:00:00",
            "observedCount": 1,
            "observedInterval": "01:00:00",
            "percentComplete": 100.0,
            "percentCoverage": 100.0,
            "datetimeFrom": {
                "utc": "2019-11-26T09:00:00Z",
                "local": "2019-11-26T01:00:00-08:00"
            },
            "datetimeTo": {
                "utc": "2019-11-26T10:00:00Z",
                "local": "2019-11-26T02:00:00-08:00"
            }
        }
    },
    {
        "value": 1.0,
        "flagInfo": {
            "hasFlags": false
        },
        "parameter": {
            "id": 2,
            "name": "pm25",
            "units": "\u00b5g/m\u00b3",
            "displayName": null
        },
        "period": {
            "label": "raw",
            "interval": "01:00:00",
            "datetimeFrom": {
                "utc": "2019-11-26T10:00:00Z",
                "local": "2019-11-26T02:00:00-08:00"
            },
            "datetimeTo": {
                "utc": "2019-11-26T11:00:00Z",
                "local": "2019-11-26T03:00:00-08:00"
            }
        },
        "coordinates": null,
        "summary": null,
        "coverage": {
            "expectedCount": 1,
            "expectedInterval": "01:00:00",
            "observedCount": 1,
            "observedInterval": "01:00:00",
            "percentComplete": 100.0,
            "percentCoverage": 100.0,
            "datetimeFrom": {
                "utc": "2019-11-26T10:00:00Z",
                "local": "2019-11-26T02:00:00-08:00"
            },
            "datetimeTo": {
                "utc": "2019-11-26T11:00:00Z",
                "local": "2019-11-26T03:00:00-08:00"
            }
        }
    },
    {
        "value": -2.0,
        "flagInfo": {
            "hasFlags": false
        },
        "parameter": {
            "id": 2,
            "name": "pm25",
            "units": "\u00b5g/m\u00b3",
            "displayName": null
        },
        "period": {
            "label": "raw",
            "interval": "01:00:00",
            "datetimeFrom": {
                "utc": "2019-11-26T11:00:00Z",
                "local": "2019-11-26T03:00:00-08:00"
            },
            "datetimeTo": {
                "utc": "2019-11-26T12:00:00Z",
                "local": "2019-11-26T04:00:00-08:00"
            }
        },
        "coordinates": null,
        "summary": null,
        "coverage": {
            "expectedCount": 1,
            "expectedInterval": "01:00:00",
            "observedCount": 1,
            "observedInterval": "01:00:00",
            "percentComplete": 100.0,
            "percentCoverage": 100.0,
            "datetimeFrom": {
                "utc": "2019-11-26T11:00:00Z",
                "local": "2019-11-26T03:00:00-08:00"
            },
            "datetimeTo": {
                "utc": "2019-11-26T12:00:00Z",
                "local": "2019-11-26T04:00:00-08:00"
            }
        }
    },
    {
        "value": 3.0,
        "flagInfo": {
            "hasFlags": false
        },
        "parameter": {
            "id": 2,
            "name": "pm25",
            "units": "\u00b5g/m\u00b3",
            "displayName": null
        },
        "period": {
            "label": "raw",
            "interval": "01:00:00",
            "datetimeFrom": {
                "utc": "2019-11-26T12:00:00Z",
                "local": "2019-11-26T04:00:00-08:00"
            },
            "datetimeTo": {
                "utc": "2019-11-26T13:00:00Z",
                "local": "2019-11-26T05:00:00-08:00"
            }
        },
        "coordinates": null,
        "summary": null,
        "coverage": {
            "expectedCount": 1,
            "expectedInterval": "01:00:00",
            "observedCount": 1,
            "observedInterval": "01:00:00",
            "percentComplete": 100.0,
            "percentCoverage": 100.0,
            "datetimeFrom": {
                "utc": "2019-11-26T12:00:00Z",
                "local": "2019-11-26T04:00:00-08:00"
            },
            "datetimeTo": {
                "utc": "2019-11-26T13:00:00Z",
                "local": "2019-11-26T05:00:00-08:00"
            }
        }
    },
    {
        "value": 1.0,
        "flagInfo": {
            "hasFlags": false
        },
        "parameter": {
            "id": 2,
            "name": "pm25",
            "units": "\u00b5g/m\u00b3",
            "displayName": null
        },
        "period": {
            "label": "raw",
            "interval": "01:00:00",
            "datetimeFrom": {
                "utc": "2019-11-26T13:00:00Z",
                "local": "2019-11-26T05:00:00-08:00"
            },
            "datetimeTo": {
                "utc": "2019-11-26T14:00:00Z",
                "local": "2019-11-26T06:00:00-08:00"
            }
        },
        "coordinates": null,
        "summary": null,
        "coverage": {
            "expectedCount": 1,
            "expectedInterval": "01:00:00",
            "observedCount": 1,
            "observedInterval": "01:00:00",
            "percentComplete": 100.0,
            "percentCoverage": 100.0,
            "datetimeFrom": {
                "utc": "2019-11-26T13:00:00Z",
                "local": "2019-11-26T05:00:00-08:00"
            },
            "datetimeTo": {
                "utc": "2019-11-26T14:00:00Z",
                "local": "2019-11-26T06:00:00-08:00"
            }
        }
    },
    {
        "value": 0.0,
        "flagInfo": {
            "hasFlags": false
        },
        "parameter": {
            "id": 2,
            "name": "pm25",
            "units": "\u00b5g/m\u00b3",
            "displayName": null
        },
        "period": {
            "label": "raw",
            "interval": "01:00:00",
            "datetimeFrom": {
                "utc": "2019-11-26T14:00:00Z",
                "local": "2019-11-26T06:00:00-08:00"
            },
            "datetimeTo": {
                "utc": "2019-11-26T15:00:00Z",
                "local": "2019-11-26T07:00:00-08:00"
            }
        },
        "coordinates": null,
        "summary": null,
        "coverage": {
            "expectedCount": 1,
            "expectedInterval": "01:00:00",
            "observedCount": 1,
            "observedInterval": "01:00:00",
            "percentComplete": 100.0,
            "percentCoverage": 100.0,
            "datetimeFrom": {
                "utc": "2019-11-26T14:00:00Z",
                "local": "2019-11-26T06:00:00-08:00"
            },
            "datetimeTo": {
                "utc": "2019-11-26T15:00:00Z",
                "local": "2019-11-26T07:00:00-08:00"
            }
        }
    },
    {
        "value": 7.0,
        "flagInfo": {
            "hasFlags": false
        },
        "parameter": {
            "id": 2,
            "name": "pm25",
            "units": "\u00b5g/m\u00b3",
            "displayName": null
        },
        "period": {
            "label": "raw",
            "interval": "01:00:00",
            "datetimeFrom": {
                "utc": "2019-11-26T15:00:00Z",
                "local": "2019-11-26T07:00:00-08:00"
            },
            "datetimeTo": {
                "utc": "2019-11-26T16:00:00Z",
                "local": "2019-11-26T08:00:00-08:00"
            }
        },
        "coordinates": null,
        "summary": null,
        "coverage": {
            "expectedCount": 1,
            "expectedInterval": "01:00:00",
            "observedCount": 1,
            "observedInterval": "01:00:00",
            "percentComplete": 100.0,
            "percentCoverage": 100.0,
            "datetimeFrom": {
                "utc": "2019-11-26T15:00:00Z",
                "local": "2019-11-26T07:00:00-08:00"
            },
            "datetimeTo": {
                "utc": "2019-11-26T16:00:00Z",
                "local": "2019-11-26T08:00:00-08:00"
            }
        }
    },
    {
        "value": 1.0,
        "flagInfo": {
            "hasFlags": false
        },
        "parameter": {
            "id": 2,
            "name": "pm25",
            "units": "\u00b5g/m\u00b3",
            "displayName": null
        },
        "period": {
            "label": "raw",
            "interval": "01:00:00",
            "datetimeFrom": {
                "utc": "2019-11-26T16:00:00Z",
                "local": "2019-11-26T08:00:00-08:00"
            },
            "datetimeTo": {
                "utc": "2019-11-26T17:00:00Z",
                "local": "2019-11-26T09:00:00-08:00"
            }
        },
        "coordinates": null,
        "summary": null,
        "coverage": {
            "expectedCount": 1,
            "expectedInterval": "01:00:00",
            "observedCount": 1,
            "observedInterval": "01:00:00",
            "percentComplete": 100.0,
            "percentCoverage": 100.0,
            "datetimeFrom": {
                "utc": "2019-11-26T16:00:00Z",
                "local": "2019-11-26T08:00:00-08:00"
            },
            "datetimeTo": {
                "utc": "2019-11-26T17:00:00Z",
                "local": "2019-11-26T09:00:00-08:00"
            }
        }
    },
    {
        "value": 8.0,
        "flagInfo": {
            "hasFlags": false
        },
        "parameter": {
            "id": 2,
            "name": "pm25",
            "units": "\u00b5g/m\u00b3",
            "displayName": null
        },
        "period": {
            "label": "raw",
            "interval": "01:00:00",
            "datetimeFrom": {
                "utc": "2019-11-26T17:00:00Z",
                "local": "2019-11-26T09:00:00-08:00"
            },
            "datetimeTo": {
                "utc": "2019-11-26T18:00:00Z",
                "local": "2019-11-26T10:00:00-08:00"
            }
        },
        "coordinates": null,
        "summary": null,
        "coverage": {
            "expectedCount": 1,
            "expectedInterval": "01:00:00",
            "observedCount": 1,
            "observedInterval": "01:00:00",
            "percentComplete": 100.0,
            "percentCoverage": 100.0,
            "datetimeFrom": {
                "utc": "2019-11-26T17:00:00Z",
                "local": "2019-11-26T09:00:00-08:00"
            },
            "datetimeTo": {
                "utc": "2019-11-26T18:00:00Z",
                "local": "2019-11-26T10:00:00-08:00"
            }
        }
    },
    {
        "value": 5.0,
        "flagInfo": {
            "hasFlags": false
        },
        "parameter": {
            "id": 2,
            "name": "pm25",
            "units": "\u00b5g/m\u00b3",
            "displayName": null
        },
        "period": {
            "label": "raw",
            "interval": "01:00:00",
            "datetimeFrom": {
                "utc": "2019-11-26T18:00:00Z",
                "local": "2019-11-26T10:00:00-08:00"
            },
            "datetimeTo": {
                "utc": "2019-11-26T19:00:00Z",
                "local": "2019-11-26T11:00:00-08:00"
            }
        },
        "coordinates": null,
        "summary": null,
        "coverage": {
            "expectedCount": 1,
            "expectedInterval": "01:00:00",
            "observedCount": 1,
            "observedInterval": "01:00:00",
            "percentComplete": 100.0,
            "percentCoverage": 100.0,
            "datetimeFrom": {
                "utc": "2019-11-26T18:00:00Z",
                "local": "2019-11-26T10:00:00-08:00"
            },
            "datetimeTo": {
                "utc": "2019-11-26T19:00:00Z",
                "local": "2019-11-26T11:00:00-08:00"
            }
        }
    },
    {
        "value": 28.0,
        "flagInfo": {
            "hasFlags": false
        },
        "parameter": {
            "id": 2,
            "name": "pm25",
            "units": "\u00b5g/m\u00b3",
            "displayName": null
        },
        "period": {
            "label": "raw",
            "interval": "01:00:00",
            "datetimeFrom": {
                "utc": "2019-11-26T19:00:00Z",
                "local": "2019-11-26T11:00:00-08:00"
            },
            "datetimeTo": {
                "utc": "2019-11-26T20:00:00Z",
                "local": "2019-11-26T12:00:00-08:00"
            }
        },
        "coordinates": null,
        "summary": null,
        "coverage": {
            "expectedCount": 1,
            "expectedInterval": "01:00:00",
            "observedCount": 1,
            "observedInterval": "01:00:00",
            "percentComplete": 100.0,
            "percentCoverage": 100.0,
            "datetimeFrom": {
                "utc": "2019-11-26T19:00:00Z",
                "local": "2019-11-26T11:00:00-08:00"
            },
            "datetimeTo": {
                "utc": "2019-11-26T20:00:00Z",
                "local": "2019-11-26T12:00:00-08:00"
            }
        }
    },
    {
        "value": 2.0,
        "flagInfo": {
            "hasFlags": false
        },
        "parameter": {
            "id": 2,
            "name": "pm25",
            "units": "\u00b5g/m\u00b3",
            "displayName": null
        },
        "period": {
            "label": "raw",
            "interval": "01:00:00",
            "datetimeFrom": {
                "utc": "2019-11-27T08:00:00Z",
                "local": "2019-11-27T00:00:00-08:00"
            },
            "datetimeTo": {
                "utc": "2019-11-27T09:00:00Z",
                "local": "2019-11-27T01:00:00-08:00"
            }
        },
        "coordinates": null,
        "summary": null,
        "coverage": {
            "expectedCount": 1,
            "expectedInterval": "01:00:00",
            "observedCount": 1,
            "observedInterval": "01:00:00",
            "percentComplete": 100.0,
            "percentCoverage": 100.0,
            "datetimeFrom": {
                "utc": "2019-11-27T08:00:00Z",
                "local": "2019-11-27T00:00:00-08:00"
            },
            "datetimeTo": {
                "utc": "2019-11-27T09:00:00Z",
                "local": "2019-11-27T01:00:00-08:00"
            }
        }
    },
    {
        "value": 0.0,
        "flagInfo": {
            "hasFlags": false
        },
        "parameter": {
            "id": 2,
            "name": "pm25",
            "units": "\u00b5g/m\u00b3",
            "displayName": null
        },
        "period": {
            "label": "raw",
            "interval": "01:00:00",
            "datetimeFrom": {
                "utc": "2019-11-27T09:00:00Z",
                "local": "2019-11-27T01:00:00-08:00"
            },
            "datetimeTo": {
                "utc": "2019-11-27T10:00:00Z",
                "local": "2019-11-27T02:00:00-08:00"
            }
        },
        "coordinates": null,
        "summary": null,
        "coverage": {
            "expectedCount": 1,
            "expectedInterval": "01:00:00",
            "observedCount": 1,
            "observedInterval": "01:00:00",
            "percentComplete": 100.0,
            "percentCoverage": 100.0,
            "datetimeFrom": {
                "utc": "2019-11-27T09:00:00Z",
                "local": "2019-11-27T01:00:00-08:00"
            },
            "datetimeTo": {
                "utc": "2019-11-27T10:00:00Z",
                "local": "2019-11-27T02:00:00-08:00"
            }
        }
    },
    {
        "value": -1.0,
        "flagInfo": {
            "hasFlags": false
        },
        "parameter": {
            "id": 2,
            "name": "pm25",
            "units": "\u00b5g/m\u00b3",
            "displayName": null
        },
        "period": {
            "label": "raw",
            "interval": "01:00:00",
            "datetimeFrom": {
                "utc": "2019-11-27T10:00:00Z",
                "local": "2019-11-27T02:00:00-08:00"
            },
            "datetimeTo": {
                "utc": "2019-11-27T11:00:00Z",
                "local": "2019-11-27T03:00:00-08:00"
            }
        },
        "coordinates": null,
        "summary": null,
        "coverage": {
            "expectedCount": 1,
            "expectedInterval": "01:00:00",
            "observedCount": 1,
            "observedInterval": "01:00:00",
            "percentComplete": 100.0,
            "percentCoverage": 100.0,
            "datetimeFrom": {
                "utc": "2019-11-27T10:00:00Z",
                "local": "2019-11-27T02:00:00-08:00"
            },
            "datetimeTo": {
                "utc": "2019-11-27T11:00:00Z",
                "local": "2019-11-27T03:00:00-08:00"
            }
        }
    },
    {
        "value": 5.0,
        "flagInfo": {
            "hasFlags": false
        },
        "parameter": {
            "id": 2,
            "name": "pm25",
            "units": "\u00b5g/m\u00b3",
            "displayName": null
        },
        "period": {
            "label": "raw",
            "interval": "01:00:00",
            "datetimeFrom": {
                "utc": "2019-11-27T11:00:00Z",
                "local": "2019-11-27T03:00:00-08:00"
            },
            "datetimeTo": {
                "utc": "2019-11-27T12:00:00Z",
                "local": "2019-11-27T04:00:00-08:00"
            }
        },
        "coordinates": null,
        "summary": null,
        "coverage": {
            "expectedCount": 1,
            "expectedInterval": "01:00:00",
            "observedCount": 1,
            "observedInterval": "01:00:00",
            "percentComplete": 100.0,
            "percentCoverage": 100.0,
            "datetimeFrom": {
                "utc": "2019-11-27T11:00:00Z",
                "local": "2019-11-27T03:00:00-08:00"
            },
            "datetimeTo": {
                "utc": "2019-11-27T12:00:00Z",
                "local": "2019-11-27T04:00:00-08:00"
            }
        }
    },
    {
        "value": -3.0,
        "flagInfo": {
            "hasFlags": false
        },
        "parameter": {
            "id": 2,
            "name": "pm25",
            "units": "\u00b5g/m\u00b3",
            "displayName": null
        },
        "period": {
            "label": "raw",
            "interval": "01:00:00",
            "datetimeFrom": {
                "utc": "2019-11-27T12:00:00Z",
                "local": "2019-11-27T04:00:00-08:00"
            },
            "datetimeTo": {
                "utc": "2019-11-27T13:00:00Z",
                "local": "2019-11-27T05:00:00-08:00"
            }
        },
        "coordinates": null,
        "summary": null,
        "coverage": {
            "expectedCount": 1,
            "expectedInterval": "01:00:00",
            "observedCount": 1,
            "observedInterval": "01:00:00",
            "percentComplete": 100.0,
            "percentCoverage": 100.0,
            "datetimeFrom": {
                "utc": "2019-11-27T12:00:00Z",
                "local": "2019-11-27T04:00:00-08:00"
            },
            "datetimeTo": {
                "utc": "2019-11-27T13:00:00Z",
                "local": "2019-11-27T05:00:00-08:00"
            }
        }
    },
    {
        "value": 0.0,
        "flagInfo": {
            "hasFlags": false
        },
        "parameter": {
            "id": 2,
            "name": "pm25",
            "units": "\u00b5g/m\u00b3",
            "displayName": null
        },
        "period": {
            "label": "raw",
            "interval": "01:00:00",
            "datetimeFrom": {
                "utc": "2019-11-27T13:00:00Z",
                "local": "2019-11-27T05:00:00-08:00"
            },
            "datetimeTo": {
                "utc": "2019-11-27T14:00:00Z",
                "local": "2019-11-27T06:00:00-08:00"
            }
        },
        "coordinates": null,
        "summary": null,
        "coverage": {
            "expectedCount": 1,
            "expectedInterval": "01:00:00",
            "observedCount": 1,
            "observedInterval": "01:00:00",
            "percentComplete": 100.0,
            "percentCoverage": 100.0,
            "datetimeFrom": {
                "utc": "2019-11-27T13:00:00Z",
                "local": "2019-11-27T05:00:00-08:00"
            },
            "datetimeTo": {
                "utc": "2019-11-27T14:00:00Z",
                "local": "2019-11-27T06:00:00-08:00"
            }
        }
    },
    {
        "value": -3.0,
        "flagInfo": {
            "hasFlags": false
        },
        "parameter": {
            "id": 2,
            "name": "pm25",
            "units": "\u00b5g/m\u00b3",
            "displayName": null
        },
        "period": {
            "label": "raw",
            "interval": "01:00:00",
            "datetimeFrom": {
                "utc": "2019-11-27T14:00:00Z",
                "local": "2019-11-27T06:00:00-08:00"
            },
            "datetimeTo": {
                "utc": "2019-11-27T15:00:00Z",
                "local": "2019-11-27T07:00:00-08:00"
            }
        },
        "coordinates": null,
        "summary": null,
        "coverage": {
            "expectedCount": 1,
            "expectedInterval": "01:00:00",
            "observedCount": 1,
            "observedInterval": "01:00:00",
            "percentComplete": 100.0,
            "percentCoverage": 100.0,
            "datetimeFrom": {
                "utc": "2019-11-27T14:00:00Z",
                "local": "2019-11-27T06:00:00-08:00"
            },
            "datetimeTo": {
                "utc": "2019-11-27T15:00:00Z",
                "local": "2019-11-27T07:00:00-08:00"
            }
        }
    },
    {
        "value": 5.0,
        "flagInfo": {
            "hasFlags": false
        },
        "parameter": {
            "id": 2,
            "name": "pm25",
            "units": "\u00b5g/m\u00b3",
            "displayName": null
        },
        "period": {
            "label": "raw",
            "interval": "01:00:00",
            "datetimeFrom": {
                "utc": "2019-11-27T15:00:00Z",
                "local": "2019-11-27T07:00:00-08:00"
            },
            "datetimeTo": {
                "utc": "2019-11-27T16:00:00Z",
                "local": "2019-11-27T08:00:00-08:00"
            }
        },
        "coordinates": null,
        "summary": null,
        "coverage": {
            "expectedCount": 1,
            "expectedInterval": "01:00:00",
            "observedCount": 1,
            "observedInterval": "01:00:00",
            "percentComplete": 100.0,
            "percentCoverage": 100.0,
            "datetimeFrom": {
                "utc": "2019-11-27T15:00:00Z",
                "local": "2019-11-27T07:00:00-08:00"
            },
            "datetimeTo": {
                "utc": "2019-11-27T16:00:00Z",
                "local": "2019-11-27T08:00:00-08:00"
            }
        }
    },
    {
        "value": -4.0,
        "flagInfo": {
            "hasFlags": false
        },
        "parameter": {
            "id": 2,
            "name": "pm25",
            "units": "\u00b5g/m\u00b3",
            "displayName": null
        },
        "period": {
            "label": "raw",
            "interval": "01:00:00",
            "datetimeFrom": {
                "utc": "2019-11-27T17:00:00Z",
                "local": "2019-11-27T09:00:00-08:00"
            },
            "datetimeTo": {
                "utc": "2019-11-27T18:00:00Z",
                "local": "2019-11-27T10:00:00-08:00"
            }
        },
        "coordinates": null,
        "summary": null,
        "coverage": {
            "expectedCount": 1,
            "expectedInterval": "01:00:00",
            "observedCount": 1,
            "observedInterval": "01:00:00",
            "percentComplete": 100.0,
            "percentCoverage": 100.0,
            "datetimeFrom": {
                "utc": "2019-11-27T17:00:00Z",
                "local": "2019-11-27T09:00:00-08:00"
            },
            "datetimeTo": {
                "utc": "2019-11-27T18:00:00Z",
                "local": "2019-11-27T10:00:00-08:00"
            }
        }
    },
    {
        "value": 1.0,
        "flagInfo": {
            "hasFlags": false
        },
        "parameter": {
            "id": 2,
            "name": "pm25",
            "units": "\u00b5g/m\u00b3",
            "displayName": null
        },
        "period": {
            "label": "raw",
            "interval": "01:00:00",
            "datetimeFrom": {
                "utc": "2019-11-27T18:00:00Z",
                "local": "2019-11-27T10:00:00-08:00"
            },
            "datetimeTo": {
                "utc": "2019-11-27T19:00:00Z",
                "local": "2019-11-27T11:00:00-08:00"
            }
        },
        "coordinates": null,
        "summary": null,
        "coverage": {
            "expectedCount": 1,
            "expectedInterval": "01:00:00",
            "observedCount": 1,
            "observedInterval": "01:00:00",
            "percentComplete": 100.0,
            "percentCoverage": 100.0,
            "datetimeFrom": {
                "utc": "2019-11-27T18:00:00Z",
                "local": "2019-11-27T10:00:00-08:00"
            },
            "datetimeTo": {
                "utc": "2019-11-27T19:00:00Z",
                "local": "2019-11-27T11:00:00-08:00"
            }
        }
    },
    {
        "value": 1.0,
        "flagInfo": {
            "hasFlags": false
        },
        "parameter": {
            "id": 2,
            "name": "pm25",
            "units": "\u00b5g/m\u00b3",
            "displayName": null
        },
        "period": {
            "label": "raw",
            "interval": "01:00:00",
            "datetimeFrom": {
                "utc": "2019-12-02T08:00:00Z",
                "local": "2019-12-02T00:00:00-08:00"
            },
            "datetimeTo": {
                "utc": "2019-12-02T09:00:00Z",
                "local": "2019-12-02T01:00:00-08:00"
            }
        },
        "coordinates": null,
        "summary": null,
        "coverage": {
            "expectedCount": 1,
            "expectedInterval": "01:00:00",
            "observedCount": 1,
            "observedInterval": "01:00:00",
            "percentComplete": 100.0,
            "percentCoverage": 100.0,
            "datetimeFrom": {
                "utc": "2019-12-02T08:00:00Z",
                "local": "2019-12-02T00:00:00-08:00"
            },
            "datetimeTo": {
                "utc": "2019-12-02T09:00:00Z",
                "local": "2019-12-02T01:00:00-08:00"
            }
        }
    },
    {
        "value": 0.0,
        "flagInfo": {
            "hasFlags": false
        },
        "parameter": {
            "id": 2,
            "name": "pm25",
            "units": "\u00b5g/m\u00b3",
            "displayName": null
        },
        "period": {
            "label": "raw",
            "interval": "01:00:00",
            "datetimeFrom": {
                "utc": "2019-12-02T09:00:00Z",
                "local": "2019-12-02T01:00:00-08:00"
            },
            "datetimeTo": {
                "utc": "2019-12-02T10:00:00Z",
                "local": "2019-12-02T02:00:00-08:00"
            }
        },
        "coordinates": null,
        "summary": null,
        "coverage": {
            "expectedCount": 1,
            "expectedInterval": "01:00:00",
            "observedCount": 1,
            "observedInterval": "01:00:00",
            "percentComplete": 100.0,
            "percentCoverage": 100.0,
            "datetimeFrom": {
                "utc": "2019-12-02T09:00:00Z",
                "local": "2019-12-02T01:00:00-08:00"
            },
            "datetimeTo": {
                "utc": "2019-12-02T10:00:00Z",
                "local": "2019-12-02T02:00:00-08:00"
            }
        }
    },
    {
        "value": 2.0,
        "flagInfo": {
            "hasFlags": false
        },
        "parameter": {
            "id": 2,
            "name": "pm25",
            "units": "\u00b5g/m\u00b3",
            "displayName": null
        },
        "period": {
            "label": "raw",
            "interval": "01:00:00",
            "datetimeFrom": {
                "utc": "2019-12-02T10:00:00Z",
                "local": "2019-12-02T02:00:00-08:00"
            },
            "datetimeTo": {
                "utc": "2019-12-02T11:00:00Z",
                "local": "2019-12-02T03:00:00-08:00"
            }
        },
        "coordinates": null,
        "summary": null,
        "coverage": {
            "expectedCount": 1,
            "expectedInterval": "01:00:00",
            "observedCount": 1,
            "observedInterval": "01:00:00",
            "percentComplete": 100.0,
            "percentCoverage": 100.0,
            "datetimeFrom": {
                "utc": "2019-12-02T10:00:00Z",
                "local": "2019-12-02T02:00:00-08:00"
            },
            "datetimeTo": {
                "utc": "2019-12-02T11:00:00Z",
                "local": "2019-12-02T03:00:00-08:00"
            }
        }
    },
    {
        "value": -4.0,
        "flagInfo": {
            "hasFlags": false
        },
        "parameter": {
            "id": 2,
            "name": "pm25",
            "units": "\u00b5g/m\u00b3",
            "displayName": null
        },
        "period": {
            "label": "raw",
            "interval": "01:00:00",
            "datetimeFrom": {
                "utc": "2019-12-02T11:00:00Z",
                "local": "2019-12-02T03:00:00-08:00"
            },
            "datetimeTo": {
                "utc": "2019-12-02T12:00:00Z",
                "local": "2019-12-02T04:00:00-08:00"
            }
        },
        "coordinates": null,
        "summary": null,
        "coverage": {
            "expectedCount": 1,
            "expectedInterval": "01:00:00",
            "observedCount": 1,
            "observedInterval": "01:00:00",
            "percentComplete": 100.0,
            "percentCoverage": 100.0,
            "datetimeFrom": {
                "utc": "2019-12-02T11:00:00Z",
                "local": "2019-12-02T03:00:00-08:00"
            },
            "datetimeTo": {
                "utc": "2019-12-02T12:00:00Z",
                "local": "2019-12-02T04:00:00-08:00"
            }
        }
    },
    {
        "value": 4.0,
        "flagInfo": {
            "hasFlags": false
        },
        "parameter": {
            "id": 2,
            "name": "pm25",
            "units": "\u00b5g/m\u00b3",
            "displayName": null
        },
        "period": {
            "label": "raw",
            "interval": "01:00:00",
            "datetimeFrom": {
                "utc": "2019-12-02T12:00:00Z",
                "local": "2019-12-02T04:00:00-08:00"
            },
            "datetimeTo": {
                "utc": "2019-12-02T13:00:00Z",
                "local": "2019-12-02T05:00:00-08:00"
            }
        },
        "coordinates": null,
        "summary": null,
        "coverage": {
            "expectedCount": 1,
            "expectedInterval": "01:00:00",
            "observedCount": 1,
            "observedInterval": "01:00:00",
            "percentComplete": 100.0,
            "percentCoverage": 100.0,
            "datetimeFrom": {
                "utc": "2019-12-02T12:00:00Z",
                "local": "2019-12-02T04:00:00-08:00"
            },
            "datetimeTo": {
                "utc": "2019-12-02T13:00:00Z",
                "local": "2019-12-02T05:00:00-08:00"
            }
        }
    },
    {
        "value": -1.0,
        "flagInfo": {
            "hasFlags": false
        },
        "parameter": {
            "id": 2,
            "name": "pm25",
            "units": "\u00b5g/m\u00b3",
            "displayName": null
        },
        "period": {
            "label": "raw",
            "interval": "01:00:00",
            "datetimeFrom": {
                "utc": "2019-12-02T13:00:00Z",
                "local": "2019-12-02T05:00:00-08:00"
            },
            "datetimeTo": {
                "utc": "2019-12-02T14:00:00Z",
                "local": "2019-12-02T06:00:00-08:00"
            }
        },
        "coordinates": null,
        "summary": null,
        "coverage": {
            "expectedCount": 1,
            "expectedInterval": "01:00:00",
            "observedCount": 1,
            "observedInterval": "01:00:00",
            "percentComplete": 100.0,
            "percentCoverage": 100.0,
            "datetimeFrom": {
                "utc": "2019-12-02T13:00:00Z",
                "local": "2019-12-02T05:00:00-08:00"
            },
            "datetimeTo": {
                "utc": "2019-12-02T14:00:00Z",
                "local": "2019-12-02T06:00:00-08:00"
            }
        }
    },
    {
        "value": 7.0,
        "flagInfo": {
            "hasFlags": false
        },
        "parameter": {
            "id": 2,
            "name": "pm25",
            "units": "\u00b5g/m\u00b3",
            "displayName": null
        },
        "period": {
            "label": "raw",
            "interval": "01:00:00",
            "datetimeFrom": {
                "utc": "2019-12-02T14:00:00Z",
                "local": "2019-12-02T06:00:00-08:00"
            },
            "datetimeTo": {
                "utc": "2019-12-02T15:00:00Z",
                "local": "2019-12-02T07:00:00-08:00"
            }
        },
        "coordinates": null,
        "summary": null,
        "coverage": {
            "expectedCount": 1,
            "expectedInterval": "01:00:00",
            "observedCount": 1,
            "observedInterval": "01:00:00",
            "percentComplete": 100.0,
            "percentCoverage": 100.0,
            "datetimeFrom": {
                "utc": "2019-12-02T14:00:00Z",
                "local": "2019-12-02T06:00:00-08:00"
            },
            "datetimeTo": {
                "utc": "2019-12-02T15:00:00Z",
                "local": "2019-12-02T07:00:00-08:00"
            }
        }
    },
    {
        "value": 3.0,
        "flagInfo": {
            "hasFlags": false
        },
        "parameter": {
            "id": 2,
            "name": "pm25",
            "units": "\u00b5g/m\u00b3",
            "displayName": null
        },
        "period": {
            "label": "raw",
            "interval": "01:00:00",
            "datetimeFrom": {
                "utc": "2019-12-02T15:00:00Z",
                "local": "2019-12-02T07:00:00-08:00"
            },
            "datetimeTo": {
                "utc": "2019-12-02T16:00:00Z",
                "local": "2019-12-02T08:00:00-08:00"
            }
        },
        "coordinates": null,
        "summary": null,
        "coverage": {
            "expectedCount": 1,
            "expectedInterval": "01:00:00",
            "observedCount": 1,
            "observedInterval": "01:00:00",
            "percentComplete": 100.0,
            "percentCoverage": 100.0,
            "datetimeFrom": {
                "utc": "2019-12-02T15:00:00Z",
                "local": "2019-12-02T07:00:00-08:00"
            },
            "datetimeTo": {
                "utc": "2019-12-02T16:00:00Z",
                "local": "2019-12-02T08:00:00-08:00"
            }
        }
    },
    {
        "value": 5.0,
        "flagInfo": {
            "hasFlags": false
        },
        "parameter": {
            "id": 2,
            "name": "pm25",
            "units": "\u00b5g/m\u00b3",
            "displayName": null
        },
        "period": {
            "label": "raw",
            "interval": "01:00:00",
            "datetimeFrom": {
                "utc": "2019-12-02T16:00:00Z",
                "local": "2019-12-02T08:00:00-08:00"
            },
            "datetimeTo": {
                "utc": "2019-12-02T17:00:00Z",
                "local": "2019-12-02T09:00:00-08:00"
            }
        },
        "coordinates": null,
        "summary": null,
        "coverage": {
            "expectedCount": 1,
            "expectedInterval": "01:00:00",
            "observedCount": 1,
            "observedInterval": "01:00:00",
            "percentComplete": 100.0,
            "percentCoverage": 100.0,
            "datetimeFrom": {
                "utc": "2019-12-02T16:00:00Z",
                "local": "2019-12-02T08:00:00-08:00"
            },
            "datetimeTo": {
                "utc": "2019-12-02T17:00:00Z",
                "local": "2019-12-02T09:00:00-08:00"
            }
        }
    },
    {
        "value": -3.0,
        "flagInfo": {
            "hasFlags": false
        },
        "parameter": {
            "id": 2,
            "name": "pm25",
            "units": "\u00b5g/m\u00b3",
            "displayName": null
        },
        "period": {
            "label": "raw",
            "interval": "01:00:00",
            "datetimeFrom": {
                "utc": "2019-12-02T19:00:00Z",
                "local": "2019-12-02T11:00:00-08:00"
            },
            "datetimeTo": {
                "utc": "2019-12-02T20:00:00Z",
                "local": "2019-12-02T12:00:00-08:00"
            }
        },
        "coordinates": null,
        "summary": null,
        "coverage": {
            "expectedCount": 1,
            "expectedInterval": "01:00:00",
            "observedCount": 1,
            "observedInterval": "01:00:00",
            "percentComplete": 100.0,
            "percentCoverage": 100.0,
            "datetimeFrom": {
                "utc": "2019-12-02T19:00:00Z",
                "local": "2019-12-02T11:00:00-08:00"
            },
            "datetimeTo": {
                "utc": "2019-12-02T20:00:00Z",
                "local": "2019-12-02T12:00:00-08:00"
            }
        }
    },
    {
        "value": 1.0,
        "flagInfo": {
            "hasFlags": false
        },
        "parameter": {
            "id": 2,
            "name": "pm25",
            "units": "\u00b5g/m\u00b3",
            "displayName": null
        },
        "period": {
            "label": "raw",
            "interval": "01:00:00",
            "datetimeFrom": {
                "utc": "2019-12-07T08:00:00Z",
                "local": "2019-12-07T00:00:00-08:00"
            },
            "datetimeTo": {
                "utc": "2019-12-07T09:00:00Z",
                "local": "2019-12-07T01:00:00-08:00"
            }
        },
        "coordinates": null,
        "summary": null,
        "coverage": {
            "expectedCount": 1,
            "expectedInterval": "01:00:00",
            "observedCount": 1,
            "observedInterval": "01:00:00",
            "percentComplete": 100.0,
            "percentCoverage": 100.0,
            "datetimeFrom": {
                "utc": "2019-12-07T08:00:00Z",
                "local": "2019-12-07T00:00:00-08:00"
            },
            "datetimeTo": {
                "utc": "2019-12-07T09:00:00Z",
                "local": "2019-12-07T01:00:00-08:00"
            }
        }
    },
    {
        "value": 0.0,
        "flagInfo": {
            "hasFlags": false
        },
        "parameter": {
            "id": 2,
            "name": "pm25",
            "units": "\u00b5g/m\u00b3",
            "displayName": null
        },
        "period": {
            "label": "raw",
            "interval": "01:00:00",
            "datetimeFrom": {
                "utc": "2019-12-07T09:00:00Z",
                "local": "2019-12-07T01:00:00-08:00"
            },
            "datetimeTo": {
                "utc": "2019-12-07T10:00:00Z",
                "local": "2019-12-07T02:00:00-08:00"
            }
        },
        "coordinates": null,
        "summary": null,
        "coverage": {
            "expectedCount": 1,
            "expectedInterval": "01:00:00",
            "observedCount": 1,
            "observedInterval": "01:00:00",
            "percentComplete": 100.0,
            "percentCoverage": 100.0,
            "datetimeFrom": {
                "utc": "2019-12-07T09:00:00Z",
                "local": "2019-12-07T01:00:00-08:00"
            },
            "datetimeTo": {
                "utc": "2019-12-07T10:00:00Z",
                "local": "2019-12-07T02:00:00-08:00"
            }
        }
    },
    {
        "value": -4.0,
        "flagInfo": {
            "hasFlags": false
        },
        "parameter": {
            "id": 2,
            "name": "pm25",
            "units": "\u00b5g/m\u00b3",
            "displayName": null
        },
        "period": {
            "label": "raw",
            "interval": "01:00:00",
            "datetimeFrom": {
                "utc": "2019-12-07T10:00:00Z",
                "local": "2019-12-07T02:00:00-08:00"
            },
            "datetimeTo": {
                "utc": "2019-12-07T11:00:00Z",
                "local": "2019-12-07T03:00:00-08:00"
            }
        },
        "coordinates": null,
        "summary": null,
        "coverage": {
            "expectedCount": 1,
            "expectedInterval": "01:00:00",
            "observedCount": 1,
            "observedInterval": "01:00:00",
            "percentComplete": 100.0,
            "percentCoverage": 100.0,
            "datetimeFrom": {
                "utc": "2019-12-07T10:00:00Z",
                "local": "2019-12-07T02:00:00-08:00"
            },
            "datetimeTo": {
                "utc": "2019-12-07T11:00:00Z",
                "local": "2019-12-07T03:00:00-08:00"
            }
        }
    },
    {
        "value": 2.0,
        "flagInfo": {
            "hasFlags": false
        },
        "parameter": {
            "id": 2,
            "name": "pm25",
            "units": "\u00b5g/m\u00b3",
            "displayName": null
        },
        "period": {
            "label": "raw",
            "interval": "01:00:00",
            "datetimeFrom": {
                "utc": "2019-12-07T11:00:00Z",
                "local": "2019-12-07T03:00:00-08:00"
            },
            "datetimeTo": {
                "utc": "2019-12-07T12:00:00Z",
                "local": "2019-12-07T04:00:00-08:00"
            }
        },
        "coordinates": null,
        "summary": null,
        "coverage": {
            "expectedCount": 1,
            "expectedInterval": "01:00:00",
            "observedCount": 1,
            "observedInterval": "01:00:00",
            "percentComplete": 100.0,
            "percentCoverage": 100.0,
            "datetimeFrom": {
                "utc": "2019-12-07T11:00:00Z",
                "local": "2019-12-07T03:00:00-08:00"
            },
            "datetimeTo": {
                "utc": "2019-12-07T12:00:00Z",
                "local": "2019-12-07T04:00:00-08:00"
            }
        }
    },
    {
        "value": 4.0,
        "flagInfo": {
            "hasFlags": false
        },
        "parameter": {
            "id": 2,
            "name": "pm25",
            "units": "\u00b5g/m\u00b3",
            "displayName": null
        },
        "period": {
            "label": "raw",
            "interval": "01:00:00",
            "datetimeFrom": {
                "utc": "2019-12-07T13:00:00Z",
                "local": "2019-12-07T05:00:00-08:00"
            },
            "datetimeTo": {
                "utc": "2019-12-07T14:00:00Z",
                "local": "2019-12-07T06:00:00-08:00"
            }
        },
        "coordinates": null,
        "summary": null,
        "coverage": {
            "expectedCount": 1,
            "expectedInterval": "01:00:00",
            "observedCount": 1,
            "observedInterval": "01:00:00",
            "percentComplete": 100.0,
            "percentCoverage": 100.0,
            "datetimeFrom": {
                "utc": "2019-12-07T13:00:00Z",
                "local": "2019-12-07T05:00:00-08:00"
            },
            "datetimeTo": {
                "utc": "2019-12-07T14:00:00Z",
                "local": "2019-12-07T06:00:00-08:00"
            }
        }
    },
    {
        "value": -4.0,
        "flagInfo": {
            "hasFlags": false
        },
        "parameter": {
            "id": 2,
            "name": "pm25",
            "units": "\u00b5g/m\u00b3",
            "displayName": null
        },
        "period": {
            "label": "raw",
            "interval": "01:00:00",
            "datetimeFrom": {
                "utc": "2019-12-07T14:00:00Z",
                "local": "2019-12-07T06:00:00-08:00"
            },
            "datetimeTo": {
                "utc": "2019-12-07T15:00:00Z",
                "local": "2019-12-07T07:00:00-08:00"
            }
        },
        "coordinates": null,
        "summary": null,
        "coverage": {
            "expectedCount": 1,
            "expectedInterval": "01:00:00",
            "observedCount": 1,
            "observedInterval": "01:00:00",
            "percentComplete": 100.0,
            "percentCoverage": 100.0,
            "datetimeFrom": {
                "utc": "2019-12-07T14:00:00Z",
                "local": "2019-12-07T06:00:00-08:00"
            },
            "datetimeTo": {
                "utc": "2019-12-07T15:00:00Z",
                "local": "2019-12-07T07:00:00-08:00"
            }
        }
    },
    {
        "value": 4.0,
        "flagInfo": {
            "hasFlags": false
        },
        "parameter": {
            "id": 2,
            "name": "pm25",
            "units": "\u00b5g/m\u00b3",
            "displayName": null
        },
        "period": {
            "label": "raw",
            "interval": "01:00:00",
            "datetimeFrom": {
                "utc": "2019-12-07T15:00:00Z",
                "local": "2019-12-07T07:00:00-08:00"
            },
            "datetimeTo": {
                "utc": "2019-12-07T16:00:00Z",
                "local": "2019-12-07T08:00:00-08:00"
            }
        },
        "coordinates": null,
        "summary": null,
        "coverage": {
            "expectedCount": 1,
            "expectedInterval": "01:00:00",
            "observedCount": 1,
            "observedInterval": "01:00:00",
            "percentComplete": 100.0,
            "percentCoverage": 100.0,
            "datetimeFrom": {
                "utc": "2019-12-07T15:00:00Z",
                "local": "2019-12-07T07:00:00-08:00"
            },
            "datetimeTo": {
                "utc": "2019-12-07T16:00:00Z",
                "local": "2019-12-07T08:00:00-08:00"
            }
        }
    },
    {
        "value": -2.0,
        "flagInfo": {
            "hasFlags": false
        },
        "parameter": {
            "id": 2,
            "name": "pm25",
            "units": "\u00b5g/m\u00b3",
            "displayName": null
        },
        "period": {
            "label": "raw",
            "interval": "01:00:00",
            "datetimeFrom": {
                "utc": "2019-12-07T16:00:00Z",
                "local": "2019-12-07T08:00:00-08:00"
            },
            "datetimeTo": {
                "utc": "2019-12-07T17:00:00Z",
                "local": "2019-12-07T09:00:00-08:00"
            }
        },
        "coordinates": null,
        "summary": null,
        "coverage": {
            "expectedCount": 1,
            "expectedInterval": "01:00:00",
            "observedCount": 1,
            "observedInterval": "01:00:00",
            "percentComplete": 100.0,
            "percentCoverage": 100.0,
            "datetimeFrom": {
                "utc": "2019-12-07T16:00:00Z",
                "local": "2019-12-07T08:00:00-08:00"
            },
            "datetimeTo": {
                "utc": "2019-12-07T17:00:00Z",
                "local": "2019-12-07T09:00:00-08:00"
            }
        }
    },
    {
        "value": 0.0,
        "flagInfo": {
            "hasFlags": false
        },
        "parameter": {
            "id": 2,
            "name": "pm25",
            "units": "\u00b5g/m\u00b3",
            "displayName": null
        },
        "period": {
            "label": "raw",
            "interval": "01:00:00",
            "datetimeFrom": {
                "utc": "2019-12-07T17:00:00Z",
                "local": "2019-12-07T09:00:00-08:00"
            },
            "datetimeTo": {
                "utc": "2019-12-07T18:00:00Z",
                "local": "2019-12-07T10:00:00-08:00"
            }
        },
        "coordinates": null,
        "summary": null,
        "coverage": {
            "expectedCount": 1,
            "expectedInterval": "01:00:00",
            "observedCount": 1,
            "observedInterval": "01:00:00",
            "percentComplete": 100.0,
            "percentCoverage": 100.0,
            "datetimeFrom": {
                "utc": "2019-12-07T17:00:00Z",
                "local": "2019-12-07T09:00:00-08:00"
            },
            "datetimeTo": {
                "utc": "2019-12-07T18:00:00Z",
                "local": "2019-12-07T10:00:00-08:00"
            }
        }
    },
    {
        "value": 3.0,
        "flagInfo": {
            "hasFlags": false
        },
        "parameter": {
            "id": 2,
            "name": "pm25",
            "units": "\u00b5g/m\u00b3",
            "displayName": null
        },
        "period": {
            "label": "raw",
            "interval": "01:00:00",
            "datetimeFrom": {
                "utc": "2019-12-07T19:00:00Z",
                "local": "2019-12-07T11:00:00-08:00"
            },
            "datetimeTo": {
                "utc": "2019-12-07T20:00:00Z",
                "local": "2019-12-07T12:00:00-08:00"
            }
        },
        "coordinates": null,
        "summary": null,
        "coverage": {
            "expectedCount": 1,
            "expectedInterval": "01:00:00",
            "observedCount": 1,
            "observedInterval": "01:00:00",
            "percentComplete": 100.0,
            "percentCoverage": 100.0,
            "datetimeFrom": {
                "utc": "2019-12-07T19:00:00Z",
                "local": "2019-12-07T11:00:00-08:00"
            },
            "datetimeTo": {
                "utc": "2019-12-07T20:00:00Z",
                "local": "2019-12-07T12:00:00-08:00"
            }
        }
    }
]