[
    {
        "value": 15.0,
        "flagInfo": {
            "hasFlags": false
        },
        "parameter": {
            "id": 2,
            "name": "pm25",
            "units": "\u00b5g/m\u00b3",
            "displayName": null
        },
        "period": {
            "label": "raw",
            "interval": "01:00:00",
            "datetimeFrom": {
                "utc": "2018-08-26T18:00:00Z",
                "local": "2018-08-26T11:00:00-07:00"
            },
            "datetimeTo": {
                "utc": "2018-08-26T19:00:00Z",
                "local": "2018-08-26T12:00:00-07:00"
            }
        },
        "coordinates": null,
        "summary": null,
        "coverage": {
            "expectedCount": 1,
            "expectedInterval": "01:00:00",
            "observedCount": 1,
            "observedInterval": "01:00:00",
            "percentComplete": 100.0,
            "percentCoverage": 100.0,
            "datetimeFrom": {
                "utc": "2018-08-26T18:00:00Z",
                "local": "2018-08-26T11:00:00-07:00"
            },
            "datetimeTo": {
                "utc": "2018-08-26T19:00:00Z",
                "local": "2018-08-26T12:00:00-07:00"
            }
        }
    },
    {
        "value": 20.0,
        "flagInfo": {
            "hasFlags": false
        },
        "parameter": {
            "id": 2,
            "name": "pm25",
            "units": "\u00b5g/m\u00b3",
            "displayName": null
        },
        "period": {
            "label": "raw",
            "interval": "01:00:00",
            "datetimeFrom": {
                "utc": "2018-08-26T19:00:00Z",
                "local": "2018-08-26T12:00:00-07:00"
            },
            "datetimeTo": {
                "utc": "2018-08-26T20:00:00Z",
                "local": "2018-08-26T13:00:00-07:00"
            }
        },
        "coordinates": null,
        "summary": null,
        "coverage": {
            "expectedCount": 1,
            "expectedInterval": "01:00:00",
            "observedCount": 1,
            "observedInterval": "01:00:00",
            "percentComplete": 100.0,
            "percentCoverage": 100.0,
            "datetimeFrom": {
                "utc": "2018-08-26T19:00:00Z",
                "local": "2018-08-26T12:00:00-07:00"
            },
            "datetimeTo": {
                "utc": "2018-08-26T20:00:00Z",
                "local": "2018-08-26T13:00:00-07:00"
            }
        }
    },
    {
        "value": 20.0,
        "flagInfo": {
            "hasFlags": false
        },
        "parameter": {
            "id": 2,
            "name": "pm25",
            "units": "\u00b5g/m\u00b3",
            "displayName": null
        },
        "period": {
            "label": "raw",
            "interval": "01:00:00",
            "datetimeFrom": {
                "utc": "2018-08-26T20:00:00Z",
                "local": "2018-08-26T13:00:00-07:00"
            },
            "datetimeTo": {
                "utc": "2018-08-26T21:00:00Z",
                "local": "2018-08-26T14:00:00-07:00"
            }
        },
        "coordinates": null,
        "summary": null,
        "coverage": {
            "expectedCount": 1,
            "expectedInterval": "01:00:00",
            "observedCount": 1,
            "observedInterval": "01:00:00",
            "percentComplete": 100.0,
            "percentCoverage": 100.0,
            "datetimeFrom": {
                "utc": "2018-08-26T20:00:00Z",
                "local": "2018-08-26T13:00:00-07:00"
            },
            "datetimeTo": {
                "utc": "2018-08-26T21:00:00Z",
                "local": "2018-08-26T14:00:00-07:00"
            }
        }
    },
    {
        "value": 15.0,
        "flagInfo": {
            "hasFlags": false
        },
        "parameter": {
            "id": 2,
            "name": "pm25",
            "units": "\u00b5g/m\u00b3",
            "displayName": null
        },
        "period": {
            "label": "raw",
            "interval": "01:00:00",
            "datetimeFrom": {
                "utc": "2018-08-26T21:00:00Z",
                "local": "2018-08-26T14:00:00-07:00"
            },
            "datetimeTo": {
                "utc": "2018-08-26T22:00:00Z",
                "local": "2018-08-26T15:00:00-07:00"
            }
        },
        "coordinates": null,
        "summary": null,
        "coverage": {
            "expectedCount": 1,
            "expectedInterval": "01:00:00",
            "observedCount": 1,
            "observedInterval": "01:00:00",
            "percentComplete": 100.0,
            "percentCoverage": 100.0,
            "datetimeFrom": {
                "utc": "2018-08-26T21:00:00Z",
                "local": "2018-08-26T14:00:00-07:00"
            },
            "datetimeTo": {
                "utc": "2018-08-26T22:00:00Z",
                "local": "2018-08-26T15:00:00-07:00"
            }
        }
    },
    {
        "value": 16.0,
        "flagInfo": {
            "hasFlags": false
        },
        "parameter": {
            "id": 2,
            "name": "pm25",
            "units": "\u00b5g/m\u00b3",
            "displayName": null
        },
        "period": {
            "label": "raw",
            "interval": "01:00:00",
            "datetimeFrom": {
                "utc": "2018-08-26T22:00:00Z",
                "local": "2018-08-26T15:00:00-07:00"
            },
            "datetimeTo": {
                "utc": "2018-08-26T23:00:00Z",
                "local": "2018-08-26T16:00:00-07:00"
            }
        },
        "coordinates": null,
        "summary": null,
        "coverage": {
            "expectedCount": 1,
            "expectedInterval": "01:00:00",
            "observedCount": 1,
            "observedInterval": "01:00:00",
            "percentComplete": 100.0,
            "percentCoverage": 100.0,
            "datetimeFrom": {
                "utc": "2018-08-26T22:00:00Z",
                "local": "2018-08-26T15:00:00-07:00"
            },
            "datetimeTo": {
                "utc": "2018-08-26T23:00:00Z",
                "local": "2018-08-26T16:00:00-07:00"
            }
        }
    },
    {
        "value": 25.0,
        "flagInfo": {
            "hasFlags": false
        },
        "parameter": {
            "id": 2,
            "name": "pm25",
            "units": "\u00b5g/m\u00b3",
            "displayName": null
        },
        "period": {
            "label": "raw",
            "interval": "01:00:00",
            "datetimeFrom": {
                "utc": "2018-08-26T23:00:00Z",
                "local": "2018-08-26T16:00:00-07:00"
            },
            "datetimeTo": {
                "utc": "2018-08-27T00:00:00Z",
                "local": "2018-08-26T17:00:00-07:00"
            }
        },
        "coordinates": null,
        "summary": null,
        "coverage": {
            "expectedCount": 1,
            "expectedInterval": "01:00:00",
            "observedCount": 1,
            "observedInterval": "01:00:00",
            "percentComplete": 100.0,
            "percentCoverage": 100.0,
            "datetimeFrom": {
                "utc": "2018-08-26T23:00:00Z",
                "local": "2018-08-26T16:00:00-07:00"
            },
            "datetimeTo": {
                "utc": "2018-08-27T00:00:00Z",
                "local": "2018-08-26T17:00:00-07:00"
            }
        }
    },
    {
        "value": 5.0,
        "flagInfo": {
            "hasFlags": false
        },
        "parameter": {
            "id": 2,
            "name": "pm25",
            "units": "\u00b5g/m\u00b3",
            "displayName": null
        },
        "period": {
            "label": "raw",
            "interval": "01:00:00",
            "datetimeFrom": {
                "utc": "2018-08-27T00:00:00Z",
                "local": "2018-08-26T17:00:00-07:00"
            },
            "datetimeTo": {
                "utc": "2018-08-27T01:00:00Z",
                "local": "2018-08-26T18:00:00-07:00"
            }
        },
        "coordinates": null,
        "summary": null,
        "coverage": {
            "expectedCount": 1,
            "expectedInterval": "01:00:00",
            "observedCount": 1,
            "observedInterval": "01:00:00",
            "percentComplete": 100.0,
            "percentCoverage": 100.0,
            "datetimeFrom": {
                "utc": "2018-08-27T00:00:00Z",
                "local": "2018-08-26T17:00:00-07:00"
            },
            "datetimeTo": {
                "utc": "2018-08-27T01:00:00Z",
                "local": "2018-08-26T18:00:00-07:00"
            }
        }
    },
    {
        "value": 6.0,
        "flagInfo": {
            "hasFlags": false
        },
        "parameter": {
            "id": 2,
            "name": "pm25",
            "units": "\u00b5g/m\u00b3",
            "displayName": null
        },
        "period": {
            "label": "raw",
            "interval": "01:00:00",
            "datetimeFrom": {
                "utc": "2018-08-27T01:00:00Z",
                "local": "2018-08-26T18:00:00-07:00"
            },
            "datetimeTo": {
                "utc": "2018-08-27T02:00:00Z",
                "local": "2018-08-26T19:00:00-07:00"
            }
        },
        "coordinates": null,
        "summary": null,
        "coverage": {
            "expectedCount": 1,
            "expectedInterval": "01:00:00",
            "observedCount": 1,
            "observedInterval": "01:00:00",
            "percentComplete": 100.0,
            "percentCoverage": 100.0,
            "datetimeFrom": {
                "utc": "2018-08-27T01:00:00Z",
                "local": "2018-08-26T18:00:00-07:00"
            },
            "datetimeTo": {
                "utc": "2018-08-27T02:00:00Z",
                "local": "2018-08-26T19:00:00-07:00"
            }
        }
    },
    {
        "value": 12.0,
        "flagInfo": {
            "hasFlags": false
        },
        "parameter": {
            "id": 2,
            "name": "pm25",
            "units": "\u00b5g/m\u00b3",
            "displayName": null
        },
        "period": {
            "label": "raw",
            "interval": "01:00:00",
            "datetimeFrom": {
                "utc": "2018-08-27T02:00:00Z",
                "local": "2018-08-26T19:00:00-07:00"
            },
            "datetimeTo": {
                "utc": "2018-08-27T03:00:00Z",
                "local": "2018-08-26T20:00:00-07:00"
            }
        },
        "coordinates": null,
        "summary": null,
        "coverage": {
            "expectedCount": 1,
            "expectedInterval": "01:00:00",
            "observedCount": 1,
            "observedInterval": "01:00:00",
            "percentComplete": 100.0,
            "percentCoverage": 100.0,
            "datetimeFrom": {
                "utc": "2018-08-27T02:00:00Z",
                "local": "2018-08-26T19:00:00-07:00"
            },
            "datetimeTo": {
                "utc": "2018-08-27T03:00:00Z",
                "local": "2018-08-26T20:00:00-07:00"
            }
        }
    },
    {
        "value": 8.0,
        "flagInfo": {
            "hasFlags": false
        },
        "parameter": {
            "id": 2,
            "name": "pm25",
            "units": "\u00b5g/m\u00b3",
            "displayName": null
        },
        "period": {
            "label": "raw",
            "interval": "01:00:00",
            "datetimeFrom": {
                "utc": "2018-08-27T03:00:00Z",
                "local": "2018-08-26T20:00:00-07:00"
            },
            "datetimeTo": {
                "utc": "2018-08-27T04:00:00Z",
                "local": "2018-08-26T21:00:00-07:00"
            }
        },
        "coordinates": null,
        "summary": null,
        "coverage": {
            "expectedCount": 1,
            "expectedInterval": "01:00:00",
            "observedCount": 1,
            "observedInterval": "01:00:00",
            "percentComplete": 100.0,
            "percentCoverage": 100.0,
            "datetimeFrom": {
                "utc": "2018-08-27T03:00:00Z",
                "local": "2018-08-26T20:00:00-07:00"
            },
            "datetimeTo": {
                "utc": "2018-08-27T04:00:00Z",
                "local": "2018-08-26T21:00:00-07:00"
            }
        }
    },
    {
        "value": 13.0,
        "flagInfo": {
            "hasFlags": false
        },
        "parameter": {
            "id": 2,
            "name": "pm25",
            "units": "\u00b5g/m\u00b3",
            "displayName": null
        },
        "period": {
            "label": "raw",
            "interval": "01:00:00",
            "datetimeFrom": {
                "utc": "2018-08-27T05:00:00Z",
                "local": "2018-08-26T22:00:00-07:00"
            },
            "datetimeTo": {
                "utc": "2018-08-27T06:00:00Z",
                "local": "2018-08-26T23:00:00-07:00"
            }
        },
        "coordinates": null,
        "summary": null,
        "coverage": {
            "expectedCount": 1,
            "expectedInterval": "01:00:00",
            "observedCount": 1,
            "observedInterval": "01:00:00",
            "percentComplete": 100.0,
            "percentCoverage": 100.0,
            "datetimeFrom": {
                "utc": "2018-08-27T05:00:00Z",
                "local": "2018-08-26T22:00:00-07:00"
            },
            "datetimeTo": {
                "utc": "2018-08-27T06:00:00Z",
                "local": "2018-08-26T23:00:00-07:00"
            }
        }
    }
]