[
    {
        "value": 23.0,
        "flagInfo": {
            "hasFlags": false
        },
        "parameter": {
            "id": 2,
            "name": "pm25",
            "units": "\u00b5g/m\u00b3",
            "displayName": null
        },
        "period": {
            "label": "raw",
            "interval": "01:00:00",
            "datetimeFrom": {
                "utc": "2018-08-20T19:00:00Z",
                "local": "2018-08-20T12:00:00-07:00"
            },
            "datetimeTo": {
                "utc": "2018-08-20T20:00:00Z",
                "local": "2018-08-20T13:00:00-07:00"
            }
        },
        "coordinates": null,
        "summary": null,
        "coverage": {
            "expectedCount": 1,
            "expectedInterval": "01:00:00",
            "observedCount": 1,
            "observedInterval": "01:00:00",
            "percentComplete": 100.0,
            "percentCoverage": 100.0,
            "datetimeFrom": {
                "utc": "2018-08-20T19:00:00Z",
                "local": "2018-08-20T12:00:00-07:00"
            },
            "datetimeTo": {
                "utc": "2018-08-20T20:00:00Z",
                "local": "2018-08-20T13:00:00-07:00"
            }
        }
    },
    {
        "value": 22.0,
        "flagInfo": {
            "hasFlags": false
        },
        "parameter": {
            "id": 2,
            "name": "pm25",
            "units": "\u00b5g/m\u00b3",
            "displayName": null
        },
        "period": {
            "label": "raw",
            "interval": "01:00:00",
            "datetimeFrom": {
                "utc": "2018-08-20T20:00:00Z",
                "local": "2018-08-20T13:00:00-07:00"
            },
            "datetimeTo": {
                "utc": "2018-08-20T21:00:00Z",
                "local": "2018-08-20T14:00:00-07:00"
            }
        },
        "coordinates": null,
        "summary": null,
        "coverage": {
            "expectedCount": 1,
            "expectedInterval": "01:00:00",
            "observedCount": 1,
            "observedInterval": "01:00:00",
            "percentComplete": 100.0,
            "percentCoverage": 100.0,
            "datetimeFrom": {
                "utc": "2018-08-20T20:00:00Z",
                "local": "2018-08-20T13:00:00-07:00"
            },
            "datetimeTo": {
                "utc": "2018-08-20T21:00:00Z",
                "local": "2018-08-20T14:00:00-07:00"
            }
        }
    },
    {
        "value": 36.0,
        "flagInfo": {
            "hasFlags": false
        },
        "parameter": {
            "id": 2,
            "name": "pm25",
            "units": "\u00b5g/m\u00b3",
            "displayName": null
        },
        "period": {
            "label": "raw",
            "interval": "01:00:00",
            "datetimeFrom": {
                "utc": "2018-08-20T21:00:00Z",
                "local": "2018-08-20T14:00:00-07:00"
            },
            "datetimeTo": {
                "utc": "2018-08-20T22:00:00Z",
                "local": "2018-08-20T15:00:00-07:00"
            }
        },
        "coordinates": null,
        "summary": null,
        "coverage": {
            "expectedCount": 1,
            "expectedInterval": "01:00:00",
            "observedCount": 1,
            "observedInterval": "01:00:00",
            "percentComplete": 100.0,
            "percentCoverage": 100.0,
            "datetimeFrom": {
                "utc": "2018-08-20T21:00:00Z",
                "local": "2018-08-20T14:00:00-07:00"
            },
            "datetimeTo": {
                "utc": "2018-08-20T22:00:00Z",
                "local": "2018-08-20T15:00:00-07:00"
            }
        }
    },
    {
        "value": 23.0,
        "flagInfo": {
            "hasFlags": false
        },
        "parameter": {
            "id": 2,
            "name": "pm25",
            "units": "\u00b5g/m\u00b3",
            "displayName": null
        },
        "period": {
            "label": "raw",
            "interval": "01:00:00",
            "datetimeFrom": {
                "utc": "2018-08-20T22:00:00Z",
                "local": "2018-08-20T15:00:00-07:00"
            },
            "datetimeTo": {
                "utc": "2018-08-20T23:00:00Z",
                "local": "2018-08-20T16:00:00-07:00"
            }
        },
        "coordinates": null,
        "summary": null,
        "coverage": {
            "expectedCount": 1,
            "expectedInterval": "01:00:00",
            "observedCount": 1,
            "observedInterval": "01:00:00",
            "percentComplete": 100.0,
            "percentCoverage": 100.0,
            "datetimeFrom": {
                "utc": "2018-08-20T22:00:00Z",
                "local": "2018-08-20T15:00:00-07:00"
            },
            "datetimeTo": {
                "utc": "2018-08-20T23:00:00Z",
                "local": "2018-08-20T16:00:00-07:00"
            }
        }
    },
    {
        "value": 27.0,
        "flagInfo": {
            "hasFlags": false
        },
        "parameter": {
            "id": 2,
            "name": "pm25",
            "units": "\u00b5g/m\u00b3",
            "displayName": null
        },
        "period": {
            "label": "raw",
            "interval": "01:00:00",
            "datetimeFrom": {
                "utc": "2018-08-20T23:00:00Z",
                "local": "2018-08-20T16:00:00-07:00"
            },
            "datetimeTo": {
                "utc": "2018-08-21T00:00:00Z",
                "local": "2018-08-20T17:00:00-07:00"
            }
        },
        "coordinates": null,
        "summary": null,
        "coverage": {
            "expectedCount": 1,
            "expectedInterval": "01:00:00",
            "observedCount": 1,
            "observedInterval": "01:00:00",
            "percentComplete": 100.0,
            "percentCoverage": 100.0,
            "datetimeFrom": {
                "utc": "2018-08-20T23:00:00Z",
                "local": "2018-08-20T16:00:00-07:00"
            },
            "datetimeTo": {
                "utc": "2018-08-21T00:00:00Z",
                "local": "2018-08-20T17:00:00-07:00"
            }
        }
    },
    {
        "value": 19.0,
        "flagInfo": {
            "hasFlags": false
        },
        "parameter": {
            "id": 2,
            "name": "pm25",
            "units": "\u00b5g/m\u00b3",
            "displayName": null
        },
        "period": {
            "label": "raw",
            "interval": "01:00:00",
            "datetimeFrom": {
                "utc": "2018-08-21T00:00:00Z",
                "local": "2018-08-20T17:00:00-07:00"
            },
            "datetimeTo": {
                "utc": "2018-08-21T01:00:00Z",
                "local": "2018-08-20T18:00:00-07:00"
            }
        },
        "coordinates": null,
        "summary": null,
        "coverage": {
            "expectedCount": 1,
            "expectedInterval": "01:00:00",
            "observedCount": 1,
            "observedInterval": "01:00:00",
            "percentComplete": 100.0,
            "percentCoverage": 100.0,
            "datetimeFrom": {
                "utc": "2018-08-21T00:00:00Z",
                "local": "2018-08-20T17:00:00-07:00"
            },
            "datetimeTo": {
                "utc": "2018-08-21T01:00:00Z",
                "local": "2018-08-20T18:00:00-07:00"
            }
        }
    },
    {
        "value": 21.0,
        "flagInfo": {
            "hasFlags": false
        },
        "parameter": {
            "id": 2,
            "name": "pm25",
            "units": "\u00b5g/m\u00b3",
            "displayName": null
        },
        "period": {
            "label": "raw",
            "interval": "01:00:00",
            "datetimeFrom": {
                "utc": "2018-08-21T01:00:00Z",
                "local": "2018-08-20T18:00:00-07:00"
            },
            "datetimeTo": {
                "utc": "2018-08-21T02:00:00Z",
                "local": "2018-08-20T19:00:00-07:00"
            }
        },
        "coordinates": null,
        "summary": null,
        "coverage": {
            "expectedCount": 1,
            "expectedInterval": "01:00:00",
            "observedCount": 1,
            "observedInterval": "01:00:00",
            "percentComplete": 100.0,
            "percentCoverage": 100.0,
            "datetimeFrom": {
                "utc": "2018-08-21T01:00:00Z",
                "local": "2018-08-20T18:00:00-07:00"
            },
            "datetimeTo": {
                "utc": "2018-08-21T02:00:00Z",
                "local": "2018-08-20T19:00:00-07:00"
            }
        }
    },
    {
        "value": 16.0,
        "flagInfo": {
            "hasFlags": false
        },
        "parameter": {
            "id": 2,
            "name": "pm25",
            "units": "\u00b5g/m\u00b3",
            "displayName": null
        },
        "period": {
            "label": "raw",
            "interval": "01:00:00",
            "datetimeFrom": {
                "utc": "2018-08-21T02:00:00Z",
                "local": "2018-08-20T19:00:00-07:00"
            },
            "datetimeTo": {
                "utc": "2018-08-21T03:00:00Z",
                "local": "2018-08-20T20:00:00-07:00"
            }
        },
        "coordinates": null,
        "summary": null,
        "coverage": {
            "expectedCount": 1,
            "expectedInterval": "01:00:00",
            "observedCount": 1,
            "observedInterval": "01:00:00",
            "percentComplete": 100.0,
            "percentCoverage": 100.0,
            "datetimeFrom": {
                "utc": "2018-08-21T02:00:00Z",
                "local": "2018-08-20T19:00:00-07:00"
            },
            "datetimeTo": {
                "utc": "2018-08-21T03:00:00Z",
                "local": "2018-08-20T20:00:00-07:00"
            }
        }
    },
    {
        "value": 18.0,
        "flagInfo": {
            "hasFlags": false
        },
        "parameter": {
            "id": 2,
            "name": "pm25",
            "units": "\u00b5g/m\u00b3",
            "displayName": null
        },
        "period": {
            "label": "raw",
            "interval": "01:00:00",
            "datetimeFrom": {
                "utc": "2018-08-21T03:00:00Z",
                "local": "2018-08-20T20:00:00-07:00"
            },
            "datetimeTo": {
                "utc": "2018-08-21T04:00:00Z",
                "local": "2018-08-20T21:00:00-07:00"
            }
        },
        "coordinates": null,
        "summary": null,
        "coverage": {
            "expectedCount": 1,
            "expectedInterval": "01:00:00",
            "observedCount": 1,
            "observedInterval": "01:00:00",
            "percentComplete": 100.0,
            "percentCoverage": 100.0,
            "datetimeFrom": {
                "utc": "2018-08-21T03:00:00Z",
                "local": "2018-08-20T20:00:00-07:00"
            },
            "datetimeTo": {
                "utc": "2018-08-21T04:00:00Z",
                "local": "2018-08-20T21:00:00-07:00"
            }
        }
    },
    {
        "value": 26.0,
        "flagInfo": {
            "hasFlags": false
        },
        "parameter": {
            "id": 2,
            "name": "pm25",
            "units": "\u00b5g/m\u00b3",
            "displayName": null
        },
        "period": {
            "label": "raw",
            "interval": "01:00:00",
            "datetimeFrom": {
                "utc": "2018-08-21T04:00:00Z",
                "local": "2018-08-20T21:00:00-07:00"
            },
            "datetimeTo": {
                "utc": "2018-08-21T05:00:00Z",
                "local": "2018-08-20T22:00:00-07:00"
            }
        },
        "coordinates": null,
        "summary": null,
        "coverage": {
            "expectedCount": 1,
            "expectedInterval": "01:00:00",
            "observedCount": 1,
            "observedInterval": "01:00:00",
            "percentComplete": 100.0,
            "percentCoverage": 100.0,
            "datetimeFrom": {
                "utc": "2018-08-21T04:00:00Z",
                "local": "2018-08-20T21:00:00-07:00"
            },
            "datetimeTo": {
                "utc": "2018-08-21T05:00:00Z",
                "local": "2018-08-20T22:00:00-07:00"
            }
        }
    },
    {
        "value": 24.0,
        "flagInfo": {
            "hasFlags": false
        },
        "parameter": {
            "id": 2,
            "name": "pm25",
            "units": "\u00b5g/m\u00b3",
            "displayName": null
        },
        "period": {
            "label": "raw",
            "interval": "01:00:00",
            "datetimeFrom": {
                "utc": "2018-08-21T05:00:00Z",
                "local": "2018-08-20T22:00:00-07:00"
            },
            "datetimeTo": {
                "utc": "2018-08-21T06:00:00Z",
                "local": "2018-08-20T23:00:00-07:00"
            }
        },
        "coordinates": null,
        "summary": null,
        "coverage": {
            "expectedCount": 1,
            "expectedInterval": "01:00:00",
            "observedCount": 1,
            "observedInterval": "01:00:00",
            "percentComplete": 100.0,
            "percentCoverage": 100.0,
            "datetimeFrom": {
                "utc": "2018-08-21T05:00:00Z",
                "local": "2018-08-20T22:00:00-07:00"
            },
            "datetimeTo": {
                "utc": "2018-08-21T06:00:00Z",
                "local": "2018-08-20T23:00:00-07:00"
            }
        }
    },
    {
        "value": 27.0,
        "flagInfo": {
            "hasFlags": false
        },
        "parameter": {
            "id": 2,
            "name": "pm25",
            "units": "\u00b5g/m\u00b3",
            "displayName": null
        },
        "period": {
            "label": "raw",
            "interval": "01:00:00",
            "datetimeFrom": {
                "utc": "2018-08-21T06:00:00Z",
                "local": "2018-08-20T23:00:00-07:00"
            },
            "datetimeTo": {
                "utc": "2018-08-21T07:00:00Z",
                "local": "2018-08-21T00:00:00-07:00"
            }
        },
        "coordinates": null,
        "summary": null,
        "coverage": {
            "expectedCount": 1,
            "expectedInterval": "01:00:00",
            "observedCount": 1,
            "observedInterval": "01:00:00",
            "percentComplete": 100.0,
            "percentCoverage": 100.0,
            "datetimeFrom": {
                "utc": "2018-08-21T06:00:00Z",
                "local": "2018-08-20T23:00:00-07:00"
            },
            "datetimeTo": {
                "utc": "2018-08-21T07:00:00Z",
                "local": "2018-08-21T00:00:00-07:00"
            }
        }
    }
]