[
    {
        "value": 43.0,
        "flagInfo": {
            "hasFlags": false
        },
        "parameter": {
            "id": 2,
            "name": "pm25",
            "units": "\u00b5g/m\u00b3",
            "displayName": null
        },
        "period": {
            "label": "raw",
            "interval": "01:00:00",
            "datetimeFrom": {
                "utc": "2018-07-19T00:00:00Z",
                "local": "2018-07-18T17:00:00-07:00"
            },
            "datetimeTo": {
                "utc": "2018-07-19T01:00:00Z",
                "local": "2018-07-18T18:00:00-07:00"
            }
        },
        "coordinates": null,
        "summary": null,
        "coverage": {
            "expectedCount": 1,
            "expectedInterval": "01:00:00",
            "observedCount": 1,
            "observedInterval": "01:00:00",
            "percentComplete": 100.0,
            "percentCoverage": 100.0,
            "datetimeFrom": {
                "utc": "2018-07-19T00:00:00Z",
                "local": "2018-07-18T17:00:00-07:00"
            },
            "datetimeTo": {
                "utc": "2018-07-19T01:00:00Z",
                "local": "2018-07-18T18:00:00-07:00"
            }
        }
    },
    {
        "value": 48.0,
        "flagInfo": {
            "hasFlags": false
        },
        "parameter": {
            "id": 2,
            "name": "pm25",
            "units": "\u00b5g/m\u00b3",
            "displayName": null
        },
        "period": {
            "label": "raw",
            "interval": "01:00:00",
            "datetimeFrom": {
                "utc": "2018-07-19T01:00:00Z",
                "local": "2018-07-18T18:00:00-07:00"
            },
            "datetimeTo": {
                "utc": "2018-07-19T02:00:00Z",
                "local": "2018-07-18T19:00:00-07:00"
            }
        },
        "coordinates": null,
        "summary": null,
        "coverage": {
            "expectedCount": 1,
            "expectedInterval": "01:00:00",
            "observedCount": 1,
            "observedInterval": "01:00:00",
            "percentComplete": 100.0,
            "percentCoverage": 100.0,
            "datetimeFrom": {
                "utc": "2018-07-19T01:00:00Z",
                "local": "2018-07-18T18:00:00-07:00"
            },
            "datetimeTo": {
                "utc": "2018-07-19T02:00:00Z",
                "local": "2018-07-18T19:00:00-07:00"
            }
        }
    },
    {
        "value": 57.0,
        "flagInfo": {
            "hasFlags": false
        },
        "parameter": {
            "id": 2,
            "name": "pm25",
            "units": "\u00b5g/m\u00b3",
            "displayName": null
        },
        "period": {
            "label": "raw",
            "interval": "01:00:00",
            "datetimeFrom": {
                "utc": "2018-07-19T03:00:00Z",
                "local": "2018-07-18T20:00:00-07:00"
            },
            "datetimeTo": {
                "utc": "2018-07-19T04:00:00Z",
                "local": "2018-07-18T21:00:00-07:00"
            }
        },
        "coordinates": null,
        "summary": null,
        "coverage": {
            "expectedCount": 1,
            "expectedInterval": "01:00:00",
            "observedCount": 1,
            "observedInterval": "01:00:00",
            "percentComplete": 100.0,
            "percentCoverage": 100.0,
            "datetimeFrom": {
                "utc": "2018-07-19T03:00:00Z",
                "local": "2018-07-18T20:00:00-07:00"
            },
            "datetimeTo": {
                "utc": "2018-07-19T04:00:00Z",
                "local": "2018-07-18T21:00:00-07:00"
            }
        }
    },
    {
        "value": 55.0,
        "flagInfo": {
            "hasFlags": false
        },
        "parameter": {
            "id": 2,
            "name": "pm25",
            "units": "\u00b5g/m\u00b3",
            "displayName": null
        },
        "period": {
            "label": "raw",
            "interval": "01:00:00",
            "datetimeFrom": {
                "utc": "2018-07-19T04:00:00Z",
                "local": "2018-07-18T21:00:00-07:00"
            },
            "datetimeTo": {
                "utc": "2018-07-19T05:00:00Z",
                "local": "2018-07-18T22:00:00-07:00"
            }
        },
        "coordinates": null,
        "summary": null,
        "coverage": {
            "expectedCount": 1,
            "expectedInterval": "01:00:00",
            "observedCount": 1,
            "observedInterval": "01:00:00",
            "percentComplete": 100.0,
            "percentCoverage": 100.0,
            "datetimeFrom": {
                "utc": "2018-07-19T04:00:00Z",
                "local": "2018-07-18T21:00:00-07:00"
            },
            "datetimeTo": {
                "utc": "2018-07-19T05:00:00Z",
                "local": "2018-07-18T22:00:00-07:00"
            }
        }
    },
    {
        "value": 54.0,
        "flagInfo": {
            "hasFlags": false
        },
        "parameter": {
            "id": 2,
            "name": "pm25",
            "units": "\u00b5g/m\u00b3",
            "displayName": null
        },
        "period": {
            "label": "raw",
            "interval": "01:00:00",
            "datetimeFrom": {
                "utc": "2018-07-19T05:00:00Z",
                "local": "2018-07-18T22:00:00-07:00"
            },
            "datetimeTo": {
                "utc": "2018-07-19T06:00:00Z",
                "local": "2018-07-18T23:00:00-07:00"
            }
        },
        "coordinates": null,
        "summary": null,
        "coverage": {
            "expectedCount": 1,
            "expectedInterval": "01:00:00",
            "observedCount": 1,
            "observedInterval": "01:00:00",
            "percentComplete": 100.0,
            "percentCoverage": 100.0,
            "datetimeFrom": {
                "utc": "2018-07-19T05:00:00Z",
                "local": "2018-07-18T22:00:00-07:00"
            },
            "datetimeTo": {
                "utc": "2018-07-19T06:00:00Z",
                "local": "2018-07-18T23:00:00-07:00"
            }
        }
    },
    {
        "value": 40.0,
        "flagInfo": {
            "hasFlags": false
        },
        "parameter": {
            "id": 2,
            "name": "pm25",
            "units": "\u00b5g/m\u00b3",
            "displayName": null
        },
        "period": {
            "label": "raw",
            "interval": "01:00:00",
            "datetimeFrom": {
                "utc": "2018-07-19T06:00:00Z",
                "local": "2018-07-18T23:00:00-07:00"
            },
            "datetimeTo": {
                "utc": "2018-07-19T07:00:00Z",
                "local": "2018-07-19T00:00:00-07:00"
            }
        },
        "coordinates": null,
        "summary": null,
        "coverage": {
            "expectedCount": 1,
            "expectedInterval": "01:00:00",
            "observedCount": 1,
            "observedInterval": "01:00:00",
            "percentComplete": 100.0,
            "percentCoverage": 100.0,
            "datetimeFrom": {
                "utc": "2018-07-19T06:00:00Z",
                "local": "2018-07-18T23:00:00-07:00"
            },
            "datetimeTo": {
                "utc": "2018-07-19T07:00:00Z",
                "local": "2018-07-19T00:00:00-07:00"
            }
        }
    },
    {
        "value": 57.0,
        "flagInfo": {
            "hasFlags": false
        },
        "parameter": {
            "id": 2,
            "name": "pm25",
            "units": "\u00b5g/m\u00b3",
            "displayName": null
        },
        "period": {
            "label": "raw",
            "interval": "01:00:00",
            "datetimeFrom": {
                "utc": "2018-07-19T07:00:00Z",
                "local": "2018-07-19T00:00:00-07:00"
            },
            "datetimeTo": {
                "utc": "2018-07-19T08:00:00Z",
                "local": "2018-07-19T01:00:00-07:00"
            }
        },
        "coordinates": null,
        "summary": null,
        "coverage": {
            "expectedCount": 1,
            "expectedInterval": "01:00:00",
            "observedCount": 1,
            "observedInterval": "01:00:00",
            "percentComplete": 100.0,
            "percentCoverage": 100.0,
            "datetimeFrom": {
                "utc": "2018-07-19T07:00:00Z",
                "local": "2018-07-19T00:00:00-07:00"
            },
            "datetimeTo": {
                "utc": "2018-07-19T08:00:00Z",
                "local": "2018-07-19T01:00:00-07:00"
            }
        }
    },
    {
        "value": 51.0,
        "flagInfo": {
            "hasFlags": false
        },
        "parameter": {
            "id": 2,
            "name": "pm25",
            "units": "\u00b5g/m\u00b3",
            "displayName": null
        },
        "period": {
            "label": "raw",
            "interval": "01:00:00",
            "datetimeFrom": {
                "utc": "2018-07-19T08:00:00Z",
                "local": "2018-07-19T01:00:00-07:00"
            },
            "datetimeTo": {
                "utc": "2018-07-19T09:00:00Z",
                "local": "2018-07-19T02:00:00-07:00"
            }
        },
        "coordinates": null,
        "summary": null,
        "coverage": {
            "expectedCount": 1,
            "expectedInterval": "01:00:00",
            "observedCount": 1,
            "observedInterval": "01:00:00",
            "percentComplete": 100.0,
            "percentCoverage": 100.0,
            "datetimeFrom": {
                "utc": "2018-07-19T08:00:00Z",
                "local": "2018-07-19T01:00:00-07:00"
            },
            "datetimeTo": {
                "utc": "2018-07-19T09:00:00Z",
                "local": "2018-07-19T02:00:00-07:00"
            }
        }
    },
    {
        "value": 56.0,
        "flagInfo": {
            "hasFlags": false
        },
        "parameter": {
            "id": 2,
            "name": "pm25",
            "units": "\u00b5g/m\u00b3",
            "displayName": null
        },
        "period": {
            "label": "raw",
            "interval": "01:00:00",
            "datetimeFrom": {
                "utc": "2018-07-19T09:00:00Z",
                "local": "2018-07-19T02:00:00-07:00"
            },
            "datetimeTo": {
                "utc": "2018-07-19T10:00:00Z",
                "local": "2018-07-19T03:00:00-07:00"
            }
        },
        "coordinates": null,
        "summary": null,
        "coverage": {
            "expectedCount": 1,
            "expectedInterval": "01:00:00",
            "observedCount": 1,
            "observedInterval": "01:00:00",
            "percentComplete": 100.0,
            "percentCoverage": 100.0,
            "datetimeFrom": {
                "utc": "2018-07-19T09:00:00Z",
                "local": "2018-07-19T02:00:00-07:00"
            },
            "datetimeTo": {
                "utc": "2018-07-19T10:00:00Z",
                "local": "2018-07-19T03:00:00-07:00"
            }
        }
    },
    {
        "value": 49.0,
        "flagInfo": {
            "hasFlags": false
        },
        "parameter": {
            "id": 2,
            "name": "pm25",
            "units": "\u00b5g/m\u00b3",
            "displayName": null
        },
        "period": {
            "label": "raw",
            "interval": "01:00:00",
            "datetimeFrom": {
                "utc": "2018-07-19T10:00:00Z",
                "local": "2018-07-19T03:00:00-07:00"
            },
            "datetimeTo": {
                "utc": "2018-07-19T11:00:00Z",
                "local": "2018-07-19T04:00:00-07:00"
            }
        },
        "coordinates": null,
        "summary": null,
        "coverage": {
            "expectedCount": 1,
            "expectedInterval": "01:00:00",
            "observedCount": 1,
            "observedInterval": "01:00:00",
            "percentComplete": 100.0,
            "percentCoverage": 100.0,
            "datetimeFrom": {
                "utc": "2018-07-19T10:00:00Z",
                "local": "2018-07-19T03:00:00-07:00"
            },
            "datetimeTo": {
                "utc": "2018-07-19T11:00:00Z",
                "local": "2018-07-19T04:00:00-07:00"
            }
        }
    },
    {
        "value": 46.0,
        "flagInfo": {
            "hasFlags": false
        },
        "parameter": {
            "id": 2,
            "name": "pm25",
            "units": "\u00b5g/m\u00b3",
            "displayName": null
        },
        "period": {
            "label": "raw",
            "interval": "01:00:00",
            "datetimeFrom": {
                "utc": "2018-07-19T11:00:00Z",
                "local": "2018-07-19T04:00:00-07:00"
            },
            "datetimeTo": {
                "utc": "2018-07-19T12:00:00Z",
                "local": "2018-07-19T05:00:00-07:00"
            }
        },
        "coordinates": null,
        "summary": null,
        "coverage": {
            "expectedCount": 1,
            "expectedInterval": "01:00:00",
            "observedCount": 1,
            "observedInterval": "01:00:00",
            "percentComplete": 100.0,
            "percentCoverage": 100.0,
            "datetimeFrom": {
                "utc": "2018-07-19T11:00:00Z",
                "local": "2018-07-19T04:00:00-07:00"
            },
            "datetimeTo": {
                "utc": "2018-07-19T12:00:00Z",
                "local": "2018-07-19T05:00:00-07:00"
            }
        }
    },
    {
        "value": 1.0,
        "flagInfo": {
            "hasFlags": false
        },
        "parameter": {
            "id": 2,
            "name": "pm25",
            "units": "\u00b5g/m\u00b3",
            "displayName": null
        },
        "period": {
            "label": "raw",
            "interval": "01:00:00",
            "datetimeFrom": {
                "utc": "2018-09-10T06:00:00Z",
                "local": "2018-09-09T23:00:00-07:00"
            },
            "datetimeTo": {
                "utc": "2018-09-10T07:00:00Z",
                "local": "2018-09-10T00:00:00-07:00"
            }
        },
        "coordinates": null,
        "summary": null,
        "coverage": {
            "expectedCount": 1,
            "expectedInterval": "01:00:00",
            "observedCount": 1,
            "observedInterval": "01:00:00",
            "percentComplete": 100.0,
            "percentCoverage": 100.0,
            "datetimeFrom": {
                "utc": "2018-09-10T06:00:00Z",
                "local": "2018-09-09T23:00:00-07:00"
            },
            "datetimeTo": {
                "utc": "2018-09-10T07:00:00Z",
                "local": "2018-09-10T00:00:00-07:00"
            }
        }
    },
    {
        "value": 3.0,
        "flagInfo": {
            "hasFlags": false
        },
        "parameter": {
            "id": 2,
            "name": "pm25",
            "units": "\u00b5g/m\u00b3",
            "displayName": null
        },
        "period": {
            "label": "raw",
            "interval": "01:00:00",
            "datetimeFrom": {
                "utc": "2018-09-10T08:00:00Z",
                "local": "2018-09-10T01:00:00-07:00"
            },
            "datetimeTo": {
                "utc": "2018-09-10T09:00:00Z",
                "local": "2018-09-10T02:00:00-07:00"
            }
        },
        "coordinates": null,
        "summary": null,
        "coverage": {
            "expectedCount": 1,
            "expectedInterval": "01:00:00",
            "observedCount": 1,
            "observedInterval": "01:00:00",
            "percentComplete": 100.0,
            "percentCoverage": 100.0,
            "datetimeFrom": {
                "utc": "2018-09-10T08:00:00Z",
                "local": "2018-09-10T01:00:00-07:00"
            },
            "datetimeTo": {
                "utc": "2018-09-10T09:00:00Z",
                "local": "2018-09-10T02:00:00-07:00"
            }
        }
    },
    {
        "value": 2.0,
        "flagInfo": {
            "hasFlags": false
        },
        "parameter": {
            "id": 2,
            "name": "pm25",
            "units": "\u00b5g/m\u00b3",
            "displayName": null
        },
        "period": {
            "label": "raw",
            "interval": "01:00:00",
            "datetimeFrom": {
                "utc": "2018-09-10T09:00:00Z",
                "local": "2018-09-10T02:00:00-07:00"
            },
            "datetimeTo": {
                "utc": "2018-09-10T10:00:00Z",
                "local": "2018-09-10T03:00:00-07:00"
            }
        },
        "coordinates": null,
        "summary": null,
        "coverage": {
            "expectedCount": 1,
            "expectedInterval": "01:00:00",
            "observedCount": 1,
            "observedInterval": "01:00:00",
            "percentComplete": 100.0,
            "percentCoverage": 100.0,
            "datetimeFrom": {
                "utc": "2018-09-10T09:00:00Z",
                "local": "2018-09-10T02:00:00-07:00"
            },
            "datetimeTo": {
                "utc": "2018-09-10T10:00:00Z",
                "local": "2018-09-10T03:00:00-07:00"
            }
        }
    },
    {
        "value": 2.0,
        "flagInfo": {
            "hasFlags": false
        },
        "parameter": {
            "id": 2,
            "name": "pm25",
            "units": "\u00b5g/m\u00b3",
            "displayName": null
        },
        "period": {
            "label": "raw",
            "interval": "01:00:00",
            "datetimeFrom": {
                "utc": "2018-09-10T10:00:00Z",
                "local": "2018-09-10T03:00:00-07:00"
            },
            "datetimeTo": {
                "utc": "2018-09-10T11:00:00Z",
                "local": "2018-09-10T04:00:00-07:00"
            }
        },
        "coordinates": null,
        "summary": null,
        "coverage": {
            "expectedCount": 1,
            "expectedInterval": "01:00:00",
            "observedCount": 1,
            "observedInterval": "01:00:00",
            "percentComplete": 100.0,
            "percentCoverage": 100.0,
            "datetimeFrom": {
                "utc": "2018-09-10T10:00:00Z",
                "local": "2018-09-10T03:00:00-07:00"
            },
            "datetimeTo": {
                "utc": "2018-09-10T11:00:00Z",
                "local": "2018-09-10T04:00:00-07:00"
            }
        }
    },
    {
        "value": 4.0,
        "flagInfo": {
            "hasFlags": false
        },
        "parameter": {
            "id": 2,
            "name": "pm25",
            "units": "\u00b5g/m\u00b3",
            "displayName": null
        },
        "period": {
            "label": "raw",
            "interval": "01:00:00",
            "datetimeFrom": {
                "utc": "2018-09-10T11:00:00Z",
                "local": "2018-09-10T04:00:00-07:00"
            },
            "datetimeTo": {
                "utc": "2018-09-10T12:00:00Z",
                "local": "2018-09-10T05:00:00-07:00"
            }
        },
        "coordinates": null,
        "summary": null,
        "coverage": {
            "expectedCount": 1,
            "expectedInterval": "01:00:00",
            "observedCount": 1,
            "observedInterval": "01:00:00",
            "percentComplete": 100.0,
            "percentCoverage": 100.0,
            "datetimeFrom": {
                "utc": "2018-09-10T11:00:00Z",
                "local": "2018-09-10T04:00:00-07:00"
            },
            "datetimeTo": {
                "utc": "2018-09-10T12:00:00Z",
                "local": "2018-09-10T05:00:00-07:00"
            }
        }
    },
    {
        "value": 12.0,
        "flagInfo": {
            "hasFlags": false
        },
        "parameter": {
            "id": 2,
            "name": "pm25",
            "units": "\u00b5g/m\u00b3",
            "displayName": null
        },
        "period": {
            "label": "raw",
            "interval": "01:00:00",
            "datetimeFrom": {
                "utc": "2018-09-10T12:00:00Z",
                "local": "2018-09-10T05:00:00-07:00"
            },
            "datetimeTo": {
                "utc": "2018-09-10T13:00:00Z",
                "local": "2018-09-10T06:00:00-07:00"
            }
        },
        "coordinates": null,
        "summary": null,
        "coverage": {
            "expectedCount": 1,
            "expectedInterval": "01:00:00",
            "observedCount": 1,
            "observedInterval": "01:00:00",
            "percentComplete": 100.0,
            "percentCoverage": 100.0,
            "datetimeFrom": {
                "utc": "2018-09-10T12:00:00Z",
                "local": "2018-09-10T05:00:00-07:00"
            },
            "datetimeTo": {
                "utc": "2018-09-10T13:00:00Z",
                "local": "2018-09-10T06:00:00-07:00"
            }
        }
    },
    {
        "value": -5.0,
        "flagInfo": {
            "hasFlags": false
        },
        "parameter": {
            "id": 2,
            "name": "pm25",
            "units": "\u00b5g/m\u00b3",
            "displayName": null
        },
        "period": {
            "label": "raw",
            "interval": "01:00:00",
            "datetimeFrom": {
                "utc": "2018-09-10T13:00:00Z",
                "local": "2018-09-10T06:00:00-07:00"
            },
            "datetimeTo": {
                "utc": "2018-09-10T14:00:00Z",
                "local": "2018-09-10T07:00:00-07:00"
            }
        },
        "coordinates": null,
        "summary": null,
        "coverage": {
            "expectedCount": 1,
            "expectedInterval": "01:00:00",
            "observedCount": 1,
            "observedInterval": "01:00:00",
            "percentComplete": 100.0,
            "percentCoverage": 100.0,
            "datetimeFrom": {
                "utc": "2018-09-10T13:00:00Z",
                "local": "2018-09-10T06:00:00-07:00"
            },
            "datetimeTo": {
                "utc": "2018-09-10T14:00:00Z",
                "local": "2018-09-10T07:00:00-07:00"
            }
        }
    },
    {
        "value": 9.0,
        "flagInfo": {
            "hasFlags": false
        },
        "parameter": {
            "id": 2,
            "name": "pm25",
            "units": "\u00b5g/m\u00b3",
            "displayName": null
        },
        "period": {
            "label": "raw",
            "interval": "01:00:00",
            "datetimeFrom": {
                "utc": "2018-09-10T14:00:00Z",
                "local": "2018-09-10T07:00:00-07:00"
            },
            "datetimeTo": {
                "utc": "2018-09-10T15:00:00Z",
                "local": "2018-09-10T08:00:00-07:00"
            }
        },
        "coordinates": null,
        "summary": null,
        "coverage": {
            "expectedCount": 1,
            "expectedInterval": "01:00:00",
            "observedCount": 1,
            "observedInterval": "01:00:00",
            "percentComplete": 100.0,
            "percentCoverage": 100.0,
            "datetimeFrom": {
                "utc": "2018-09-10T14:00:00Z",
                "local": "2018-09-10T07:00:00-07:00"
            },
            "datetimeTo": {
                "utc": "2018-09-10T15:00:00Z",
                "local": "2018-09-10T08:00:00-07:00"
            }
        }
    },
    {
        "value": 7.0,
        "flagInfo": {
            "hasFlags": false
        },
        "parameter": {
            "id": 2,
            "name": "pm25",
            "units": "\u00b5g/m\u00b3",
            "displayName": null
        },
        "period": {
            "label": "raw",
            "interval": "01:00:00",
            "datetimeFrom": {
                "utc": "2018-09-10T15:00:00Z",
                "local": "2018-09-10T08:00:00-07:00"
            },
            "datetimeTo": {
                "utc": "2018-09-10T16:00:00Z",
                "local": "2018-09-10T09:00:00-07:00"
            }
        },
        "coordinates": null,
        "summary": null,
        "coverage": {
            "expectedCount": 1,
            "expectedInterval": "01:00:00",
            "observedCount": 1,
            "observedInterval": "01:00:00",
            "percentComplete": 100.0,
            "percentCoverage": 100.0,
            "datetimeFrom": {
                "utc": "2018-09-10T15:00:00Z",
                "local": "2018-09-10T08:00:00-07:00"
            },
            "datetimeTo": {
                "utc": "2018-09-10T16:00:00Z",
                "local": "2018-09-10T09:00:00-07:00"
            }
        }
    },
    {
        "value": 1.0,
        "flagInfo": {
            "hasFlags": false
        },
        "parameter": {
            "id": 2,
            "name": "pm25",
            "units": "\u00b5g/m\u00b3",
            "displayName": null
        },
        "period": {
            "label": "raw",
            "interval": "01:00:00",
            "datetimeFrom": {
                "utc": "2018-09-10T16:00:00Z",
                "local": "2018-09-10T09:00:00-07:00"
            },
            "datetimeTo": {
                "utc": "2018-09-10T17:00:00Z",
                "local": "2018-09-10T10:00:00-07:00"
            }
        },
        "coordinates": null,
        "summary": null,
        "coverage": {
            "expectedCount": 1,
            "expectedInterval": "01:00:00",
            "observedCount": 1,
            "observedInterval": "01:00:00",
            "percentComplete": 100.0,
            "percentCoverage": 100.0,
            "datetimeFrom": {
                "utc": "2018-09-10T16:00:00Z",
                "local": "2018-09-10T09:00:00-07:00"
            },
            "datetimeTo": {
                "utc": "2018-09-10T17:00:00Z",
                "local": "2018-09-10T10:00:00-07:00"
            }
        }
    },
    {
        "value": 10.0,
        "flagInfo": {
            "hasFlags": false
        },
        "parameter": {
            "id": 2,
            "name": "pm25",
            "units": "\u00b5g/m\u00b3",
            "displayName": null
        },
        "period": {
            "label": "raw",
            "interval": "01:00:00",
            "datetimeFrom": {
                "utc": "2018-09-10T17:00:00Z",
                "local": "2018-09-10T10:00:00-07:00"
            },
            "datetimeTo": {
                "utc": "2018-09-10T18:00:00Z",
                "local": "2018-09-10T11:00:00-07:00"
            }
        },
        "coordinates": null,
        "summary": null,
        "coverage": {
            "expectedCount": 1,
            "expectedInterval": "01:00:00",
            "observedCount": 1,
            "observedInterval": "01:00:00",
            "percentComplete": 100.0,
            "percentCoverage": 100.0,
            "datetimeFrom": {
                "utc": "2018-09-10T17:00:00Z",
                "local": "2018-09-10T10:00:00-07:00"
            },
            "datetimeTo": {
                "utc": "2018-09-10T18:00:00Z",
                "local": "2018-09-10T11:00:00-07:00"
            }
        }
    },
    {
        "value": 10.0,
        "flagInfo": {
            "hasFlags": false
        },
        "parameter": {
            "id": 2,
            "name": "pm25",
            "units": "\u00b5g/m\u00b3",
            "displayName": null
        },
        "period": {
            "label": "raw",
            "interval": "01:00:00",
            "datetimeFrom": {
                "utc": "2018-09-11T08:00:00Z",
                "local": "2018-09-11T01:00:00-07:00"
            },
            "datetimeTo": {
                "utc": "2018-09-11T09:00:00Z",
                "local": "2018-09-11T02:00:00-07:00"
            }
        },
        "coordinates": null,
        "summary": null,
        "coverage": {
            "expectedCount": 1,
            "expectedInterval": "01:00:00",
            "observedCount": 1,
            "observedInterval": "01:00:00",
            "percentComplete": 100.0,
            "percentCoverage": 100.0,
            "datetimeFrom": {
                "utc": "2018-09-11T08:00:00Z",
                "local": "2018-09-11T01:00:00-07:00"
            },
            "datetimeTo": {
                "utc": "2018-09-11T09:00:00Z",
                "local": "2018-09-11T02:00:00-07:00"
            }
        }
    },
    {
        "value": 1.0,
        "flagInfo": {
            "hasFlags": false
        },
        "parameter": {
            "id": 2,
            "name": "pm25",
            "units": "\u00b5g/m\u00b3",
            "displayName": null
        },
        "period": {
            "label": "raw",
            "interval": "01:00:00",
            "datetimeFrom": {
                "utc": "2018-09-11T09:00:00Z",
                "local": "2018-09-11T02:00:00-07:00"
            },
            "datetimeTo": {
                "utc": "2018-09-11T10:00:00Z",
                "local": "2018-09-11T03:00:00-07:00"
            }
        },
        "coordinates": null,
        "summary": null,
        "coverage": {
            "expectedCount": 1,
            "expectedInterval": "01:00:00",
            "observedCount": 1,
            "observedInterval": "01:00:00",
            "percentComplete": 100.0,
            "percentCoverage": 100.0,
            "datetimeFrom": {
                "utc": "2018-09-11T09:00:00Z",
                "local": "2018-09-11T02:00:00-07:00"
            },
            "datetimeTo": {
                "utc": "2018-09-11T10:00:00Z",
                "local": "2018-09-11T03:00:00-07:00"
            }
        }
    },
    {
        "value": 7.0,
        "flagInfo": {
            "hasFlags": false
        },
        "parameter": {
            "id": 2,
            "name": "pm25",
            "units": "\u00b5g/m\u00b3",
            "displayName": null
        },
        "period": {
            "label": "raw",
            "interval": "01:00:00",
            "datetimeFrom": {
                "utc": "2018-09-11T10:00:00Z",
                "local": "2018-09-11T03:00:00-07:00"
            },
            "datetimeTo": {
                "utc": "2018-09-11T11:00:00Z",
                "local": "2018-09-11T04:00:00-07:00"
            }
        },
        "coordinates": null,
        "summary": null,
        "coverage": {
            "expectedCount": 1,
            "expectedInterval": "01:00:00",
            "observedCount": 1,
            "observedInterval": "01:00:00",
            "percentComplete": 100.0,
            "percentCoverage": 100.0,
            "datetimeFrom": {
                "utc": "2018-09-11T10:00:00Z",
                "local": "2018-09-11T03:00:00-07:00"
            },
            "datetimeTo": {
                "utc": "2018-09-11T11:00:00Z",
                "local": "2018-09-11T04:00:00-07:00"
            }
        }
    },
    {
        "value": 0.0,
        "flagInfo": {
            "hasFlags": false
        },
        "parameter": {
            "id": 2,
            "name": "pm25",
            "units": "\u00b5g/m\u00b3",
            "displayName": null
        },
        "period": {
            "label": "raw",
            "interval": "01:00:00",
            "datetimeFrom": {
                "utc": "2018-09-11T11:00:00Z",
                "local": "2018-09-11T04:00:00-07:00"
            },
            "datetimeTo": {
                "utc": "2018-09-11T12:00:00Z",
                "local": "2018-09-11T05:00:00-07:00"
            }
        },
        "coordinates": null,
        "summary": null,
        "coverage": {
            "expectedCount": 1,
            "expectedInterval": "01:00:00",
            "observedCount": 1,
            "observedInterval": "01:00:00",
            "percentComplete": 100.0,
            "percentCoverage": 100.0,
            "datetimeFrom": {
                "utc": "2018-09-11T11:00:00Z",
                "local": "2018-09-11T04:00:00-07:00"
            },
            "datetimeTo": {
                "utc": "2018-09-11T12:00:00Z",
                "local": "2018-09-11T05:00:00-07:00"
            }
        }
    },
    {
        "value": 4.0,
        "flagInfo": {
            "hasFlags": false
        },
        "parameter": {
            "id": 2,
            "name": "pm25",
            "units": "\u00b5g/m\u00b3",
            "displayName": null
        },
        "period": {
            "label": "raw",
            "interval": "01:00:00",
            "datetimeFrom": {
                "utc": "2018-09-11T12:00:00Z",
                "local": "2018-09-11T05:00:00-07:00"
            },
            "datetimeTo": {
                "utc": "2018-09-11T13:00:00Z",
                "local": "2018-09-11T06:00:00-07:00"
            }
        },
        "coordinates": null,
        "summary": null,
        "coverage": {
            "expectedCount": 1,
            "expectedInterval": "01:00:00",
            "observedCount": 1,
            "observedInterval": "01:00:00",
            "percentComplete": 100.0,
            "percentCoverage": 100.0,
            "datetimeFrom": {
                "utc": "2018-09-11T12:00:00Z",
                "local": "2018-09-11T05:00:00-07:00"
            },
            "datetimeTo": {
                "utc": "2018-09-11T13:00:00Z",
                "local": "2018-09-11T06:00:00-07:00"
            }
        }
    },
    {
        "value": 9.0,
        "flagInfo": {
            "hasFlags": false
        },
        "parameter": {
            "id": 2,
            "name": "pm25",
            "units": "\u00b5g/m\u00b3",
            "displayName": null
        },
        "period": {
            "label": "raw",
            "interval": "01:00:00",
            "datetimeFrom": {
                "utc": "2018-09-11T13:00:00Z",
                "local": "2018-09-11T06:00:00-07:00"
            },
            "datetimeTo": {
                "utc": "2018-09-11T14:00:00Z",
                "local": "2018-09-11T07:00:00-07:00"
            }
        },
        "coordinates": null,
        "summary": null,
        "coverage": {
            "expectedCount": 1,
            "expectedInterval": "01:00:00",
            "observedCount": 1,
            "observedInterval": "01:00:00",
            "percentComplete": 100.0,
            "percentCoverage": 100.0,
            "datetimeFrom": {
                "utc": "2018-09-11T13:00:00Z",
                "local": "2018-09-11T06:00:00-07:00"
            },
            "datetimeTo": {
                "utc": "2018-09-11T14:00:00Z",
                "local": "2018-09-11T07:00:00-07:00"
            }
        }
    },
    {
        "value": 4.0,
        "flagInfo": {
            "hasFlags": false
        },
        "parameter": {
            "id": 2,
            "name": "pm25",
            "units": "\u00b5g/m\u00b3",
            "displayName": null
        },
        "period": {
            "label": "raw",
            "interval": "01:00:00",
            "datetimeFrom": {
                "utc": "2018-09-11T14:00:00Z",
                "local": "2018-09-11T07:00:00-07:00"
            },
            "datetimeTo": {
                "utc": "2018-09-11T15:00:00Z",
                "local": "2018-09-11T08:00:00-07:00"
            }
        },
        "coordinates": null,
        "summary": null,
        "coverage": {
            "expectedCount": 1,
            "expectedInterval": "01:00:00",
            "observedCount": 1,
            "observedInterval": "01:00:00",
            "percentComplete": 100.0,
            "percentCoverage": 100.0,
            "datetimeFrom": {
                "utc": "2018-09-11T14:00:00Z",
                "local": "2018-09-11T07:00:00-07:00"
            },
            "datetimeTo": {
                "utc": "2018-09-11T15:00:00Z",
                "local": "2018-09-11T08:00:00-07:00"
            }
        }
    },
    {
        "value": 0.0,
        "flagInfo": {
            "hasFlags": false
        },
        "parameter": {
            "id": 2,
            "name": "pm25",
            "units": "\u00b5g/m\u00b3",
            "displayName": null
        },
        "period": {
            "label": "raw",
            "interval": "01:00:00",
            "datetimeFrom": {
                "utc": "2018-09-11T15:00:00Z",
                "local": "2018-09-11T08:00:00-07:00"
            },
            "datetimeTo": {
                "utc": "2018-09-11T16:00:00Z",
                "local": "2018-09-11T09:00:00-07:00"
            }
        },
        "coordinates": null,
        "summary": null,
        "coverage": {
            "expectedCount": 1,
            "expectedInterval": "01:00:00",
            "observedCount": 1,
            "observedInterval": "01:00:00",
            "percentComplete": 100.0,
            "percentCoverage": 100.0,
            "datetimeFrom": {
                "utc": "2018-09-11T15:00:00Z",
                "local": "2018-09-11T08:00:00-07:00"
            },
            "datetimeTo": {
                "utc": "2018-09-11T16:00:00Z",
                "local": "2018-09-11T09:00:00-07:00"
            }
        }
    },
    {
        "value": 4.0,
        "flagInfo": {
            "hasFlags": false
        },
        "parameter": {
            "id": 2,
            "name": "pm25",
            "units": "\u00b5g/m\u00b3",
            "displayName": null
        },
        "period": {
            "label": "raw",
            "interval": "01:00:00",
            "datetimeFrom": {
                "utc": "2018-09-11T16:00:00Z",
                "local": "2018-09-11T09:00:00-07:00"
            },
            "datetimeTo": {
                "utc": "2018-09-11T17:00:00Z",
                "local": "2018-09-11T10:00:00-07:00"
            }
        },
        "coordinates": null,
        "summary": null,
        "coverage": {
            "expectedCount": 1,
            "expectedInterval": "01:00:00",
            "observedCount": 1,
            "observedInterval": "01:00:00",
            "percentComplete": 100.0,
            "percentCoverage": 100.0,
            "datetimeFrom": {
                "utc": "2018-09-11T16:00:00Z",
                "local": "2018-09-11T09:00:00-07:00"
            },
            "datetimeTo": {
                "utc": "2018-09-11T17:00:00Z",
                "local": "2018-09-11T10:00:00-07:00"
            }
        }
    },
    {
        "value": 17.0,
        "flagInfo": {
            "hasFlags": false
        },
        "parameter": {
            "id": 2,
            "name": "pm25",
            "units": "\u00b5g/m\u00b3",
            "displayName": null
        },
        "period": {
            "label": "raw",
            "interval": "01:00:00",
            "datetimeFrom": {
                "utc": "2018-09-11T17:00:00Z",
                "local": "2018-09-11T10:00:00-07:00"
            },
            "datetimeTo": {
                "utc": "2018-09-11T18:00:00Z",
                "local": "2018-09-11T11:00:00-07:00"
            }
        },
        "coordinates": null,
        "summary": null,
        "coverage": {
            "expectedCount": 1,
            "expectedInterval": "01:00:00",
            "observedCount": 1,
            "observedInterval": "01:00:00",
            "percentComplete": 100.0,
            "percentCoverage": 100.0,
            "datetimeFrom": {
                "utc": "2018-09-11T17:00:00Z",
                "local": "2018-09-11T10:00:00-07:00"
            },
            "datetimeTo": {
                "utc": "2018-09-11T18:00:00Z",
                "local": "2018-09-11T11:00:00-07:00"
            }
        }
    }
]