[
    {
        "value": 19.0,
        "flagInfo": {
            "hasFlags": false
        },
        "parameter": {
            "id": 2,
            "name": "pm25",
            "units": "\u00b5g/m\u00b3",
            "displayName": null
        },
        "period": {
            "label": "raw",
            "interval": "01:00:00",
            "datetimeFrom": {
                "utc": "2018-08-25T06:00:00Z",
                "local": "2018-08-24T23:00:00-07:00"
            },
            "datetimeTo": {
                "utc": "2018-08-25T07:00:00Z",
                "local": "2018-08-25T00:00:00-07:00"
            }
        },
        "coordinates": null,
        "summary": null,
        "coverage": {
            "expectedCount": 1,
            "expectedInterval": "01:00:00",
            "observedCount": 1,
            "observedInterval": "01:00:00",
            "percentComplete": 100.0,
            "percentCoverage": 100.0,
            "datetimeFrom": {
                "utc": "2018-08-25T06:00:00Z",
                "local": "2018-08-24T23:00:00-07:00"
            },
            "datetimeTo": {
                "utc": "2018-08-25T07:00:00Z",
                "local": "2018-08-25T00:00:00-07:00"
            }
        }
    },
    {
        "value": 14.0,
        "flagInfo": {
            "hasFlags": false
        },
        "parameter": {
            "id": 2,
            "name": "pm25",
            "units": "\u00b5g/m\u00b3",
            "displayName": null
        },
        "period": {
            "label": "raw",
            "interval": "01:00:00",
            "datetimeFrom": {
                "utc": "2018-08-25T07:00:00Z",
                "local": "2018-08-25T00:00:00-07:00"
            },
            "datetimeTo": {
                "utc": "2018-08-25T08:00:00Z",
                "local": "2018-08-25T01:00:00-07:00"
            }
        },
        "coordinates": null,
        "summary": null,
        "coverage": {
            "expectedCount": 1,
            "expectedInterval": "01:00:00",
            "observedCount": 1,
            "observedInterval": "01:00:00",
            "percentComplete": 100.0,
            "percentCoverage": 100.0,
            "datetimeFrom": {
                "utc": "2018-08-25T07:00:00Z",
                "local": "2018-08-25T00:00:00-07:00"
            },
            "datetimeTo": {
                "utc": "2018-08-25T08:00:00Z",
                "local": "2018-08-25T01:00:00-07:00"
            }
        }
    },
    {
        "value": 9.0,
        "flagInfo": {
            "hasFlags": false
        },
        "parameter": {
            "id": 2,
            "name": "pm25",
            "units": "\u00b5g/m\u00b3",
            "displayName": null
        },
        "period": {
            "label": "raw",
            "interval": "01:00:00",
            "datetimeFrom": {
                "utc": "2018-08-25T08:00:00Z",
                "local": "2018-08-25T01:00:00-07:00"
            },
            "datetimeTo": {
                "utc": "2018-08-25T09:00:00Z",
                "local": "2018-08-25T02:00:00-07:00"
            }
        },
        "coordinates": null,
        "summary": null,
        "coverage": {
            "expectedCount": 1,
            "expectedInterval": "01:00:00",
            "observedCount": 1,
            "observedInterval": "01:00:00",
            "percentComplete": 100.0,
            "percentCoverage": 100.0,
            "datetimeFrom": {
                "utc": "2018-08-25T08:00:00Z",
                "local": "2018-08-25T01:00:00-07:00"
            },
            "datetimeTo": {
                "utc": "2018-08-25T09:00:00Z",
                "local": "2018-08-25T02:00:00-07:00"
            }
        }
    },
    {
        "value": 8.0,
        "flagInfo": {
            "hasFlags": false
        },
        "parameter": {
            "id": 2,
            "name": "pm25",
            "units": "\u00b5g/m\u00b3",
            "displayName": null
        },
        "period": {
            "label": "raw",
            "interval": "01:00:00",
            "datetimeFrom": {
                "utc": "2018-08-25T09:00:00Z",
                "local": "2018-08-25T02:00:00-07:00"
            },
            "datetimeTo": {
                "utc": "2018-08-25T10:00:00Z",
                "local": "2018-08-25T03:00:00-07:00"
            }
        },
        "coordinates": null,
        "summary": null,
        "coverage": {
            "expectedCount": 1,
            "expectedInterval": "01:00:00",
            "observedCount": 1,
            "observedInterval": "01:00:00",
            "percentComplete": 100.0,
            "percentCoverage": 100.0,
            "datetimeFrom": {
                "utc": "2018-08-25T09:00:00Z",
                "local": "2018-08-25T02:00:00-07:00"
            },
            "datetimeTo": {
                "utc": "2018-08-25T10:00:00Z",
                "local": "2018-08-25T03:00:00-07:00"
            }
        }
    },
    {
        "value": 4.0,
        "flagInfo": {
            "hasFlags": false
        },
        "parameter": {
            "id": 2,
            "name": "pm25",
            "units": "\u00b5g/m\u00b3",
            "displayName": null
        },
        "period": {
            "label": "raw",
            "interval": "01:00:00",
            "datetimeFrom": {
                "utc": "2018-08-25T10:00:00Z",
                "local": "2018-08-25T03:00:00-07:00"
            },
            "datetimeTo": {
                "utc": "2018-08-25T11:00:00Z",
                "local": "2018-08-25T04:00:00-07:00"
            }
        },
        "coordinates": null,
        "summary": null,
        "coverage": {
            "expectedCount": 1,
            "expectedInterval": "01:00:00",
            "observedCount": 1,
            "observedInterval": "01:00:00",
            "percentComplete": 100.0,
            "percentCoverage": 100.0,
            "datetimeFrom": {
                "utc": "2018-08-25T10:00:00Z",
                "local": "2018-08-25T03:00:00-07:00"
            },
            "datetimeTo": {
                "utc": "2018-08-25T11:00:00Z",
                "local": "2018-08-25T04:00:00-07:00"
            }
        }
    },
    {
        "value": 10.0,
        "flagInfo": {
            "hasFlags": false
        },
        "parameter": {
            "id": 2,
            "name": "pm25",
            "units": "\u00b5g/m\u00b3",
            "displayName": null
        },
        "period": {
            "label": "raw",
            "interval": "01:00:00",
            "datetimeFrom": {
                "utc": "2018-08-25T11:00:00Z",
                "local": "2018-08-25T04:00:00-07:00"
            },
            "datetimeTo": {
                "utc": "2018-08-25T12:00:00Z",
                "local": "2018-08-25T05:00:00-07:00"
            }
        },
        "coordinates": null,
        "summary": null,
        "coverage": {
            "expectedCount": 1,
            "expectedInterval": "01:00:00",
            "observedCount": 1,
            "observedInterval": "01:00:00",
            "percentComplete": 100.0,
            "percentCoverage": 100.0,
            "datetimeFrom": {
                "utc": "2018-08-25T11:00:00Z",
                "local": "2018-08-25T04:00:00-07:00"
            },
            "datetimeTo": {
                "utc": "2018-08-25T12:00:00Z",
                "local": "2018-08-25T05:00:00-07:00"
            }
        }
    },
    {
        "value": -4.0,
        "flagInfo": {
            "hasFlags": false
        },
        "parameter": {
            "id": 2,
            "name": "pm25",
            "units": "\u00b5g/m\u00b3",
            "displayName": null
        },
        "period": {
            "label": "raw",
            "interval": "01:00:00",
            "datetimeFrom": {
                "utc": "2018-08-25T12:00:00Z",
                "local": "2018-08-25T05:00:00-07:00"
            },
            "datetimeTo": {
                "utc": "2018-08-25T13:00:00Z",
                "local": "2018-08-25T06:00:00-07:00"
            }
        },
        "coordinates": null,
        "summary": null,
        "coverage": {
            "expectedCount": 1,
            "expectedInterval": "01:00:00",
            "observedCount": 1,
            "observedInterval": "01:00:00",
            "percentComplete": 100.0,
            "percentCoverage": 100.0,
            "datetimeFrom": {
                "utc": "2018-08-25T12:00:00Z",
                "local": "2018-08-25T05:00:00-07:00"
            },
            "datetimeTo": {
                "utc": "2018-08-25T13:00:00Z",
                "local": "2018-08-25T06:00:00-07:00"
            }
        }
    },
    {
        "value": 1.0,
        "flagInfo": {
            "hasFlags": false
        },
        "parameter": {
            "id": 2,
            "name": "pm25",
            "units": "\u00b5g/m\u00b3",
            "displayName": null
        },
        "period": {
            "label": "raw",
            "interval": "01:00:00",
            "datetimeFrom": {
                "utc": "2018-08-25T13:00:00Z",
                "local": "2018-08-25T06:00:00-07:00"
            },
            "datetimeTo": {
                "utc": "2018-08-25T14:00:00Z",
                "local": "2018-08-25T07:00:00-07:00"
            }
        },
        "coordinates": null,
        "summary": null,
        "coverage": {
            "expectedCount": 1,
            "expectedInterval": "01:00:00",
            "observedCount": 1,
            "observedInterval": "01:00:00",
            "percentComplete": 100.0,
            "percentCoverage": 100.0,
            "datetimeFrom": {
                "utc": "2018-08-25T13:00:00Z",
                "local": "2018-08-25T06:00:00-07:00"
            },
            "datetimeTo": {
                "utc": "2018-08-25T14:00:00Z",
                "local": "2018-08-25T07:00:00-07:00"
            }
        }
    },
    {
        "value": 0.0,
        "flagInfo": {
            "hasFlags": false
        },
        "parameter": {
            "id": 2,
            "name": "pm25",
            "units": "\u00b5g/m\u00b3",
            "displayName": null
        },
        "period": {
            "label": "raw",
            "interval": "01:00:00",
            "datetimeFrom": {
                "utc": "2018-08-25T14:00:00Z",
                "local": "2018-08-25T07:00:00-07:00"
            },
            "datetimeTo": {
                "utc": "2018-08-25T15:00:00Z",
                "local": "2018-08-25T08:00:00-07:00"
            }
        },
        "coordinates": null,
        "summary": null,
        "coverage": {
            "expectedCount": 1,
            "expectedInterval": "01:00:00",
            "observedCount": 1,
            "observedInterval": "01:00:00",
            "percentComplete": 100.0,
            "percentCoverage": 100.0,
            "datetimeFrom": {
                "utc": "2018-08-25T14:00:00Z",
                "local": "2018-08-25T07:00:00-07:00"
            },
            "datetimeTo": {
                "utc": "2018-08-25T15:00:00Z",
                "local": "2018-08-25T08:00:00-07:00"
            }
        }
    },
    {
        "value": 3.0,
        "flagInfo": {
            "hasFlags": false
        },
        "parameter": {
            "id": 2,
            "name": "pm25",
            "units": "\u00b5g/m\u00b3",
            "displayName": null
        },
        "period": {
            "label": "raw",
            "interval": "01:00:00",
            "datetimeFrom": {
                "utc": "2018-08-25T15:00:00Z",
                "local": "2018-08-25T08:00:00-07:00"
            },
            "datetimeTo": {
                "utc": "2018-08-25T16:00:00Z",
                "local": "2018-08-25T09:00:00-07:00"
            }
        },
        "coordinates": null,
        "summary": null,
        "coverage": {
            "expectedCount": 1,
            "expectedInterval": "01:00:00",
            "observedCount": 1,
            "observedInterval": "01:00:00",
            "percentComplete": 100.0,
            "percentCoverage": 100.0,
            "datetimeFrom": {
                "utc": "2018-08-25T15:00:00Z",
                "local": "2018-08-25T08:00:00-07:00"
            },
            "datetimeTo": {
                "utc": "2018-08-25T16:00:00Z",
                "local": "2018-08-25T09:00:00-07:00"
            }
        }
    },
    {
        "value": -3.0,
        "flagInfo": {
            "hasFlags": false
        },
        "parameter": {
            "id": 2,
            "name": "pm25",
            "units": "\u00b5g/m\u00b3",
            "displayName": null
        },
        "period": {
            "label": "raw",
            "interval": "01:00:00",
            "datetimeFrom": {
                "utc": "2018-08-25T16:00:00Z",
                "local": "2018-08-25T09:00:00-07:00"
            },
            "datetimeTo": {
                "utc": "2018-08-25T17:00:00Z",
                "local": "2018-08-25T10:00:00-07:00"
            }
        },
        "coordinates": null,
        "summary": null,
        "coverage": {
            "expectedCount": 1,
            "expectedInterval": "01:00:00",
            "observedCount": 1,
            "observedInterval": "01:00:00",
            "percentComplete": 100.0,
            "percentCoverage": 100.0,
            "datetimeFrom": {
                "utc": "2018-08-25T16:00:00Z",
                "local": "2018-08-25T09:00:00-07:00"
            },
            "datetimeTo": {
                "utc": "2018-08-25T17:00:00Z",
                "local": "2018-08-25T10:00:00-07:00"
            }
        }
    },
    {
        "value": 4.0,
        "flagInfo": {
            "hasFlags": false
        },
        "parameter": {
            "id": 2,
            "name": "pm25",
            "units": "\u00b5g/m\u00b3",
            "displayName": null
        },
        "period": {
            "label": "raw",
            "interval": "01:00:00",
            "datetimeFrom": {
                "utc": "2018-08-25T17:00:00Z",
                "local": "2018-08-25T10:00:00-07:00"
            },
            "datetimeTo": {
                "utc": "2018-08-25T18:00:00Z",
                "local": "2018-08-25T11:00:00-07:00"
            }
        },
        "coordinates": null,
        "summary": null,
        "coverage": {
            "expectedCount": 1,
            "expectedInterval": "01:00:00",
            "observedCount": 1,
            "observedInterval": "01:00:00",
            "percentComplete": 100.0,
            "percentCoverage": 100.0,
            "datetimeFrom": {
                "utc": "2018-08-25T17:00:00Z",
                "local": "2018-08-25T10:00:00-07:00"
            },
            "datetimeTo": {
                "utc": "2018-08-25T18:00:00Z",
                "local": "2018-08-25T11:00:00-07:00"
            }
        }
    },
    {
        "value": 5.0,
        "flagInfo": {
            "hasFlags": false
        },
        "parameter": {
            "id": 2,
            "name": "pm25",
            "units": "\u00b5g/m\u00b3",
            "displayName": null
        },
        "period": {
            "label": "raw",
            "interval": "01:00:00",
            "datetimeFrom": {
                "utc": "2018-08-27T06:00:00Z",
                "local": "2018-08-26T23:00:00-07:00"
            },
            "datetimeTo": {
                "utc": "2018-08-27T07:00:00Z",
                "local": "2018-08-27T00:00:00-07:00"
            }
        },
        "coordinates": null,
        "summary": null,
        "coverage": {
            "expectedCount": 1,
            "expectedInterval": "01:00:00",
            "observedCount": 1,
            "observedInterval": "01:00:00",
            "percentComplete": 100.0,
            "percentCoverage": 100.0,
            "datetimeFrom": {
                "utc": "2018-08-27T06:00:00Z",
                "local": "2018-08-26T23:00:00-07:00"
            },
            "datetimeTo": {
                "utc": "2018-08-27T07:00:00Z",
                "local": "2018-08-27T00:00:00-07:00"
            }
        }
    },
    {
        "value": 13.0,
        "flagInfo": {
            "hasFlags": false
        },
        "parameter": {
            "id": 2,
            "name": "pm25",
            "units": "\u00b5g/m\u00b3",
            "displayName": null
        },
        "period": {
            "label": "raw",
            "interval": "01:00:00",
            "datetimeFrom": {
                "utc": "2018-08-27T07:00:00Z",
                "local": "2018-08-27T00:00:00-07:00"
            },
            "datetimeTo": {
                "utc": "2018-08-27T08:00:00Z",
                "local": "2018-08-27T01:00:00-07:00"
            }
        },
        "coordinates": null,
        "summary": null,
        "coverage": {
            "expectedCount": 1,
            "expectedInterval": "01:00:00",
            "observedCount": 1,
            "observedInterval": "01:00:00",
            "percentComplete": 100.0,
            "percentCoverage": 100.0,
            "datetimeFrom": {
                "utc": "2018-08-27T07:00:00Z",
                "local": "2018-08-27T00:00:00-07:00"
            },
            "datetimeTo": {
                "utc": "2018-08-27T08:00:00Z",
                "local": "2018-08-27T01:00:00-07:00"
            }
        }
    },
    {
        "value": 13.0,
        "flagInfo": {
            "hasFlags": false
        },
        "parameter": {
            "id": 2,
            "name": "pm25",
            "units": "\u00b5g/m\u00b3",
            "displayName": null
        },
        "period": {
            "label": "raw",
            "interval": "01:00:00",
            "datetimeFrom": {
                "utc": "2018-08-27T08:00:00Z",
                "local": "2018-08-27T01:00:00-07:00"
            },
            "datetimeTo": {
                "utc": "2018-08-27T09:00:00Z",
                "local": "2018-08-27T02:00:00-07:00"
            }
        },
        "coordinates": null,
        "summary": null,
        "coverage": {
            "expectedCount": 1,
            "expectedInterval": "01:00:00",
            "observedCount": 1,
            "observedInterval": "01:00:00",
            "percentComplete": 100.0,
            "percentCoverage": 100.0,
            "datetimeFrom": {
                "utc": "2018-08-27T08:00:00Z",
                "local": "2018-08-27T01:00:00-07:00"
            },
            "datetimeTo": {
                "utc": "2018-08-27T09:00:00Z",
                "local": "2018-08-27T02:00:00-07:00"
            }
        }
    },
    {
        "value": 8.0,
        "flagInfo": {
            "hasFlags": false
        },
        "parameter": {
            "id": 2,
            "name": "pm25",
            "units": "\u00b5g/m\u00b3",
            "displayName": null
        },
        "period": {
            "label": "raw",
            "interval": "01:00:00",
            "datetimeFrom": {
                "utc": "2018-08-27T09:00:00Z",
                "local": "2018-08-27T02:00:00-07:00"
            },
            "datetimeTo": {
                "utc": "2018-08-27T10:00:00Z",
                "local": "2018-08-27T03:00:00-07:00"
            }
        },
        "coordinates": null,
        "summary": null,
        "coverage": {
            "expectedCount": 1,
            "expectedInterval": "01:00:00",
            "observedCount": 1,
            "observedInterval": "01:00:00",
            "percentComplete": 100.0,
            "percentCoverage": 100.0,
            "datetimeFrom": {
                "utc": "2018-08-27T09:00:00Z",
                "local": "2018-08-27T02:00:00-07:00"
            },
            "datetimeTo": {
                "utc": "2018-08-27T10:00:00Z",
                "local": "2018-08-27T03:00:00-07:00"
            }
        }
    },
    {
        "value": 4.0,
        "flagInfo": {
            "hasFlags": false
        },
        "parameter": {
            "id": 2,
            "name": "pm25",
            "units": "\u00b5g/m\u00b3",
            "displayName": null
        },
        "period": {
            "label": "raw",
            "interval": "01:00:00",
            "datetimeFrom": {
                "utc": "2018-08-27T10:00:00Z",
                "local": "2018-08-27T03:00:00-07:00"
            },
            "datetimeTo": {
                "utc": "2018-08-27T11:00:00Z",
                "local": "2018-08-27T04:00:00-07:00"
            }
        },
        "coordinates": null,
        "summary": null,
        "coverage": {
            "expectedCount": 1,
            "expectedInterval": "01:00:00",
            "observedCount": 1,
            "observedInterval": "01:00:00",
            "percentComplete": 100.0,
            "percentCoverage": 100.0,
            "datetimeFrom": {
                "utc": "2018-08-27T10:00:00Z",
                "local": "2018-08-27T03:00:00-07:00"
            },
            "datetimeTo": {
                "utc": "2018-08-27T11:00:00Z",
                "local": "2018-08-27T04:00:00-07:00"
            }
        }
    },
    {
        "value": 7.0,
        "flagInfo": {
            "hasFlags": false
        },
        "parameter": {
            "id": 2,
            "name": "pm25",
            "units": "\u00b5g/m\u00b3",
            "displayName": null
        },
        "period": {
            "label": "raw",
            "interval": "01:00:00",
            "datetimeFrom": {
                "utc": "2018-08-27T11:00:00Z",
                "local": "2018-08-27T04:00:00-07:00"
            },
            "datetimeTo": {
                "utc": "2018-08-27T12:00:00Z",
                "local": "2018-08-27T05:00:00-07:00"
            }
        },
        "coordinates": null,
        "summary": null,
        "coverage": {
            "expectedCount": 1,
            "expectedInterval": "01:00:00",
            "observedCount": 1,
            "observedInterval": "01:00:00",
            "percentComplete": 100.0,
            "percentCoverage": 100.0,
            "datetimeFrom": {
                "utc": "2018-08-27T11:00:00Z",
                "local": "2018-08-27T04:00:00-07:00"
            },
            "datetimeTo": {
                "utc": "2018-08-27T12:00:00Z",
                "local": "2018-08-27T05:00:00-07:00"
            }
        }
    },
    {
        "value": 8.0,
        "flagInfo": {
            "hasFlags": false
        },
        "parameter": {
            "id": 2,
            "name": "pm25",
            "units": "\u00b5g/m\u00b3",
            "displayName": null
        },
        "period": {
            "label": "raw",
            "interval": "01:00:00",
            "datetimeFrom": {
                "utc": "2018-08-27T12:00:00Z",
                "local": "2018-08-27T05:00:00-07:00"
            },
            "datetimeTo": {
                "utc": "2018-08-27T13:00:00Z",
                "local": "2018-08-27T06:00:00-07:00"
            }
        },
        "coordinates": null,
        "summary": null,
        "coverage": {
            "expectedCount": 1,
            "expectedInterval": "01:00:00",
            "observedCount": 1,
            "observedInterval": "01:00:00",
            "percentComplete": 100.0,
            "percentCoverage": 100.0,
            "datetimeFrom": {
                "utc": "2018-08-27T12:00:00Z",
                "local": "2018-08-27T05:00:00-07:00"
            },
            "datetimeTo": {
                "utc": "2018-08-27T13:00:00Z",
                "local": "2018-08-27T06:00:00-07:00"
            }
        }
    },
    {
        "value": 8.0,
        "flagInfo": {
            "hasFlags": false
        },
        "parameter": {
            "id": 2,
            "name": "pm25",
            "units": "\u00b5g/m\u00b3",
            "displayName": null
        },
        "period": {
            "label": "raw",
            "interval": "01:00:00",
            "datetimeFrom": {
                "utc": "2018-08-27T13:00:00Z",
                "local": "2018-08-27T06:00:00-07:00"
            },
            "datetimeTo": {
                "utc": "2018-08-27T14:00:00Z",
                "local": "2018-08-27T07:00:00-07:00"
            }
        },
        "coordinates": null,
        "summary": null,
        "coverage": {
            "expectedCount": 1,
            "expectedInterval": "01:00:00",
            "observedCount": 1,
            "observedInterval": "01:00:00",
            "percentComplete": 100.0,
            "percentCoverage": 100.0,
            "datetimeFrom": {
                "utc": "2018-08-27T13:00:00Z",
                "local": "2018-08-27T06:00:00-07:00"
            },
            "datetimeTo": {
                "utc": "2018-08-27T14:00:00Z",
                "local": "2018-08-27T07:00:00-07:00"
            }
        }
    },
    {
        "value": 3.0,
        "flagInfo": {
            "hasFlags": false
        },
        "parameter": {
            "id": 2,
            "name": "pm25",
            "units": "\u00b5g/m\u00b3",
            "displayName": null
        },
        "period": {
            "label": "raw",
            "interval": "01:00:00",
            "datetimeFrom": {
                "utc": "2018-08-27T14:00:00Z",
                "local": "2018-08-27T07:00:00-07:00"
            },
            "datetimeTo": {
                "utc": "2018-08-27T15:00:00Z",
                "local": "2018-08-27T08:00:00-07:00"
            }
        },
        "coordinates": null,
        "summary": null,
        "coverage": {
            "expectedCount": 1,
            "expectedInterval": "01:00:00",
            "observedCount": 1,
            "observedInterval": "01:00:00",
            "percentComplete": 100.0,
            "percentCoverage": 100.0,
            "datetimeFrom": {
                "utc": "2018-08-27T14:00:00Z",
                "local": "2018-08-27T07:00:00-07:00"
            },
            "datetimeTo": {
                "utc": "2018-08-27T15:00:00Z",
                "local": "2018-08-27T08:00:00-07:00"
            }
        }
    },
    {
        "value": -3.0,
        "flagInfo": {
            "hasFlags": false
        },
        "parameter": {
            "id": 2,
            "name": "pm25",
            "units": "\u00b5g/m\u00b3",
            "displayName": null
        },
        "period": {
            "label": "raw",
            "interval": "01:00:00",
            "datetimeFrom": {
                "utc": "2018-08-27T15:00:00Z",
                "local": "2018-08-27T08:00:00-07:00"
            },
            "datetimeTo": {
                "utc": "2018-08-27T16:00:00Z",
                "local": "2018-08-27T09:00:00-07:00"
            }
        },
        "coordinates": null,
        "summary": null,
        "coverage": {
            "expectedCount": 1,
            "expectedInterval": "01:00:00",
            "observedCount": 1,
            "observedInterval": "01:00:00",
            "percentComplete": 100.0,
            "percentCoverage": 100.0,
            "datetimeFrom": {
                "utc": "2018-08-27T15:00:00Z",
                "local": "2018-08-27T08:00:00-07:00"
            },
            "datetimeTo": {
                "utc": "2018-08-27T16:00:00Z",
                "local": "2018-08-27T09:00:00-07:00"
            }
        }
    },
    {
        "value": 6.0,
        "flagInfo": {
            "hasFlags": false
        },
        "parameter": {
            "id": 2,
            "name": "pm25",
            "units": "\u00b5g/m\u00b3",
            "displayName": null
        },
        "period": {
            "label": "raw",
            "interval": "01:00:00",
            "datetimeFrom": {
                "utc": "2018-08-27T16:00:00Z",
                "local": "2018-08-27T09:00:00-07:00"
            },
            "datetimeTo": {
                "utc": "2018-08-27T17:00:00Z",
                "local": "2018-08-27T10:00:00-07:00"
            }
        },
        "coordinates": null,
        "summary": null,
        "coverage": {
            "expectedCount": 1,
            "expectedInterval": "01:00:00",
            "observedCount": 1,
            "observedInterval": "01:00:00",
            "percentComplete": 100.0,
            "percentCoverage": 100.0,
            "datetimeFrom": {
                "utc": "2018-08-27T16:00:00Z",
                "local": "2018-08-27T09:00:00-07:00"
            },
            "datetimeTo": {
                "utc": "2018-08-27T17:00:00Z",
                "local": "2018-08-27T10:00:00-07:00"
            }
        }
    },
    {
        "value": 4.0,
        "flagInfo": {
            "hasFlags": false
        },
        "parameter": {
            "id": 2,
            "name": "pm25",
            "units": "\u00b5g/m\u00b3",
            "displayName": null
        },
        "period": {
            "label": "raw",
            "interval": "01:00:00",
            "datetimeFrom": {
                "utc": "2018-08-27T17:00:00Z",
                "local": "2018-08-27T10:00:00-07:00"
            },
            "datetimeTo": {
                "utc": "2018-08-27T18:00:00Z",
                "local": "2018-08-27T11:00:00-07:00"
            }
        },
        "coordinates": null,
        "summary": null,
        "coverage": {
            "expectedCount": 1,
            "expectedInterval": "01:00:00",
            "observedCount": 1,
            "observedInterval": "01:00:00",
            "percentComplete": 100.0,
            "percentCoverage": 100.0,
            "datetimeFrom": {
                "utc": "2018-08-27T17:00:00Z",
                "local": "2018-08-27T10:00:00-07:00"
            },
            "datetimeTo": {
                "utc": "2018-08-27T18:00:00Z",
                "local": "2018-08-27T11:00:00-07:00"
            }
        }
    },
    {
        "value": 8.0,
        "flagInfo": {
            "hasFlags": false
        },
        "parameter": {
            "id": 2,
            "name": "pm25",
            "units": "\u00b5g/m\u00b3",
            "displayName": null
        },
        "period": {
            "label": "raw",
            "interval": "01:00:00",
            "datetimeFrom": {
                "utc": "2018-08-27T18:00:00Z",
                "local": "2018-08-27T11:00:00-07:00"
            },
            "datetimeTo": {
                "utc": "2018-08-27T19:00:00Z",
                "local": "2018-08-27T12:00:00-07:00"
            }
        },
        "coordinates": null,
        "summary": null,
        "coverage": {
            "expectedCount": 1,
            "expectedInterval": "01:00:00",
            "observedCount": 1,
            "observedInterval": "01:00:00",
            "percentComplete": 100.0,
            "percentCoverage": 100.0,
            "datetimeFrom": {
                "utc": "2018-08-27T18:00:00Z",
                "local": "2018-08-27T11:00:00-07:00"
            },
            "datetimeTo": {
                "utc": "2018-08-27T19:00:00Z",
                "local": "2018-08-27T12:00:00-07:00"
            }
        }
    },
    {
        "value": 8.0,
        "flagInfo": {
            "hasFlags": false
        },
        "parameter": {
            "id": 2,
            "name": "pm25",
            "units": "\u00b5g/m\u00b3",
            "displayName": null
        },
        "period": {
            "label": "raw",
            "interval": "01:00:00",
            "datetimeFrom": {
                "utc": "2018-08-28T06:00:00Z",
                "local": "2018-08-27T23:00:00-07:00"
            },
            "datetimeTo": {
                "utc": "2018-08-28T07:00:00Z",
                "local": "2018-08-28T00:00:00-07:00"
            }
        },
        "coordinates": null,
        "summary": null,
        "coverage": {
            "expectedCount": 1,
            "expectedInterval": "01:00:00",
            "observedCount": 1,
            "observedInterval": "01:00:00",
            "percentComplete": 100.0,
            "percentCoverage": 100.0,
            "datetimeFrom": {
                "utc": "2018-08-28T06:00:00Z",
                "local": "2018-08-27T23:00:00-07:00"
            },
            "datetimeTo": {
                "utc": "2018-08-28T07:00:00Z",
                "local": "2018-08-28T00:00:00-07:00"
            }
        }
    },
    {
        "value": 8.0,
        "flagInfo": {
            "hasFlags": false
        },
        "parameter": {
            "id": 2,
            "name": "pm25",
            "units": "\u00b5g/m\u00b3",
            "displayName": null
        },
        "period": {
            "label": "raw",
            "interval": "01:00:00",
            "datetimeFrom": {
                "utc": "2018-08-28T07:00:00Z",
                "local": "2018-08-28T00:00:00-07:00"
            },
            "datetimeTo": {
                "utc": "2018-08-28T08:00:00Z",
                "local": "2018-08-28T01:00:00-07:00"
            }
        },
        "coordinates": null,
        "summary": null,
        "coverage": {
            "expectedCount": 1,
            "expectedInterval": "01:00:00",
            "observedCount": 1,
            "observedInterval": "01:00:00",
            "percentComplete": 100.0,
            "percentCoverage": 100.0,
            "datetimeFrom": {
                "utc": "2018-08-28T07:00:00Z",
                "local": "2018-08-28T00:00:00-07:00"
            },
            "datetimeTo": {
                "utc": "2018-08-28T08:00:00Z",
                "local": "2018-08-28T01:00:00-07:00"
            }
        }
    },
    {
        "value": 10.0,
        "flagInfo": {
            "hasFlags": false
        },
        "parameter": {
            "id": 2,
            "name": "pm25",
            "units": "\u00b5g/m\u00b3",
            "displayName": null
        },
        "period": {
            "label": "raw",
            "interval": "01:00:00",
            "datetimeFrom": {
                "utc": "2018-08-28T08:00:00Z",
                "local": "2018-08-28T01:00:00-07:00"
            },
            "datetimeTo": {
                "utc": "2018-08-28T09:00:00Z",
                "local": "2018-08-28T02:00:00-07:00"
            }
        },
        "coordinates": null,
        "summary": null,
        "coverage": {
            "expectedCount": 1,
            "expectedInterval": "01:00:00",
            "observedCount": 1,
            "observedInterval": "01:00:00",
            "percentComplete": 100.0,
            "percentCoverage": 100.0,
            "datetimeFrom": {
                "utc": "2018-08-28T08:00:00Z",
                "local": "2018-08-28T01:00:00-07:00"
            },
            "datetimeTo": {
                "utc": "2018-08-28T09:00:00Z",
                "local": "2018-08-28T02:00:00-07:00"
            }
        }
    },
    {
        "value": 6.0,
        "flagInfo": {
            "hasFlags": false
        },
        "parameter": {
            "id": 2,
            "name": "pm25",
            "units": "\u00b5g/m\u00b3",
            "displayName": null
        },
        "period": {
            "label": "raw",
            "interval": "01:00:00",
            "datetimeFrom": {
                "utc": "2018-08-28T09:00:00Z",
                "local": "2018-08-28T02:00:00-07:00"
            },
            "datetimeTo": {
                "utc": "2018-08-28T10:00:00Z",
                "local": "2018-08-28T03:00:00-07:00"
            }
        },
        "coordinates": null,
        "summary": null,
        "coverage": {
            "expectedCount": 1,
            "expectedInterval": "01:00:00",
            "observedCount": 1,
            "observedInterval": "01:00:00",
            "percentComplete": 100.0,
            "percentCoverage": 100.0,
            "datetimeFrom": {
                "utc": "2018-08-28T09:00:00Z",
                "local": "2018-08-28T02:00:00-07:00"
            },
            "datetimeTo": {
                "utc": "2018-08-28T10:00:00Z",
                "local": "2018-08-28T03:00:00-07:00"
            }
        }
    },
    {
        "value": 15.0,
        "flagInfo": {
            "hasFlags": false
        },
        "parameter": {
            "id": 2,
            "name": "pm25",
            "units": "\u00b5g/m\u00b3",
            "displayName": null
        },
        "period": {
            "label": "raw",
            "interval": "01:00:00",
            "datetimeFrom": {
                "utc": "2018-08-28T10:00:00Z",
                "local": "2018-08-28T03:00:00-07:00"
            },
            "datetimeTo": {
                "utc": "2018-08-28T11:00:00Z",
                "local": "2018-08-28T04:00:00-07:00"
            }
        },
        "coordinates": null,
        "summary": null,
        "coverage": {
            "expectedCount": 1,
            "expectedInterval": "01:00:00",
            "observedCount": 1,
            "observedInterval": "01:00:00",
            "percentComplete": 100.0,
            "percentCoverage": 100.0,
            "datetimeFrom": {
                "utc": "2018-08-28T10:00:00Z",
                "local": "2018-08-28T03:00:00-07:00"
            },
            "datetimeTo": {
                "utc": "2018-08-28T11:00:00Z",
                "local": "2018-08-28T04:00:00-07:00"
            }
        }
    },
    {
        "value": 7.0,
        "flagInfo": {
            "hasFlags": false
        },
        "parameter": {
            "id": 2,
            "name": "pm25",
            "units": "\u00b5g/m\u00b3",
            "displayName": null
        },
        "period": {
            "label": "raw",
            "interval": "01:00:00",
            "datetimeFrom": {
                "utc": "2018-08-28T11:00:00Z",
                "local": "2018-08-28T04:00:00-07:00"
            },
            "datetimeTo": {
                "utc": "2018-08-28T12:00:00Z",
                "local": "2018-08-28T05:00:00-07:00"
            }
        },
        "coordinates": null,
        "summary": null,
        "coverage": {
            "expectedCount": 1,
            "expectedInterval": "01:00:00",
            "observedCount": 1,
            "observedInterval": "01:00:00",
            "percentComplete": 100.0,
            "percentCoverage": 100.0,
            "datetimeFrom": {
                "utc": "2018-08-28T11:00:00Z",
                "local": "2018-08-28T04:00:00-07:00"
            },
            "datetimeTo": {
                "utc": "2018-08-28T12:00:00Z",
                "local": "2018-08-28T05:00:00-07:00"
            }
        }
    },
    {
        "value": 11.0,
        "flagInfo": {
            "hasFlags": false
        },
        "parameter": {
            "id": 2,
            "name": "pm25",
            "units": "\u00b5g/m\u00b3",
            "displayName": null
        },
        "period": {
            "label": "raw",
            "interval": "01:00:00",
            "datetimeFrom": {
                "utc": "2018-08-28T12:00:00Z",
                "local": "2018-08-28T05:00:00-07:00"
            },
            "datetimeTo": {
                "utc": "2018-08-28T13:00:00Z",
                "local": "2018-08-28T06:00:00-07:00"
            }
        },
        "coordinates": null,
        "summary": null,
        "coverage": {
            "expectedCount": 1,
            "expectedInterval": "01:00:00",
            "observedCount": 1,
            "observedInterval": "01:00:00",
            "percentComplete": 100.0,
            "percentCoverage": 100.0,
            "datetimeFrom": {
                "utc": "2018-08-28T12:00:00Z",
                "local": "2018-08-28T05:00:00-07:00"
            },
            "datetimeTo": {
                "utc": "2018-08-28T13:00:00Z",
                "local": "2018-08-28T06:00:00-07:00"
            }
        }
    },
    {
        "value": 14.0,
        "flagInfo": {
            "hasFlags": false
        },
        "parameter": {
            "id": 2,
            "name": "pm25",
            "units": "\u00b5g/m\u00b3",
            "displayName": null
        },
        "period": {
            "label": "raw",
            "interval": "01:00:00",
            "datetimeFrom": {
                "utc": "2018-08-28T13:00:00Z",
                "local": "2018-08-28T06:00:00-07:00"
            },
            "datetimeTo": {
                "utc": "2018-08-28T14:00:00Z",
                "local": "2018-08-28T07:00:00-07:00"
            }
        },
        "coordinates": null,
        "summary": null,
        "coverage": {
            "expectedCount": 1,
            "expectedInterval": "01:00:00",
            "observedCount": 1,
            "observedInterval": "01:00:00",
            "percentComplete": 100.0,
            "percentCoverage": 100.0,
            "datetimeFrom": {
                "utc": "2018-08-28T13:00:00Z",
                "local": "2018-08-28T06:00:00-07:00"
            },
            "datetimeTo": {
                "utc": "2018-08-28T14:00:00Z",
                "local": "2018-08-28T07:00:00-07:00"
            }
        }
    },
    {
        "value": 12.0,
        "flagInfo": {
            "hasFlags": false
        },
        "parameter": {
            "id": 2,
            "name": "pm25",
            "units": "\u00b5g/m\u00b3",
            "displayName": null
        },
        "period": {
            "label": "raw",
            "interval": "01:00:00",
            "datetimeFrom": {
                "utc": "2018-08-28T14:00:00Z",
                "local": "2018-08-28T07:00:00-07:00"
            },
            "datetimeTo": {
                "utc": "2018-08-28T15:00:00Z",
                "local": "2018-08-28T08:00:00-07:00"
            }
        },
        "coordinates": null,
        "summary": null,
        "coverage": {
            "expectedCount": 1,
            "expectedInterval": "01:00:00",
            "observedCount": 1,
            "observedInterval": "01:00:00",
            "percentComplete": 100.0,
            "percentCoverage": 100.0,
            "datetimeFrom": {
                "utc": "2018-08-28T14:00:00Z",
                "local": "2018-08-28T07:00:00-07:00"
            },
            "datetimeTo": {
                "utc": "2018-08-28T15:00:00Z",
                "local": "2018-08-28T08:00:00-07:00"
            }
        }
    },
    {
        "value": 5.0,
        "flagInfo": {
            "hasFlags": false
        },
        "parameter": {
            "id": 2,
            "name": "pm25",
            "units": "\u00b5g/m\u00b3",
            "displayName": null
        },
        "period": {
            "label": "raw",
            "interval": "01:00:00",
            "datetimeFrom": {
                "utc": "2018-08-28T15:00:00Z",
                "local": "2018-08-28T08:00:00-07:00"
            },
            "datetimeTo": {
                "utc": "2018-08-28T16:00:00Z",
                "local": "2018-08-28T09:00:00-07:00"
            }
        },
        "coordinates": null,
        "summary": null,
        "coverage": {
            "expectedCount": 1,
            "expectedInterval": "01:00:00",
            "observedCount": 1,
            "observedInterval": "01:00:00",
            "percentComplete": 100.0,
            "percentCoverage": 100.0,
            "datetimeFrom": {
                "utc": "2018-08-28T15:00:00Z",
                "local": "2018-08-28T08:00:00-07:00"
            },
            "datetimeTo": {
                "utc": "2018-08-28T16:00:00Z",
                "local": "2018-08-28T09:00:00-07:00"
            }
        }
    },
    {
        "value": 5.0,
        "flagInfo": {
            "hasFlags": false
        },
        "parameter": {
            "id": 2,
            "name": "pm25",
            "units": "\u00b5g/m\u00b3",
            "displayName": null
        },
        "period": {
            "label": "raw",
            "interval": "01:00:00",
            "datetimeFrom": {
                "utc": "2018-08-28T16:00:00Z",
                "local": "2018-08-28T09:00:00-07:00"
            },
            "datetimeTo": {
                "utc": "2018-08-28T17:00:00Z",
                "local": "2018-08-28T10:00:00-07:00"
            }
        },
        "coordinates": null,
        "summary": null,
        "coverage": {
            "expectedCount": 1,
            "expectedInterval": "01:00:00",
            "observedCount": 1,
            "observedInterval": "01:00:00",
            "percentComplete": 100.0,
            "percentCoverage": 100.0,
            "datetimeFrom": {
                "utc": "2018-08-28T16:00:00Z",
                "local": "2018-08-28T09:00:00-07:00"
            },
            "datetimeTo": {
                "utc": "2018-08-28T17:00:00Z",
                "local": "2018-08-28T10:00:00-07:00"
            }
        }
    },
    {
        "value": 3.0,
        "flagInfo": {
            "hasFlags": false
        },
        "parameter": {
            "id": 2,
            "name": "pm25",
            "units": "\u00b5g/m\u00b3",
            "displayName": null
        },
        "period": {
            "label": "raw",
            "interval": "01:00:00",
            "datetimeFrom": {
                "utc": "2018-08-28T17:00:00Z",
                "local": "2018-08-28T10:00:00-07:00"
            },
            "datetimeTo": {
                "utc": "2018-08-28T18:00:00Z",
                "local": "2018-08-28T11:00:00-07:00"
            }
        },
        "coordinates": null,
        "summary": null,
        "coverage": {
            "expectedCount": 1,
            "expectedInterval": "01:00:00",
            "observedCount": 1,
            "observedInterval": "01:00:00",
            "percentComplete": 100.0,
            "percentCoverage": 100.0,
            "datetimeFrom": {
                "utc": "2018-08-28T17:00:00Z",
                "local": "2018-08-28T10:00:00-07:00"
            },
            "datetimeTo": {
                "utc": "2018-08-28T18:00:00Z",
                "local": "2018-08-28T11:00:00-07:00"
            }
        }
    },
    {
        "value": 7.0,
        "flagInfo": {
            "hasFlags": false
        },
        "parameter": {
            "id": 2,
            "name": "pm25",
            "units": "\u00b5g/m\u00b3",
            "displayName": null
        },
        "period": {
            "label": "raw",
            "interval": "01:00:00",
            "datetimeFrom": {
                "utc": "2018-09-08T18:00:00Z",
                "local": "2018-09-08T11:00:00-07:00"
            },
            "datetimeTo": {
                "utc": "2018-09-08T19:00:00Z",
                "local": "2018-09-08T12:00:00-07:00"
            }
        },
        "coordinates": null,
        "summary": null,
        "coverage": {
            "expectedCount": 1,
            "expectedInterval": "01:00:00",
            "observedCount": 1,
            "observedInterval": "01:00:00",
            "percentComplete": 100.0,
            "percentCoverage": 100.0,
            "datetimeFrom": {
                "utc": "2018-09-08T18:00:00Z",
                "local": "2018-09-08T11:00:00-07:00"
            },
            "datetimeTo": {
                "utc": "2018-09-08T19:00:00Z",
                "local": "2018-09-08T12:00:00-07:00"
            }
        }
    },
    {
        "value": 7.0,
        "flagInfo": {
            "hasFlags": false
        },
        "parameter": {
            "id": 2,
            "name": "pm25",
            "units": "\u00b5g/m\u00b3",
            "displayName": null
        },
        "period": {
            "label": "raw",
            "interval": "01:00:00",
            "datetimeFrom": {
                "utc": "2018-09-08T19:00:00Z",
                "local": "2018-09-08T12:00:00-07:00"
            },
            "datetimeTo": {
                "utc": "2018-09-08T20:00:00Z",
                "local": "2018-09-08T13:00:00-07:00"
            }
        },
        "coordinates": null,
        "summary": null,
        "coverage": {
            "expectedCount": 1,
            "expectedInterval": "01:00:00",
            "observedCount": 1,
            "observedInterval": "01:00:00",
            "percentComplete": 100.0,
            "percentCoverage": 100.0,
            "datetimeFrom": {
                "utc": "2018-09-08T19:00:00Z",
                "local": "2018-09-08T12:00:00-07:00"
            },
            "datetimeTo": {
                "utc": "2018-09-08T20:00:00Z",
                "local": "2018-09-08T13:00:00-07:00"
            }
        }
    },
    {
        "value": 9.0,
        "flagInfo": {
            "hasFlags": false
        },
        "parameter": {
            "id": 2,
            "name": "pm25",
            "units": "\u00b5g/m\u00b3",
            "displayName": null
        },
        "period": {
            "label": "raw",
            "interval": "01:00:00",
            "datetimeFrom": {
                "utc": "2018-09-08T21:00:00Z",
                "local": "2018-09-08T14:00:00-07:00"
            },
            "datetimeTo": {
                "utc": "2018-09-08T22:00:00Z",
                "local": "2018-09-08T15:00:00-07:00"
            }
        },
        "coordinates": null,
        "summary": null,
        "coverage": {
            "expectedCount": 1,
            "expectedInterval": "01:00:00",
            "observedCount": 1,
            "observedInterval": "01:00:00",
            "percentComplete": 100.0,
            "percentCoverage": 100.0,
            "datetimeFrom": {
                "utc": "2018-09-08T21:00:00Z",
                "local": "2018-09-08T14:00:00-07:00"
            },
            "datetimeTo": {
                "utc": "2018-09-08T22:00:00Z",
                "local": "2018-09-08T15:00:00-07:00"
            }
        }
    },
    {
        "value": 4.0,
        "flagInfo": {
            "hasFlags": false
        },
        "parameter": {
            "id": 2,
            "name": "pm25",
            "units": "\u00b5g/m\u00b3",
            "displayName": null
        },
        "period": {
            "label": "raw",
            "interval": "01:00:00",
            "datetimeFrom": {
                "utc": "2018-09-08T23:00:00Z",
                "local": "2018-09-08T16:00:00-07:00"
            },
            "datetimeTo": {
                "utc": "2018-09-09T00:00:00Z",
                "local": "2018-09-08T17:00:00-07:00"
            }
        },
        "coordinates": null,
        "summary": null,
        "coverage": {
            "expectedCount": 1,
            "expectedInterval": "01:00:00",
            "observedCount": 1,
            "observedInterval": "01:00:00",
            "percentComplete": 100.0,
            "percentCoverage": 100.0,
            "datetimeFrom": {
                "utc": "2018-09-08T23:00:00Z",
                "local": "2018-09-08T16:00:00-07:00"
            },
            "datetimeTo": {
                "utc": "2018-09-09T00:00:00Z",
                "local": "2018-09-08T17:00:00-07:00"
            }
        }
    },
    {
        "value": -2.0,
        "flagInfo": {
            "hasFlags": false
        },
        "parameter": {
            "id": 2,
            "name": "pm25",
            "units": "\u00b5g/m\u00b3",
            "displayName": null
        },
        "period": {
            "label": "raw",
            "interval": "01:00:00",
            "datetimeFrom": {
                "utc": "2018-09-09T00:00:00Z",
                "local": "2018-09-08T17:00:00-07:00"
            },
            "datetimeTo": {
                "utc": "2018-09-09T01:00:00Z",
                "local": "2018-09-08T18:00:00-07:00"
            }
        },
        "coordinates": null,
        "summary": null,
        "coverage": {
            "expectedCount": 1,
            "expectedInterval": "01:00:00",
            "observedCount": 1,
            "observedInterval": "01:00:00",
            "percentComplete": 100.0,
            "percentCoverage": 100.0,
            "datetimeFrom": {
                "utc": "2018-09-09T00:00:00Z",
                "local": "2018-09-08T17:00:00-07:00"
            },
            "datetimeTo": {
                "utc": "2018-09-09T01:00:00Z",
                "local": "2018-09-08T18:00:00-07:00"
            }
        }
    },
    {
        "value": -1.0,
        "flagInfo": {
            "hasFlags": false
        },
        "parameter": {
            "id": 2,
            "name": "pm25",
            "units": "\u00b5g/m\u00b3",
            "displayName": null
        },
        "period": {
            "label": "raw",
            "interval": "01:00:00",
            "datetimeFrom": {
                "utc": "2018-09-09T01:00:00Z",
                "local": "2018-09-08T18:00:00-07:00"
            },
            "datetimeTo": {
                "utc": "2018-09-09T02:00:00Z",
                "local": "2018-09-08T19:00:00-07:00"
            }
        },
        "coordinates": null,
        "summary": null,
        "coverage": {
            "expectedCount": 1,
            "expectedInterval": "01:00:00",
            "observedCount": 1,
            "observedInterval": "01:00:00",
            "percentComplete": 100.0,
            "percentCoverage": 100.0,
            "datetimeFrom": {
                "utc": "2018-09-09T01:00:00Z",
                "local": "2018-09-08T18:00:00-07:00"
            },
            "datetimeTo": {
                "utc": "2018-09-09T02:00:00Z",
                "local": "2018-09-08T19:00:00-07:00"
            }
        }
    },
    {
        "value": -4.0,
        "flagInfo": {
            "hasFlags": false
        },
        "parameter": {
            "id": 2,
            "name": "pm25",
            "units": "\u00b5g/m\u00b3",
            "displayName": null
        },
        "period": {
            "label": "raw",
            "interval": "01:00:00",
            "datetimeFrom": {
                "utc": "2018-09-09T02:00:00Z",
                "local": "2018-09-08T19:00:00-07:00"
            },
            "datetimeTo": {
                "utc": "2018-09-09T03:00:00Z",
                "local": "2018-09-08T20:00:00-07:00"
            }
        },
        "coordinates": null,
        "summary": null,
        "coverage": {
            "expectedCount": 1,
            "expectedInterval": "01:00:00",
            "observedCount": 1,
            "observedInterval": "01:00:00",
            "percentComplete": 100.0,
            "percentCoverage": 100.0,
            "datetimeFrom": {
                "utc": "2018-09-09T02:00:00Z",
                "local": "2018-09-08T19:00:00-07:00"
            },
            "datetimeTo": {
                "utc": "2018-09-09T03:00:00Z",
                "local": "2018-09-08T20:00:00-07:00"
            }
        }
    },
    {
        "value": 1.0,
        "flagInfo": {
            "hasFlags": false
        },
        "parameter": {
            "id": 2,
            "name": "pm25",
            "units": "\u00b5g/m\u00b3",
            "displayName": null
        },
        "period": {
            "label": "raw",
            "interval": "01:00:00",
            "datetimeFrom": {
                "utc": "2018-09-09T03:00:00Z",
                "local": "2018-09-08T20:00:00-07:00"
            },
            "datetimeTo": {
                "utc": "2018-09-09T04:00:00Z",
                "local": "2018-09-08T21:00:00-07:00"
            }
        },
        "coordinates": null,
        "summary": null,
        "coverage": {
            "expectedCount": 1,
            "expectedInterval": "01:00:00",
            "observedCount": 1,
            "observedInterval": "01:00:00",
            "percentComplete": 100.0,
            "percentCoverage": 100.0,
            "datetimeFrom": {
                "utc": "2018-09-09T03:00:00Z",
                "local": "2018-09-08T20:00:00-07:00"
            },
            "datetimeTo": {
                "utc": "2018-09-09T04:00:00Z",
                "local": "2018-09-08T21:00:00-07:00"
            }
        }
    },
    {
        "value": 4.0,
        "flagInfo": {
            "hasFlags": false
        },
        "parameter": {
            "id": 2,
            "name": "pm25",
            "units": "\u00b5g/m\u00b3",
            "displayName": null
        },
        "period": {
            "label": "raw",
            "interval": "01:00:00",
            "datetimeFrom": {
                "utc": "2018-09-09T04:00:00Z",
                "local": "2018-09-08T21:00:00-07:00"
            },
            "datetimeTo": {
                "utc": "2018-09-09T05:00:00Z",
                "local": "2018-09-08T22:00:00-07:00"
            }
        },
        "coordinates": null,
        "summary": null,
        "coverage": {
            "expectedCount": 1,
            "expectedInterval": "01:00:00",
            "observedCount": 1,
            "observedInterval": "01:00:00",
            "percentComplete": 100.0,
            "percentCoverage": 100.0,
            "datetimeFrom": {
                "utc": "2018-09-09T04:00:00Z",
                "local": "2018-09-08T21:00:00-07:00"
            },
            "datetimeTo": {
                "utc": "2018-09-09T05:00:00Z",
                "local": "2018-09-08T22:00:00-07:00"
            }
        }
    },
    {
        "value": 2.0,
        "flagInfo": {
            "hasFlags": false
        },
        "parameter": {
            "id": 2,
            "name": "pm25",
            "units": "\u00b5g/m\u00b3",
            "displayName": null
        },
        "period": {
            "label": "raw",
            "interval": "01:00:00",
            "datetimeFrom": {
                "utc": "2018-09-09T05:00:00Z",
                "local": "2018-09-08T22:00:00-07:00"
            },
            "datetimeTo": {
                "utc": "2018-09-09T06:00:00Z",
                "local": "2018-09-08T23:00:00-07:00"
            }
        },
        "coordinates": null,
        "summary": null,
        "coverage": {
            "expectedCount": 1,
            "expectedInterval": "01:00:00",
            "observedCount": 1,
            "observedInterval": "01:00:00",
            "percentComplete": 100.0,
            "percentCoverage": 100.0,
            "datetimeFrom": {
                "utc": "2018-09-09T05:00:00Z",
                "local": "2018-09-08T22:00:00-07:00"
            },
            "datetimeTo": {
                "utc": "2018-09-09T06:00:00Z",
                "local": "2018-09-08T23:00:00-07:00"
            }
        }
    },
    {
        "value": 7.0,
        "flagInfo": {
            "hasFlags": false
        },
        "parameter": {
            "id": 2,
            "name": "pm25",
            "units": "\u00b5g/m\u00b3",
            "displayName": null
        },
        "period": {
            "label": "raw",
            "interval": "01:00:00",
            "datetimeFrom": {
                "utc": "2018-09-10T06:00:00Z",
                "local": "2018-09-09T23:00:00-07:00"
            },
            "datetimeTo": {
                "utc": "2018-09-10T07:00:00Z",
                "local": "2018-09-10T00:00:00-07:00"
            }
        },
        "coordinates": null,
        "summary": null,
        "coverage": {
            "expectedCount": 1,
            "expectedInterval": "01:00:00",
            "observedCount": 1,
            "observedInterval": "01:00:00",
            "percentComplete": 100.0,
            "percentCoverage": 100.0,
            "datetimeFrom": {
                "utc": "2018-09-10T06:00:00Z",
                "local": "2018-09-09T23:00:00-07:00"
            },
            "datetimeTo": {
                "utc": "2018-09-10T07:00:00Z",
                "local": "2018-09-10T00:00:00-07:00"
            }
        }
    },
    {
        "value": -1.0,
        "flagInfo": {
            "hasFlags": false
        },
        "parameter": {
            "id": 2,
            "name": "pm25",
            "units": "\u00b5g/m\u00b3",
            "displayName": null
        },
        "period": {
            "label": "raw",
            "interval": "01:00:00",
            "datetimeFrom": {
                "utc": "2018-09-10T08:00:00Z",
                "local": "2018-09-10T01:00:00-07:00"
            },
            "datetimeTo": {
                "utc": "2018-09-10T09:00:00Z",
                "local": "2018-09-10T02:00:00-07:00"
            }
        },
        "coordinates": null,
        "summary": null,
        "coverage": {
            "expectedCount": 1,
            "expectedInterval": "01:00:00",
            "observedCount": 1,
            "observedInterval": "01:00:00",
            "percentComplete": 100.0,
            "percentCoverage": 100.0,
            "datetimeFrom": {
                "utc": "2018-09-10T08:00:00Z",
                "local": "2018-09-10T01:00:00-07:00"
            },
            "datetimeTo": {
                "utc": "2018-09-10T09:00:00Z",
                "local": "2018-09-10T02:00:00-07:00"
            }
        }
    },
    {
        "value": -4.0,
        "flagInfo": {
            "hasFlags": false
        },
        "parameter": {
            "id": 2,
            "name": "pm25",
            "units": "\u00b5g/m\u00b3",
            "displayName": null
        },
        "period": {
            "label": "raw",
            "interval": "01:00:00",
            "datetimeFrom": {
                "utc": "2018-09-10T09:00:00Z",
                "local": "2018-09-10T02:00:00-07:00"
            },
            "datetimeTo": {
                "utc": "2018-09-10T10:00:00Z",
                "local": "2018-09-10T03:00:00-07:00"
            }
        },
        "coordinates": null,
        "summary": null,
        "coverage": {
            "expectedCount": 1,
            "expectedInterval": "01:00:00",
            "observedCount": 1,
            "observedInterval": "01:00:00",
            "percentComplete": 100.0,
            "percentCoverage": 100.0,
            "datetimeFrom": {
                "utc": "2018-09-10T09:00:00Z",
                "local": "2018-09-10T02:00:00-07:00"
            },
            "datetimeTo": {
                "utc": "2018-09-10T10:00:00Z",
                "local": "2018-09-10T03:00:00-07:00"
            }
        }
    },
    {
        "value": 5.0,
        "flagInfo": {
            "hasFlags": false
        },
        "parameter": {
            "id": 2,
            "name": "pm25",
            "units": "\u00b5g/m\u00b3",
            "displayName": null
        },
        "period": {
            "label": "raw",
            "interval": "01:00:00",
            "datetimeFrom": {
                "utc": "2018-09-10T10:00:00Z",
                "local": "2018-09-10T03:00:00-07:00"
            },
            "datetimeTo": {
                "utc": "2018-09-10T11:00:00Z",
                "local": "2018-09-10T04:00:00-07:00"
            }
        },
        "coordinates": null,
        "summary": null,
        "coverage": {
            "expectedCount": 1,
            "expectedInterval": "01:00:00",
            "observedCount": 1,
            "observedInterval": "01:00:00",
            "percentComplete": 100.0,
            "percentCoverage": 100.0,
            "datetimeFrom": {
                "utc": "2018-09-10T10:00:00Z",
                "local": "2018-09-10T03:00:00-07:00"
            },
            "datetimeTo": {
                "utc": "2018-09-10T11:00:00Z",
                "local": "2018-09-10T04:00:00-07:00"
            }
        }
    },
    {
        "value": 9.0,
        "flagInfo": {
            "hasFlags": false
        },
        "parameter": {
            "id": 2,
            "name": "pm25",
            "units": "\u00b5g/m\u00b3",
            "displayName": null
        },
        "period": {
            "label": "raw",
            "interval": "01:00:00",
            "datetimeFrom": {
                "utc": "2018-09-10T11:00:00Z",
                "local": "2018-09-10T04:00:00-07:00"
            },
            "datetimeTo": {
                "utc": "2018-09-10T12:00:00Z",
                "local": "2018-09-10T05:00:00-07:00"
            }
        },
        "coordinates": null,
        "summary": null,
        "coverage": {
            "expectedCount": 1,
            "expectedInterval": "01:00:00",
            "observedCount": 1,
            "observedInterval": "01:00:00",
            "percentComplete": 100.0,
            "percentCoverage": 100.0,
            "datetimeFrom": {
                "utc": "2018-09-10T11:00:00Z",
                "local": "2018-09-10T04:00:00-07:00"
            },
            "datetimeTo": {
                "utc": "2018-09-10T12:00:00Z",
                "local": "2018-09-10T05:00:00-07:00"
            }
        }
    },
    {
        "value": -3.0,
        "flagInfo": {
            "hasFlags": false
        },
        "parameter": {
            "id": 2,
            "name": "pm25",
            "units": "\u00b5g/m\u00b3",
            "displayName": null
        },
        "period": {
            "label": "raw",
            "interval": "01:00:00",
            "datetimeFrom": {
                "utc": "2018-09-10T12:00:00Z",
                "local": "2018-09-10T05:00:00-07:00"
            },
            "datetimeTo": {
                "utc": "2018-09-10T13:00:00Z",
                "local": "2018-09-10T06:00:00-07:00"
            }
        },
        "coordinates": null,
        "summary": null,
        "coverage": {
            "expectedCount": 1,
            "expectedInterval": "01:00:00",
            "observedCount": 1,
            "observedInterval": "01:00:00",
            "percentComplete": 100.0,
            "percentCoverage": 100.0,
            "datetimeFrom": {
                "utc": "2018-09-10T12:00:00Z",
                "local": "2018-09-10T05:00:00-07:00"
            },
            "datetimeTo": {
                "utc": "2018-09-10T13:00:00Z",
                "local": "2018-09-10T06:00:00-07:00"
            }
        }
    },
    {
        "value": -1.0,
        "flagInfo": {
            "hasFlags": false
        },
        "parameter": {
            "id": 2,
            "name": "pm25",
            "units": "\u00b5g/m\u00b3",
            "displayName": null
        },
        "period": {
            "label": "raw",
            "interval": "01:00:00",
            "datetimeFrom": {
                "utc": "2018-09-10T13:00:00Z",
                "local": "2018-09-10T06:00:00-07:00"
            },
            "datetimeTo": {
                "utc": "2018-09-10T14:00:00Z",
                "local": "2018-09-10T07:00:00-07:00"
            }
        },
        "coordinates": null,
        "summary": null,
        "coverage": {
            "expectedCount": 1,
            "expectedInterval": "01:00:00",
            "observedCount": 1,
            "observedInterval": "01:00:00",
            "percentComplete": 100.0,
            "percentCoverage": 100.0,
            "datetimeFrom": {
                "utc": "2018-09-10T13:00:00Z",
                "local": "2018-09-10T06:00:00-07:00"
            },
            "datetimeTo": {
                "utc": "2018-09-10T14:00:00Z",
                "local": "2018-09-10T07:00:00-07:00"
            }
        }
    },
    {
        "value": 0.0,
        "flagInfo": {
            "hasFlags": false
        },
        "parameter": {
            "id": 2,
            "name": "pm25",
            "units": "\u00b5g/m\u00b3",
            "displayName": null
        },
        "period": {
            "label": "raw",
            "interval": "01:00:00",
            "datetimeFrom": {
                "utc": "2018-09-10T14:00:00Z",
                "local": "2018-09-10T07:00:00-07:00"
            },
            "datetimeTo": {
                "utc": "2018-09-10T15:00:00Z",
                "local": "2018-09-10T08:00:00-07:00"
            }
        },
        "coordinates": null,
        "summary": null,
        "coverage": {
            "expectedCount": 1,
            "expectedInterval": "01:00:00",
            "observedCount": 1,
            "observedInterval": "01:00:00",
            "percentComplete": 100.0,
            "percentCoverage": 100.0,
            "datetimeFrom": {
                "utc": "2018-09-10T14:00:00Z",
                "local": "2018-09-10T07:00:00-07:00"
            },
            "datetimeTo": {
                "utc": "2018-09-10T15:00:00Z",
                "local": "2018-09-10T08:00:00-07:00"
            }
        }
    },
    {
        "value": 1.0,
        "flagInfo": {
            "hasFlags": false
        },
        "parameter": {
            "id": 2,
            "name": "pm25",
            "units": "\u00b5g/m\u00b3",
            "displayName": null
        },
        "period": {
            "label": "raw",
            "interval": "01:00:00",
            "datetimeFrom": {
                "utc": "2018-09-10T15:00:00Z",
                "local": "2018-09-10T08:00:00-07:00"
            },
            "datetimeTo": {
                "utc": "2018-09-10T16:00:00Z",
                "local": "2018-09-10T09:00:00-07:00"
            }
        },
        "coordinates": null,
        "summary": null,
        "coverage": {
            "expectedCount": 1,
            "expectedInterval": "01:00:00",
            "observedCount": 1,
            "observedInterval": "01:00:00",
            "percentComplete": 100.0,
            "percentCoverage": 100.0,
            "datetimeFrom": {
                "utc": "2018-09-10T15:00:00Z",
                "local": "2018-09-10T08:00:00-07:00"
            },
            "datetimeTo": {
                "utc": "2018-09-10T16:00:00Z",
                "local": "2018-09-10T09:00:00-07:00"
            }
        }
    },
    {
        "value": 3.0,
        "flagInfo": {
            "hasFlags": false
        },
        "parameter": {
            "id": 2,
            "name": "pm25",
            "units": "\u00b5g/m\u00b3",
            "displayName": null
        },
        "period": {
            "label": "raw",
            "interval": "01:00:00",
            "datetimeFrom": {
                "utc": "2018-09-10T16:00:00Z",
                "local": "2018-09-10T09:00:00-07:00"
            },
            "datetimeTo": {
                "utc": "2018-09-10T17:00:00Z",
                "local": "2018-09-10T10:00:00-07:00"
            }
        },
        "coordinates": null,
        "summary": null,
        "coverage": {
            "expectedCount": 1,
            "expectedInterval": "01:00:00",
            "observedCount": 1,
            "observedInterval": "01:00:00",
            "percentComplete": 100.0,
            "percentCoverage": 100.0,
            "datetimeFrom": {
                "utc": "2018-09-10T16:00:00Z",
                "local": "2018-09-10T09:00:00-07:00"
            },
            "datetimeTo": {
                "utc": "2018-09-10T17:00:00Z",
                "local": "2018-09-10T10:00:00-07:00"
            }
        }
    },
    {
        "value": 5.0,
        "flagInfo": {
            "hasFlags": false
        },
        "parameter": {
            "id": 2,
            "name": "pm25",
            "units": "\u00b5g/m\u00b3",
            "displayName": null
        },
        "period": {
            "label": "raw",
            "interval": "01:00:00",
            "datetimeFrom": {
                "utc": "2018-09-10T17:00:00Z",
                "local": "2018-09-10T10:00:00-07:00"
            },
            "datetimeTo": {
                "utc": "2018-09-10T18:00:00Z",
                "local": "2018-09-10T11:00:00-07:00"
            }
        },
        "coordinates": null,
        "summary": null,
        "coverage": {
            "expectedCount": 1,
            "expectedInterval": "01:00:00",
            "observedCount": 1,
            "observedInterval": "01:00:00",
            "percentComplete": 100.0,
            "percentCoverage": 100.0,
            "datetimeFrom": {
                "utc": "2018-09-10T17:00:00Z",
                "local": "2018-09-10T10:00:00-07:00"
            },
            "datetimeTo": {
                "utc": "2018-09-10T18:00:00Z",
                "local": "2018-09-10T11:00:00-07:00"
            }
        }
    },
    {
        "value": 3.0,
        "flagInfo": {
            "hasFlags": false
        },
        "parameter": {
            "id": 2,
            "name": "pm25",
            "units": "\u00b5g/m\u00b3",
            "displayName": null
        },
        "period": {
            "label": "raw",
            "interval": "01:00:00",
            "datetimeFrom": {
                "utc": "2019-12-11T11:00:00Z",
                "local": "2019-12-11T03:00:00-08:00"
            },
            "datetimeTo": {
                "utc": "2019-12-11T12:00:00Z",
                "local": "2019-12-11T04:00:00-08:00"
            }
        },
        "coordinates": null,
        "summary": null,
        "coverage": {
            "expectedCount": 1,
            "expectedInterval": "01:00:00",
            "observedCount": 1,
            "observedInterval": "01:00:00",
            "percentComplete": 100.0,
            "percentCoverage": 100.0,
            "datetimeFrom": {
                "utc": "2019-12-11T11:00:00Z",
                "local": "2019-12-11T03:00:00-08:00"
            },
            "datetimeTo": {
                "utc": "2019-12-11T12:00:00Z",
                "local": "2019-12-11T04:00:00-08:00"
            }
        }
    },
    {
        "value": -4.0,
        "flagInfo": {
            "hasFlags": false
        },
        "parameter": {
            "id": 2,
            "name": "pm25",
            "units": "\u00b5g/m\u00b3",
            "displayName": null
        },
        "period": {
            "label": "raw",
            "interval": "01:00:00",
            "datetimeFrom": {
                "utc": "2019-12-11T13:00:00Z",
                "local": "2019-12-11T05:00:00-08:00"
            },
            "datetimeTo": {
                "utc": "2019-12-11T14:00:00Z",
                "local": "2019-12-11T06:00:00-08:00"
            }
        },
        "coordinates": null,
        "summary": null,
        "coverage": {
            "expectedCount": 1,
            "expectedInterval": "01:00:00",
            "observedCount": 1,
            "observedInterval": "01:00:00",
            "percentComplete": 100.0,
            "percentCoverage": 100.0,
            "datetimeFrom": {
                "utc": "2019-12-11T13:00:00Z",
                "local": "2019-12-11T05:00:00-08:00"
            },
            "datetimeTo": {
                "utc": "2019-12-11T14:00:00Z",
                "local": "2019-12-11T06:00:00-08:00"
            }
        }
    },
    {
        "value": 1.0,
        "flagInfo": {
            "hasFlags": false
        },
        "parameter": {
            "id": 2,
            "name": "pm25",
            "units": "\u00b5g/m\u00b3",
            "displayName": null
        },
        "period": {
            "label": "raw",
            "interval": "01:00:00",
            "datetimeFrom": {
                "utc": "2019-12-11T14:00:00Z",
                "local": "2019-12-11T06:00:00-08:00"
            },
            "datetimeTo": {
                "utc": "2019-12-11T15:00:00Z",
                "local": "2019-12-11T07:00:00-08:00"
            }
        },
        "coordinates": null,
        "summary": null,
        "coverage": {
            "expectedCount": 1,
            "expectedInterval": "01:00:00",
            "observedCount": 1,
            "observedInterval": "01:00:00",
            "percentComplete": 100.0,
            "percentCoverage": 100.0,
            "datetimeFrom": {
                "utc": "2019-12-11T14:00:00Z",
                "local": "2019-12-11T06:00:00-08:00"
            },
            "datetimeTo": {
                "utc": "2019-12-11T15:00:00Z",
                "local": "2019-12-11T07:00:00-08:00"
            }
        }
    },
    {
        "value": 4.0,
        "flagInfo": {
            "hasFlags": false
        },
        "parameter": {
            "id": 2,
            "name": "pm25",
            "units": "\u00b5g/m\u00b3",
            "displayName": null
        },
        "period": {
            "label": "raw",
            "interval": "01:00:00",
            "datetimeFrom": {
                "utc": "2019-12-12T07:00:00Z",
                "local": "2019-12-11T23:00:00-08:00"
            },
            "datetimeTo": {
                "utc": "2019-12-12T08:00:00Z",
                "local": "2019-12-12T00:00:00-08:00"
            }
        },
        "coordinates": null,
        "summary": null,
        "coverage": {
            "expectedCount": 1,
            "expectedInterval": "01:00:00",
            "observedCount": 1,
            "observedInterval": "01:00:00",
            "percentComplete": 100.0,
            "percentCoverage": 100.0,
            "datetimeFrom": {
                "utc": "2019-12-12T07:00:00Z",
                "local": "2019-12-11T23:00:00-08:00"
            },
            "datetimeTo": {
                "utc": "2019-12-12T08:00:00Z",
                "local": "2019-12-12T00:00:00-08:00"
            }
        }
    },
    {
        "value": 4.0,
        "flagInfo": {
            "hasFlags": false
        },
        "parameter": {
            "id": 2,
            "name": "pm25",
            "units": "\u00b5g/m\u00b3",
            "displayName": null
        },
        "period": {
            "label": "raw",
            "interval": "01:00:00",
            "datetimeFrom": {
                "utc": "2019-12-12T08:00:00Z",
                "local": "2019-12-12T00:00:00-08:00"
            },
            "datetimeTo": {
                "utc": "2019-12-12T09:00:00Z",
                "local": "2019-12-12T01:00:00-08:00"
            }
        },
        "coordinates": null,
        "summary": null,
        "coverage": {
            "expectedCount": 1,
            "expectedInterval": "01:00:00",
            "observedCount": 1,
            "observedInterval": "01:00:00",
            "percentComplete": 100.0,
            "percentCoverage": 100.0,
            "datetimeFrom": {
                "utc": "2019-12-12T08:00:00Z",
                "local": "2019-12-12T00:00:00-08:00"
            },
            "datetimeTo": {
                "utc": "2019-12-12T09:00:00Z",
                "local": "2019-12-12T01:00:00-08:00"
            }
        }
    },
    {
        "value": -3.0,
        "flagInfo": {
            "hasFlags": false
        },
        "parameter": {
            "id": 2,
            "name": "pm25",
            "units": "\u00b5g/m\u00b3",
            "displayName": null
        },
        "period": {
            "label": "raw",
            "interval": "01:00:00",
            "datetimeFrom": {
                "utc": "2019-12-12T13:00:00Z",
                "local": "2019-12-12T05:00:00-08:00"
            },
            "datetimeTo": {
                "utc": "2019-12-12T14:00:00Z",
                "local": "2019-12-12T06:00:00-08:00"
            }
        },
        "coordinates": null,
        "summary": null,
        "coverage": {
            "expectedCount": 1,
            "expectedInterval": "01:00:00",
            "observedCount": 1,
            "observedInterval": "01:00:00",
            "percentComplete": 100.0,
            "percentCoverage": 100.0,
            "datetimeFrom": {
                "utc": "2019-12-12T13:00:00Z",
                "local": "2019-12-12T05:00:00-08:00"
            },
            "datetimeTo": {
                "utc": "2019-12-12T14:00:00Z",
                "local": "2019-12-12T06:00:00-08:00"
            }
        }
    },
    {
        "value": -2.0,
        "flagInfo": {
            "hasFlags": false
        },
        "parameter": {
            "id": 2,
            "name": "pm25",
            "units": "\u00b5g/m\u00b3",
            "displayName": null
        },
        "period": {
            "label": "raw",
            "interval": "01:00:00",
            "datetimeFrom": {
                "utc": "2019-12-12T14:00:00Z",
                "local": "2019-12-12T06:00:00-08:00"
            },
            "datetimeTo": {
                "utc": "2019-12-12T15:00:00Z",
                "local": "2019-12-12T07:00:00-08:00"
            }
        },
        "coordinates": null,
        "summary": null,
        "coverage": {
            "expectedCount": 1,
            "expectedInterval": "01:00:00",
            "observedCount": 1,
            "observedInterval": "01:00:00",
            "percentComplete": 100.0,
            "percentCoverage": 100.0,
            "datetimeFrom": {
                "utc": "2019-12-12T14:00:00Z",
                "local": "2019-12-12T06:00:00-08:00"
            },
            "datetimeTo": {
                "utc": "2019-12-12T15:00:00Z",
                "local": "2019-12-12T07:00:00-08:00"
            }
        }
    },
    {
        "value": -4.0,
        "flagInfo": {
            "hasFlags": false
        },
        "parameter": {
            "id": 2,
            "name": "pm25",
            "units": "\u00b5g/m\u00b3",
            "displayName": null
        },
        "period": {
            "label": "raw",
            "interval": "01:00:00",
            "datetimeFrom": {
                "utc": "2020-01-03T10:00:00Z",
                "local": "2020-01-03T02:00:00-08:00"
            },
            "datetimeTo": {
                "utc": "2020-01-03T11:00:00Z",
                "local": "2020-01-03T03:00:00-08:00"
            }
        },
        "coordinates": null,
        "summary": null,
        "coverage": {
            "expectedCount": 1,
            "expectedInterval": "01:00:00",
            "observedCount": 1,
            "observedInterval": "01:00:00",
            "percentComplete": 100.0,
            "percentCoverage": 100.0,
            "datetimeFrom": {
                "utc": "2020-01-03T10:00:00Z",
                "local": "2020-01-03T02:00:00-08:00"
            },
            "datetimeTo": {
                "utc": "2020-01-03T11:00:00Z",
                "local": "2020-01-03T03:00:00-08:00"
            }
        }
    },
    {
        "value": -4.0,
        "flagInfo": {
            "hasFlags": false
        },
        "parameter": {
            "id": 2,
            "name": "pm25",
            "units": "\u00b5g/m\u00b3",
            "displayName": null
        },
        "period": {
            "label": "raw",
            "interval": "01:00:00",
            "datetimeFrom": {
                "utc": "2020-01-03T12:00:00Z",
                "local": "2020-01-03T04:00:00-08:00"
            },
            "datetimeTo": {
                "utc": "2020-01-03T13:00:00Z",
                "local": "2020-01-03T05:00:00-08:00"
            }
        },
        "coordinates": null,
        "summary": null,
        "coverage": {
            "expectedCount": 1,
            "expectedInterval": "01:00:00",
            "observedCount": 1,
            "observedInterval": "01:00:00",
            "percentComplete": 100.0,
            "percentCoverage": 100.0,
            "datetimeFrom": {
                "utc": "2020-01-03T12:00:00Z",
                "local": "2020-01-03T04:00:00-08:00"
            },
            "datetimeTo": {
                "utc": "2020-01-03T13:00:00Z",
                "local": "2020-01-03T05:00:00-08:00"
            }
        }
    },
    {
        "value": -4.0,
        "flagInfo": {
            "hasFlags": false
        },
        "parameter": {
            "id": 2,
            "name": "pm25",
            "units": "\u00b5g/m\u00b3",
            "displayName": null
        },
        "period": {
            "label": "raw",
            "interval": "01:00:00",
            "datetimeFrom": {
                "utc": "2020-01-03T13:00:00Z",
                "local": "2020-01-03T05:00:00-08:00"
            },
            "datetimeTo": {
                "utc": "2020-01-03T14:00:00Z",
                "local": "2020-01-03T06:00:00-08:00"
            }
        },
        "coordinates": null,
        "summary": null,
        "coverage": {
            "expectedCount": 1,
            "expectedInterval": "01:00:00",
            "observedCount": 1,
            "observedInterval": "01:00:00",
            "percentComplete": 100.0,
            "percentCoverage": 100.0,
            "datetimeFrom": {
                "utc": "2020-01-03T13:00:00Z",
                "local": "2020-01-03T05:00:00-08:00"
            },
            "datetimeTo": {
                "utc": "2020-01-03T14:00:00Z",
                "local": "2020-01-03T06:00:00-08:00"
            }
        }
    },
    {
        "value": -4.0,
        "flagInfo": {
            "hasFlags": false
        },
        "parameter": {
            "id": 2,
            "name": "pm25",
            "units": "\u00b5g/m\u00b3",
            "displayName": null
        },
        "period": {
            "label": "raw",
            "interval": "01:00:00",
            "datetimeFrom": {
                "utc": "2020-01-05T01:00:00Z",
                "local": "2020-01-04T17:00:00-08:00"
            },
            "datetimeTo": {
                "utc": "2020-01-05T02:00:00Z",
                "local": "2020-01-04T18:00:00-08:00"
            }
        },
        "coordinates": null,
        "summary": null,
        "coverage": {
            "expectedCount": 1,
            "expectedInterval": "01:00:00",
            "observedCount": 1,
            "observedInterval": "01:00:00",
            "percentComplete": 100.0,
            "percentCoverage": 100.0,
            "datetimeFrom": {
                "utc": "2020-01-05T01:00:00Z",
                "local": "2020-01-04T17:00:00-08:00"
            },
            "datetimeTo": {
                "utc": "2020-01-05T02:00:00Z",
                "local": "2020-01-04T18:00:00-08:00"
            }
        }
    },
    {
        "value": -4.0,
        "flagInfo": {
            "hasFlags": false
        },
        "parameter": {
            "id": 2,
            "name": "pm25",
            "units": "\u00b5g/m\u00b3",
            "displayName": null
        },
        "period": {
            "label": "raw",
            "interval": "01:00:00",
            "datetimeFrom": {
                "utc": "2020-01-05T04:00:00Z",
                "local": "2020-01-04T20:00:00-08:00"
            },
            "datetimeTo": {
                "utc": "2020-01-05T05:00:00Z",
                "local": "2020-01-04T21:00:00-08:00"
            }
        },
        "coordinates": null,
        "summary": null,
        "coverage": {
            "expectedCount": 1,
            "expectedInterval": "01:00:00",
            "observedCount": 1,
            "observedInterval": "01:00:00",
            "percentComplete": 100.0,
            "percentCoverage": 100.0,
            "datetimeFrom": {
                "utc": "2020-01-05T04:00:00Z",
                "local": "2020-01-04T20:00:00-08:00"
            },
            "datetimeTo": {
                "utc": "2020-01-05T05:00:00Z",
                "local": "2020-01-04T21:00:00-08:00"
            }
        }
    },
    {
        "value": -4.0,
        "flagInfo": {
            "hasFlags": false
        },
        "parameter": {
            "id": 2,
            "name": "pm25",
            "units": "\u00b5g/m\u00b3",
            "displayName": null
        },
        "period": {
            "label": "raw",
            "interval": "01:00:00",
            "datetimeFrom": {
                "utc": "2020-01-09T14:00:00Z",
                "local": "2020-01-09T06:00:00-08:00"
            },
            "datetimeTo": {
                "utc": "2020-01-09T15:00:00Z",
                "local": "2020-01-09T07:00:00-08:00"
            }
        },
        "coordinates": null,
        "summary": null,
        "coverage": {
            "expectedCount": 1,
            "expectedInterval": "01:00:00",
            "observedCount": 1,
            "observedInterval": "01:00:00",
            "percentComplete": 100.0,
            "percentCoverage": 100.0,
            "datetimeFrom": {
                "utc": "2020-01-09T14:00:00Z",
                "local": "2020-01-09T06:00:00-08:00"
            },
            "datetimeTo": {
                "utc": "2020-01-09T15:00:00Z",
                "local": "2020-01-09T07:00:00-08:00"
            }
        }
    },
    {
        "value": -4.0,
        "flagInfo": {
            "hasFlags": false
        },
        "parameter": {
            "id": 2,
            "name": "pm25",
            "units": "\u00b5g/m\u00b3",
            "displayName": null
        },
        "period": {
            "label": "raw",
            "interval": "01:00:00",
            "datetimeFrom": {
                "utc": "2020-01-09T15:00:00Z",
                "local": "2020-01-09T07:00:00-08:00"
            },
            "datetimeTo": {
                "utc": "2020-01-09T16:00:00Z",
                "local": "2020-01-09T08:00:00-08:00"
            }
        },
        "coordinates": null,
        "summary": null,
        "coverage": {
            "expectedCount": 1,
            "expectedInterval": "01:00:00",
            "observedCount": 1,
            "observedInterval": "01:00:00",
            "percentComplete": 100.0,
            "percentCoverage": 100.0,
            "datetimeFrom": {
                "utc": "2020-01-09T15:00:00Z",
                "local": "2020-01-09T07:00:00-08:00"
            },
            "datetimeTo": {
                "utc": "2020-01-09T16:00:00Z",
                "local": "2020-01-09T08:00:00-08:00"
            }
        }
    },
    {
        "value": -4.0,
        "flagInfo": {
            "hasFlags": false
        },
        "parameter": {
            "id": 2,
            "name": "pm25",
            "units": "\u00b5g/m\u00b3",
            "displayName": null
        },
        "period": {
            "label": "raw",
            "interval": "01:00:00",
            "datetimeFrom": {
                "utc": "2020-01-10T13:00:00Z",
                "local": "2020-01-10T05:00:00-08:00"
            },
            "datetimeTo": {
                "utc": "2020-01-10T14:00:00Z",
                "local": "2020-01-10T06:00:00-08:00"
            }
        },
        "coordinates": null,
        "summary": null,
        "coverage": {
            "expectedCount": 1,
            "expectedInterval": "01:00:00",
            "observedCount": 1,
            "observedInterval": "01:00:00",
            "percentComplete": 100.0,
            "percentCoverage": 100.0,
            "datetimeFrom": {
                "utc": "2020-01-10T13:00:00Z",
                "local": "2020-01-10T05:00:00-08:00"
            },
            "datetimeTo": {
                "utc": "2020-01-10T14:00:00Z",
                "local": "2020-01-10T06:00:00-08:00"
            }
        }
    },
    {
        "value": -4.0,
        "flagInfo": {
            "hasFlags": false
        },
        "parameter": {
            "id": 2,
            "name": "pm25",
            "units": "\u00b5g/m\u00b3",
            "displayName": null
        },
        "period": {
            "label": "raw",
            "interval": "01:00:00",
            "datetimeFrom": {
                "utc": "2020-01-10T14:00:00Z",
                "local": "2020-01-10T06:00:00-08:00"
            },
            "datetimeTo": {
                "utc": "2020-01-10T15:00:00Z",
                "local": "2020-01-10T07:00:00-08:00"
            }
        },
        "coordinates": null,
        "summary": null,
        "coverage": {
            "expectedCount": 1,
            "expectedInterval": "01:00:00",
            "observedCount": 1,
            "observedInterval": "01:00:00",
            "percentComplete": 100.0,
            "percentCoverage": 100.0,
            "datetimeFrom": {
                "utc": "2020-01-10T14:00:00Z",
                "local": "2020-01-10T06:00:00-08:00"
            },
            "datetimeTo": {
                "utc": "2020-01-10T15:00:00Z",
                "local": "2020-01-10T07:00:00-08:00"
            }
        }
    },
    {
        "value": -4.0,
        "flagInfo": {
            "hasFlags": false
        },
        "parameter": {
            "id": 2,
            "name": "pm25",
            "units": "\u00b5g/m\u00b3",
            "displayName": null
        },
        "period": {
            "label": "raw",
            "interval": "01:00:00",
            "datetimeFrom": {
                "utc": "2020-01-10T19:00:00Z",
                "local": "2020-01-10T11:00:00-08:00"
            },
            "datetimeTo": {
                "utc": "2020-01-10T20:00:00Z",
                "local": "2020-01-10T12:00:00-08:00"
            }
        },
        "coordinates": null,
        "summary": null,
        "coverage": {
            "expectedCount": 1,
            "expectedInterval": "01:00:00",
            "observedCount": 1,
            "observedInterval": "01:00:00",
            "percentComplete": 100.0,
            "percentCoverage": 100.0,
            "datetimeFrom": {
                "utc": "2020-01-10T19:00:00Z",
                "local": "2020-01-10T11:00:00-08:00"
            },
            "datetimeTo": {
                "utc": "2020-01-10T20:00:00Z",
                "local": "2020-01-10T12:00:00-08:00"
            }
        }
    },
    {
        "value": -4.0,
        "flagInfo": {
            "hasFlags": false
        },
        "parameter": {
            "id": 2,
            "name": "pm25",
            "units": "\u00b5g/m\u00b3",
            "displayName": null
        },
        "period": {
            "label": "raw",
            "interval": "01:00:00",
            "datetimeFrom": {
                "utc": "2020-01-10T20:00:00Z",
                "local": "2020-01-10T12:00:00-08:00"
            },
            "datetimeTo": {
                "utc": "2020-01-10T21:00:00Z",
                "local": "2020-01-10T13:00:00-08:00"
            }
        },
        "coordinates": null,
        "summary": null,
        "coverage": {
            "expectedCount": 1,
            "expectedInterval": "01:00:00",
            "observedCount": 1,
            "observedInterval": "01:00:00",
            "percentComplete": 100.0,
            "percentCoverage": 100.0,
            "datetimeFrom": {
                "utc": "2020-01-10T20:00:00Z",
                "local": "2020-01-10T12:00:00-08:00"
            },
            "datetimeTo": {
                "utc": "2020-01-10T21:00:00Z",
                "local": "2020-01-10T13:00:00-08:00"
            }
        }
    },
    {
        "value": -4.0,
        "flagInfo": {
            "hasFlags": false
        },
        "parameter": {
            "id": 2,
            "name": "pm25",
            "units": "\u00b5g/m\u00b3",
            "displayName": null
        },
        "period": {
            "label": "raw",
            "interval": "01:00:00",
            "datetimeFrom": {
                "utc": "2020-01-12T02:00:00Z",
                "local": "2020-01-11T18:00:00-08:00"
            },
            "datetimeTo": {
                "utc": "2020-01-12T03:00:00Z",
                "local": "2020-01-11T19:00:00-08:00"
            }
        },
        "coordinates": null,
        "summary": null,
        "coverage": {
            "expectedCount": 1,
            "expectedInterval": "01:00:00",
            "observedCount": 1,
            "observedInterval": "01:00:00",
            "percentComplete": 100.0,
            "percentCoverage": 100.0,
            "datetimeFrom": {
                "utc": "2020-01-12T02:00:00Z",
                "local": "2020-01-11T18:00:00-08:00"
            },
            "datetimeTo": {
                "utc": "2020-01-12T03:00:00Z",
                "local": "2020-01-11T19:00:00-08:00"
            }
        }
    },
    {
        "value": -4.0,
        "flagInfo": {
            "hasFlags": false
        },
        "parameter": {
            "id": 2,
            "name": "pm25",
            "units": "\u00b5g/m\u00b3",
            "displayName": null
        },
        "period": {
            "label": "raw",
            "interval": "01:00:00",
            "datetimeFrom": {
                "utc": "2020-01-13T07:00:00Z",
                "local": "2020-01-12T23:00:00-08:00"
            },
            "datetimeTo": {
                "utc": "2020-01-13T08:00:00Z",
                "local": "2020-01-13T00:00:00-08:00"
            }
        },
        "coordinates": null,
        "summary": null,
        "coverage": {
            "expectedCount": 1,
            "expectedInterval": "01:00:00",
            "observedCount": 1,
            "observedInterval": "01:00:00",
            "percentComplete": 100.0,
            "percentCoverage": 100.0,
            "datetimeFrom": {
                "utc": "2020-01-13T07:00:00Z",
                "local": "2020-01-12T23:00:00-08:00"
            },
            "datetimeTo": {
                "utc": "2020-01-13T08:00:00Z",
                "local": "2020-01-13T00:00:00-08:00"
            }
        }
    },
    {
        "value": -4.0,
        "flagInfo": {
            "hasFlags": false
        },
        "parameter": {
            "id": 2,
            "name": "pm25",
            "units": "\u00b5g/m\u00b3",
            "displayName": null
        },
        "period": {
            "label": "raw",
            "interval": "01:00:00",
            "datetimeFrom": {
                "utc": "2020-01-13T14:00:00Z",
                "local": "2020-01-13T06:00:00-08:00"
            },
            "datetimeTo": {
                "utc": "2020-01-13T15:00:00Z",
                "local": "2020-01-13T07:00:00-08:00"
            }
        },
        "coordinates": null,
        "summary": null,
        "coverage": {
            "expectedCount": 1,
            "expectedInterval": "01:00:00",
            "observedCount": 1,
            "observedInterval": "01:00:00",
            "percentComplete": 100.0,
            "percentCoverage": 100.0,
            "datetimeFrom": {
                "utc": "2020-01-13T14:00:00Z",
                "local": "2020-01-13T06:00:00-08:00"
            },
            "datetimeTo": {
                "utc": "2020-01-13T15:00:00Z",
                "local": "2020-01-13T07:00:00-08:00"
            }
        }
    },
    {
        "value": -4.0,
        "flagInfo": {
            "hasFlags": false
        },
        "parameter": {
            "id": 2,
            "name": "pm25",
            "units": "\u00b5g/m\u00b3",
            "displayName": null
        },
        "period": {
            "label": "raw",
            "interval": "01:00:00",
            "datetimeFrom": {
                "utc": "2020-01-13T16:00:00Z",
                "local": "2020-01-13T08:00:00-08:00"
            },
            "datetimeTo": {
                "utc": "2020-01-13T17:00:00Z",
                "local": "2020-01-13T09:00:00-08:00"
            }
        },
        "coordinates": null,
        "summary": null,
        "coverage": {
            "expectedCount": 1,
            "expectedInterval": "01:00:00",
            "observedCount": 1,
            "observedInterval": "01:00:00",
            "percentComplete": 100.0,
            "percentCoverage": 100.0,
            "datetimeFrom": {
                "utc": "2020-01-13T16:00:00Z",
                "local": "2020-01-13T08:00:00-08:00"
            },
            "datetimeTo": {
                "utc": "2020-01-13T17:00:00Z",
                "local": "2020-01-13T09:00:00-08:00"
            }
        }
    }
]