[
    {
        "value": 94.0,
        "flagInfo": {
            "hasFlags": false
        },
        "parameter": {
            "id": 2,
            "name": "pm25",
            "units": "\u00b5g/m\u00b3",
            "displayName": null
        },
        "period": {
            "label": "raw",
            "interval": "01:00:00",
            "datetimeFrom": {
                "utc": "2018-07-30T19:00:00Z",
                "local": "2018-07-30T12:00:00-07:00"
            },
            "datetimeTo": {
                "utc": "2018-07-30T20:00:00Z",
                "local": "2018-07-30T13:00:00-07:00"
            }
        },
        "coordinates": null,
        "summary": null,
        "coverage": {
            "expectedCount": 1,
            "expectedInterval": "01:00:00",
            "observedCount": 1,
            "observedInterval": "01:00:00",
            "percentComplete": 100.0,
            "percentCoverage": 100.0,
            "datetimeFrom": {
                "utc": "2018-07-30T19:00:00Z",
                "local": "2018-07-30T12:00:00-07:00"
            },
            "datetimeTo": {
                "utc": "2018-07-30T20:00:00Z",
                "local": "2018-07-30T13:00:00-07:00"
            }
        }
    },
    {
        "value": 114.0,
        "flagInfo": {
            "hasFlags": false
        },
        "parameter": {
            "id": 2,
            "name": "pm25",
            "units": "\u00b5g/m\u00b3",
            "displayName": null
        },
        "period": {
            "label": "raw",
            "interval": "01:00:00",
            "datetimeFrom": {
                "utc": "2018-07-30T20:00:00Z",
                "local": "2018-07-30T13:00:00-07:00"
            },
            "datetimeTo": {
                "utc": "2018-07-30T21:00:00Z",
                "local": "2018-07-30T14:00:00-07:00"
            }
        },
        "coordinates": null,
        "summary": null,
        "coverage": {
            "expectedCount": 1,
            "expectedInterval": "01:00:00",
            "observedCount": 1,
            "observedInterval": "01:00:00",
            "percentComplete": 100.0,
            "percentCoverage": 100.0,
            "datetimeFrom": {
                "utc": "2018-07-30T20:00:00Z",
                "local": "2018-07-30T13:00:00-07:00"
            },
            "datetimeTo": {
                "utc": "2018-07-30T21:00:00Z",
                "local": "2018-07-30T14:00:00-07:00"
            }
        }
    },
    {
        "value": 45.0,
        "flagInfo": {
            "hasFlags": false
        },
        "parameter": {
            "id": 2,
            "name": "pm25",
            "units": "\u00b5g/m\u00b3",
            "displayName": null
        },
        "period": {
            "label": "raw",
            "interval": "01:00:00",
            "datetimeFrom": {
                "utc": "2018-07-30T21:00:00Z",
                "local": "2018-07-30T14:00:00-07:00"
            },
            "datetimeTo": {
                "utc": "2018-07-30T22:00:00Z",
                "local": "2018-07-30T15:00:00-07:00"
            }
        },
        "coordinates": null,
        "summary": null,
        "coverage": {
            "expectedCount": 1,
            "expectedInterval": "01:00:00",
            "observedCount": 1,
            "observedInterval": "01:00:00",
            "percentComplete": 100.0,
            "percentCoverage": 100.0,
            "datetimeFrom": {
                "utc": "2018-07-30T21:00:00Z",
                "local": "2018-07-30T14:00:00-07:00"
            },
            "datetimeTo": {
                "utc": "2018-07-30T22:00:00Z",
                "local": "2018-07-30T15:00:00-07:00"
            }
        }
    },
    {
        "value": 53.0,
        "flagInfo": {
            "hasFlags": false
        },
        "parameter": {
            "id": 2,
            "name": "pm25",
            "units": "\u00b5g/m\u00b3",
            "displayName": null
        },
        "period": {
            "label": "raw",
            "interval": "01:00:00",
            "datetimeFrom": {
                "utc": "2018-07-30T22:00:00Z",
                "local": "2018-07-30T15:00:00-07:00"
            },
            "datetimeTo": {
                "utc": "2018-07-30T23:00:00Z",
                "local": "2018-07-30T16:00:00-07:00"
            }
        },
        "coordinates": null,
        "summary": null,
        "coverage": {
            "expectedCount": 1,
            "expectedInterval": "01:00:00",
            "observedCount": 1,
            "observedInterval": "01:00:00",
            "percentComplete": 100.0,
            "percentCoverage": 100.0,
            "datetimeFrom": {
                "utc": "2018-07-30T22:00:00Z",
                "local": "2018-07-30T15:00:00-07:00"
            },
            "datetimeTo": {
                "utc": "2018-07-30T23:00:00Z",
                "local": "2018-07-30T16:00:00-07:00"
            }
        }
    },
    {
        "value": 51.0,
        "flagInfo": {
            "hasFlags": false
        },
        "parameter": {
            "id": 2,
            "name": "pm25",
            "units": "\u00b5g/m\u00b3",
            "displayName": null
        },
        "period": {
            "label": "raw",
            "interval": "01:00:00",
            "datetimeFrom": {
                "utc": "2018-07-30T23:00:00Z",
                "local": "2018-07-30T16:00:00-07:00"
            },
            "datetimeTo": {
                "utc": "2018-07-31T00:00:00Z",
                "local": "2018-07-30T17:00:00-07:00"
            }
        },
        "coordinates": null,
        "summary": null,
        "coverage": {
            "expectedCount": 1,
            "expectedInterval": "01:00:00",
            "observedCount": 1,
            "observedInterval": "01:00:00",
            "percentComplete": 100.0,
            "percentCoverage": 100.0,
            "datetimeFrom": {
                "utc": "2018-07-30T23:00:00Z",
                "local": "2018-07-30T16:00:00-07:00"
            },
            "datetimeTo": {
                "utc": "2018-07-31T00:00:00Z",
                "local": "2018-07-30T17:00:00-07:00"
            }
        }
    },
    {
        "value": 13.0,
        "flagInfo": {
            "hasFlags": false
        },
        "parameter": {
            "id": 2,
            "name": "pm25",
            "units": "\u00b5g/m\u00b3",
            "displayName": null
        },
        "period": {
            "label": "raw",
            "interval": "01:00:00",
            "datetimeFrom": {
                "utc": "2018-07-31T00:00:00Z",
                "local": "2018-07-30T17:00:00-07:00"
            },
            "datetimeTo": {
                "utc": "2018-07-31T01:00:00Z",
                "local": "2018-07-30T18:00:00-07:00"
            }
        },
        "coordinates": null,
        "summary": null,
        "coverage": {
            "expectedCount": 1,
            "expectedInterval": "01:00:00",
            "observedCount": 1,
            "observedInterval": "01:00:00",
            "percentComplete": 100.0,
            "percentCoverage": 100.0,
            "datetimeFrom": {
                "utc": "2018-07-31T00:00:00Z",
                "local": "2018-07-30T17:00:00-07:00"
            },
            "datetimeTo": {
                "utc": "2018-07-31T01:00:00Z",
                "local": "2018-07-30T18:00:00-07:00"
            }
        }
    },
    {
        "value": 48.0,
        "flagInfo": {
            "hasFlags": false
        },
        "parameter": {
            "id": 2,
            "name": "pm25",
            "units": "\u00b5g/m\u00b3",
            "displayName": null
        },
        "period": {
            "label": "raw",
            "interval": "01:00:00",
            "datetimeFrom": {
                "utc": "2018-07-31T01:00:00Z",
                "local": "2018-07-30T18:00:00-07:00"
            },
            "datetimeTo": {
                "utc": "2018-07-31T02:00:00Z",
                "local": "2018-07-30T19:00:00-07:00"
            }
        },
        "coordinates": null,
        "summary": null,
        "coverage": {
            "expectedCount": 1,
            "expectedInterval": "01:00:00",
            "observedCount": 1,
            "observedInterval": "01:00:00",
            "percentComplete": 100.0,
            "percentCoverage": 100.0,
            "datetimeFrom": {
                "utc": "2018-07-31T01:00:00Z",
                "local": "2018-07-30T18:00:00-07:00"
            },
            "datetimeTo": {
                "utc": "2018-07-31T02:00:00Z",
                "local": "2018-07-30T19:00:00-07:00"
            }
        }
    },
    {
        "value": 35.0,
        "flagInfo": {
            "hasFlags": false
        },
        "parameter": {
            "id": 2,
            "name": "pm25",
            "units": "\u00b5g/m\u00b3",
            "displayName": null
        },
        "period": {
            "label": "raw",
            "interval": "01:00:00",
            "datetimeFrom": {
                "utc": "2018-07-31T02:00:00Z",
                "local": "2018-07-30T19:00:00-07:00"
            },
            "datetimeTo": {
                "utc": "2018-07-31T03:00:00Z",
                "local": "2018-07-30T20:00:00-07:00"
            }
        },
        "coordinates": null,
        "summary": null,
        "coverage": {
            "expectedCount": 1,
            "expectedInterval": "01:00:00",
            "observedCount": 1,
            "observedInterval": "01:00:00",
            "percentComplete": 100.0,
            "percentCoverage": 100.0,
            "datetimeFrom": {
                "utc": "2018-07-31T02:00:00Z",
                "local": "2018-07-30T19:00:00-07:00"
            },
            "datetimeTo": {
                "utc": "2018-07-31T03:00:00Z",
                "local": "2018-07-30T20:00:00-07:00"
            }
        }
    },
    {
        "value": 46.0,
        "flagInfo": {
            "hasFlags": false
        },
        "parameter": {
            "id": 2,
            "name": "pm25",
            "units": "\u00b5g/m\u00b3",
            "displayName": null
        },
        "period": {
            "label": "raw",
            "interval": "01:00:00",
            "datetimeFrom": {
                "utc": "2018-07-31T03:00:00Z",
                "local": "2018-07-30T20:00:00-07:00"
            },
            "datetimeTo": {
                "utc": "2018-07-31T04:00:00Z",
                "local": "2018-07-30T21:00:00-07:00"
            }
        },
        "coordinates": null,
        "summary": null,
        "coverage": {
            "expectedCount": 1,
            "expectedInterval": "01:00:00",
            "observedCount": 1,
            "observedInterval": "01:00:00",
            "percentComplete": 100.0,
            "percentCoverage": 100.0,
            "datetimeFrom": {
                "utc": "2018-07-31T03:00:00Z",
                "local": "2018-07-30T20:00:00-07:00"
            },
            "datetimeTo": {
                "utc": "2018-07-31T04:00:00Z",
                "local": "2018-07-30T21:00:00-07:00"
            }
        }
    },
    {
        "value": 62.0,
        "flagInfo": {
            "hasFlags": false
        },
        "parameter": {
            "id": 2,
            "name": "pm25",
            "units": "\u00b5g/m\u00b3",
            "displayName": null
        },
        "period": {
            "label": "raw",
            "interval": "01:00:00",
            "datetimeFrom": {
                "utc": "2018-07-31T04:00:00Z",
                "local": "2018-07-30T21:00:00-07:00"
            },
            "datetimeTo": {
                "utc": "2018-07-31T05:00:00Z",
                "local": "2018-07-30T22:00:00-07:00"
            }
        },
        "coordinates": null,
        "summary": null,
        "coverage": {
            "expectedCount": 1,
            "expectedInterval": "01:00:00",
            "observedCount": 1,
            "observedInterval": "01:00:00",
            "percentComplete": 100.0,
            "percentCoverage": 100.0,
            "datetimeFrom": {
                "utc": "2018-07-31T04:00:00Z",
                "local": "2018-07-30T21:00:00-07:00"
            },
            "datetimeTo": {
                "utc": "2018-07-31T05:00:00Z",
                "local": "2018-07-30T22:00:00-07:00"
            }
        }
    },
    {
        "value": 43.0,
        "flagInfo": {
            "hasFlags": false
        },
        "parameter": {
            "id": 2,
            "name": "pm25",
            "units": "\u00b5g/m\u00b3",
            "displayName": null
        },
        "period": {
            "label": "raw",
            "interval": "01:00:00",
            "datetimeFrom": {
                "utc": "2018-07-31T05:00:00Z",
                "local": "2018-07-30T22:00:00-07:00"
            },
            "datetimeTo": {
                "utc": "2018-07-31T06:00:00Z",
                "local": "2018-07-30T23:00:00-07:00"
            }
        },
        "coordinates": null,
        "summary": null,
        "coverage": {
            "expectedCount": 1,
            "expectedInterval": "01:00:00",
            "observedCount": 1,
            "observedInterval": "01:00:00",
            "percentComplete": 100.0,
            "percentCoverage": 100.0,
            "datetimeFrom": {
                "utc": "2018-07-31T05:00:00Z",
                "local": "2018-07-30T22:00:00-07:00"
            },
            "datetimeTo": {
                "utc": "2018-07-31T06:00:00Z",
                "local": "2018-07-30T23:00:00-07:00"
            }
        }
    },
    {
        "value": 37.0,
        "flagInfo": {
            "hasFlags": false
        },
        "parameter": {
            "id": 2,
            "name": "pm25",
            "units": "\u00b5g/m\u00b3",
            "displayName": null
        },
        "period": {
            "label": "raw",
            "interval": "01:00:00",
            "datetimeFrom": {
                "utc": "2018-07-31T06:00:00Z",
                "local": "2018-07-30T23:00:00-07:00"
            },
            "datetimeTo": {
                "utc": "2018-07-31T07:00:00Z",
                "local": "2018-07-31T00:00:00-07:00"
            }
        },
        "coordinates": null,
        "summary": null,
        "coverage": {
            "expectedCount": 1,
            "expectedInterval": "01:00:00",
            "observedCount": 1,
            "observedInterval": "01:00:00",
            "percentComplete": 100.0,
            "percentCoverage": 100.0,
            "datetimeFrom": {
                "utc": "2018-07-31T06:00:00Z",
                "local": "2018-07-30T23:00:00-07:00"
            },
            "datetimeTo": {
                "utc": "2018-07-31T07:00:00Z",
                "local": "2018-07-31T00:00:00-07:00"
            }
        }
    }
]