[
    {
        "value": 8.0,
        "flagInfo": {
            "hasFlags": false
        },
        "parameter": {
            "id": 2,
            "name": "pm25",
            "units": "\u00b5g/m\u00b3",
            "displayName": null
        },
        "period": {
            "label": "raw",
            "interval": "01:00:00",
            "datetimeFrom": {
                "utc": "2018-08-25T18:00:00Z",
                "local": "2018-08-25T11:00:00-07:00"
            },
            "datetimeTo": {
                "utc": "2018-08-25T19:00:00Z",
                "local": "2018-08-25T12:00:00-07:00"
            }
        },
        "coordinates": null,
        "summary": null,
        "coverage": {
            "expectedCount": 1,
            "expectedInterval": "01:00:00",
            "observedCount": 1,
            "observedInterval": "01:00:00",
            "percentComplete": 100.0,
            "percentCoverage": 100.0,
            "datetimeFrom": {
                "utc": "2018-08-25T18:00:00Z",
                "local": "2018-08-25T11:00:00-07:00"
            },
            "datetimeTo": {
                "utc": "2018-08-25T19:00:00Z",
                "local": "2018-08-25T12:00:00-07:00"
            }
        }
    },
    {
        "value": 13.0,
        "flagInfo": {
            "hasFlags": false
        },
        "parameter": {
            "id": 2,
            "name": "pm25",
            "units": "\u00b5g/m\u00b3",
            "displayName": null
        },
        "period": {
            "label": "raw",
            "interval": "01:00:00",
            "datetimeFrom": {
                "utc": "2018-08-25T19:00:00Z",
                "local": "2018-08-25T12:00:00-07:00"
            },
            "datetimeTo": {
                "utc": "2018-08-25T20:00:00Z",
                "local": "2018-08-25T13:00:00-07:00"
            }
        },
        "coordinates": null,
        "summary": null,
        "coverage": {
            "expectedCount": 1,
            "expectedInterval": "01:00:00",
            "observedCount": 1,
            "observedInterval": "01:00:00",
            "percentComplete": 100.0,
            "percentCoverage": 100.0,
            "datetimeFrom": {
                "utc": "2018-08-25T19:00:00Z",
                "local": "2018-08-25T12:00:00-07:00"
            },
            "datetimeTo": {
                "utc": "2018-08-25T20:00:00Z",
                "local": "2018-08-25T13:00:00-07:00"
            }
        }
    },
    {
        "value": 10.0,
        "flagInfo": {
            "hasFlags": false
        },
        "parameter": {
            "id": 2,
            "name": "pm25",
            "units": "\u00b5g/m\u00b3",
            "displayName": null
        },
        "period": {
            "label": "raw",
            "interval": "01:00:00",
            "datetimeFrom": {
                "utc": "2018-08-25T20:00:00Z",
                "local": "2018-08-25T13:00:00-07:00"
            },
            "datetimeTo": {
                "utc": "2018-08-25T21:00:00Z",
                "local": "2018-08-25T14:00:00-07:00"
            }
        },
        "coordinates": null,
        "summary": null,
        "coverage": {
            "expectedCount": 1,
            "expectedInterval": "01:00:00",
            "observedCount": 1,
            "observedInterval": "01:00:00",
            "percentComplete": 100.0,
            "percentCoverage": 100.0,
            "datetimeFrom": {
                "utc": "2018-08-25T20:00:00Z",
                "local": "2018-08-25T13:00:00-07:00"
            },
            "datetimeTo": {
                "utc": "2018-08-25T21:00:00Z",
                "local": "2018-08-25T14:00:00-07:00"
            }
        }
    },
    {
        "value": 12.0,
        "flagInfo": {
            "hasFlags": false
        },
        "parameter": {
            "id": 2,
            "name": "pm25",
            "units": "\u00b5g/m\u00b3",
            "displayName": null
        },
        "period": {
            "label": "raw",
            "interval": "01:00:00",
            "datetimeFrom": {
                "utc": "2018-08-25T21:00:00Z",
                "local": "2018-08-25T14:00:00-07:00"
            },
            "datetimeTo": {
                "utc": "2018-08-25T22:00:00Z",
                "local": "2018-08-25T15:00:00-07:00"
            }
        },
        "coordinates": null,
        "summary": null,
        "coverage": {
            "expectedCount": 1,
            "expectedInterval": "01:00:00",
            "observedCount": 1,
            "observedInterval": "01:00:00",
            "percentComplete": 100.0,
            "percentCoverage": 100.0,
            "datetimeFrom": {
                "utc": "2018-08-25T21:00:00Z",
                "local": "2018-08-25T14:00:00-07:00"
            },
            "datetimeTo": {
                "utc": "2018-08-25T22:00:00Z",
                "local": "2018-08-25T15:00:00-07:00"
            }
        }
    },
    {
        "value": 6.0,
        "flagInfo": {
            "hasFlags": false
        },
        "parameter": {
            "id": 2,
            "name": "pm25",
            "units": "\u00b5g/m\u00b3",
            "displayName": null
        },
        "period": {
            "label": "raw",
            "interval": "01:00:00",
            "datetimeFrom": {
                "utc": "2018-08-25T22:00:00Z",
                "local": "2018-08-25T15:00:00-07:00"
            },
            "datetimeTo": {
                "utc": "2018-08-25T23:00:00Z",
                "local": "2018-08-25T16:00:00-07:00"
            }
        },
        "coordinates": null,
        "summary": null,
        "coverage": {
            "expectedCount": 1,
            "expectedInterval": "01:00:00",
            "observedCount": 1,
            "observedInterval": "01:00:00",
            "percentComplete": 100.0,
            "percentCoverage": 100.0,
            "datetimeFrom": {
                "utc": "2018-08-25T22:00:00Z",
                "local": "2018-08-25T15:00:00-07:00"
            },
            "datetimeTo": {
                "utc": "2018-08-25T23:00:00Z",
                "local": "2018-08-25T16:00:00-07:00"
            }
        }
    },
    {
        "value": 2.0,
        "flagInfo": {
            "hasFlags": false
        },
        "parameter": {
            "id": 2,
            "name": "pm25",
            "units": "\u00b5g/m\u00b3",
            "displayName": null
        },
        "period": {
            "label": "raw",
            "interval": "01:00:00",
            "datetimeFrom": {
                "utc": "2018-08-25T23:00:00Z",
                "local": "2018-08-25T16:00:00-07:00"
            },
            "datetimeTo": {
                "utc": "2018-08-26T00:00:00Z",
                "local": "2018-08-25T17:00:00-07:00"
            }
        },
        "coordinates": null,
        "summary": null,
        "coverage": {
            "expectedCount": 1,
            "expectedInterval": "01:00:00",
            "observedCount": 1,
            "observedInterval": "01:00:00",
            "percentComplete": 100.0,
            "percentCoverage": 100.0,
            "datetimeFrom": {
                "utc": "2018-08-25T23:00:00Z",
                "local": "2018-08-25T16:00:00-07:00"
            },
            "datetimeTo": {
                "utc": "2018-08-26T00:00:00Z",
                "local": "2018-08-25T17:00:00-07:00"
            }
        }
    },
    {
        "value": 10.0,
        "flagInfo": {
            "hasFlags": false
        },
        "parameter": {
            "id": 2,
            "name": "pm25",
            "units": "\u00b5g/m\u00b3",
            "displayName": null
        },
        "period": {
            "label": "raw",
            "interval": "01:00:00",
            "datetimeFrom": {
                "utc": "2018-08-26T00:00:00Z",
                "local": "2018-08-25T17:00:00-07:00"
            },
            "datetimeTo": {
                "utc": "2018-08-26T01:00:00Z",
                "local": "2018-08-25T18:00:00-07:00"
            }
        },
        "coordinates": null,
        "summary": null,
        "coverage": {
            "expectedCount": 1,
            "expectedInterval": "01:00:00",
            "observedCount": 1,
            "observedInterval": "01:00:00",
            "percentComplete": 100.0,
            "percentCoverage": 100.0,
            "datetimeFrom": {
                "utc": "2018-08-26T00:00:00Z",
                "local": "2018-08-25T17:00:00-07:00"
            },
            "datetimeTo": {
                "utc": "2018-08-26T01:00:00Z",
                "local": "2018-08-25T18:00:00-07:00"
            }
        }
    },
    {
        "value": 17.0,
        "flagInfo": {
            "hasFlags": false
        },
        "parameter": {
            "id": 2,
            "name": "pm25",
            "units": "\u00b5g/m\u00b3",
            "displayName": null
        },
        "period": {
            "label": "raw",
            "interval": "01:00:00",
            "datetimeFrom": {
                "utc": "2018-08-26T01:00:00Z",
                "local": "2018-08-25T18:00:00-07:00"
            },
            "datetimeTo": {
                "utc": "2018-08-26T02:00:00Z",
                "local": "2018-08-25T19:00:00-07:00"
            }
        },
        "coordinates": null,
        "summary": null,
        "coverage": {
            "expectedCount": 1,
            "expectedInterval": "01:00:00",
            "observedCount": 1,
            "observedInterval": "01:00:00",
            "percentComplete": 100.0,
            "percentCoverage": 100.0,
            "datetimeFrom": {
                "utc": "2018-08-26T01:00:00Z",
                "local": "2018-08-25T18:00:00-07:00"
            },
            "datetimeTo": {
                "utc": "2018-08-26T02:00:00Z",
                "local": "2018-08-25T19:00:00-07:00"
            }
        }
    },
    {
        "value": 18.0,
        "flagInfo": {
            "hasFlags": false
        },
        "parameter": {
            "id": 2,
            "name": "pm25",
            "units": "\u00b5g/m\u00b3",
            "displayName": null
        },
        "period": {
            "label": "raw",
            "interval": "01:00:00",
            "datetimeFrom": {
                "utc": "2018-08-26T02:00:00Z",
                "local": "2018-08-25T19:00:00-07:00"
            },
            "datetimeTo": {
                "utc": "2018-08-26T03:00:00Z",
                "local": "2018-08-25T20:00:00-07:00"
            }
        },
        "coordinates": null,
        "summary": null,
        "coverage": {
            "expectedCount": 1,
            "expectedInterval": "01:00:00",
            "observedCount": 1,
            "observedInterval": "01:00:00",
            "percentComplete": 100.0,
            "percentCoverage": 100.0,
            "datetimeFrom": {
                "utc": "2018-08-26T02:00:00Z",
                "local": "2018-08-25T19:00:00-07:00"
            },
            "datetimeTo": {
                "utc": "2018-08-26T03:00:00Z",
                "local": "2018-08-25T20:00:00-07:00"
            }
        }
    },
    {
        "value": 23.0,
        "flagInfo": {
            "hasFlags": false
        },
        "parameter": {
            "id": 2,
            "name": "pm25",
            "units": "\u00b5g/m\u00b3",
            "displayName": null
        },
        "period": {
            "label": "raw",
            "interval": "01:00:00",
            "datetimeFrom": {
                "utc": "2018-08-26T03:00:00Z",
                "local": "2018-08-25T20:00:00-07:00"
            },
            "datetimeTo": {
                "utc": "2018-08-26T04:00:00Z",
                "local": "2018-08-25T21:00:00-07:00"
            }
        },
        "coordinates": null,
        "summary": null,
        "coverage": {
            "expectedCount": 1,
            "expectedInterval": "01:00:00",
            "observedCount": 1,
            "observedInterval": "01:00:00",
            "percentComplete": 100.0,
            "percentCoverage": 100.0,
            "datetimeFrom": {
                "utc": "2018-08-26T03:00:00Z",
                "local": "2018-08-25T20:00:00-07:00"
            },
            "datetimeTo": {
                "utc": "2018-08-26T04:00:00Z",
                "local": "2018-08-25T21:00:00-07:00"
            }
        }
    },
    {
        "value": 18.0,
        "flagInfo": {
            "hasFlags": false
        },
        "parameter": {
            "id": 2,
            "name": "pm25",
            "units": "\u00b5g/m\u00b3",
            "displayName": null
        },
        "period": {
            "label": "raw",
            "interval": "01:00:00",
            "datetimeFrom": {
                "utc": "2018-08-26T04:00:00Z",
                "local": "2018-08-25T21:00:00-07:00"
            },
            "datetimeTo": {
                "utc": "2018-08-26T05:00:00Z",
                "local": "2018-08-25T22:00:00-07:00"
            }
        },
        "coordinates": null,
        "summary": null,
        "coverage": {
            "expectedCount": 1,
            "expectedInterval": "01:00:00",
            "observedCount": 1,
            "observedInterval": "01:00:00",
            "percentComplete": 100.0,
            "percentCoverage": 100.0,
            "datetimeFrom": {
                "utc": "2018-08-26T04:00:00Z",
                "local": "2018-08-25T21:00:00-07:00"
            },
            "datetimeTo": {
                "utc": "2018-08-26T05:00:00Z",
                "local": "2018-08-25T22:00:00-07:00"
            }
        }
    },
    {
        "value": 19.0,
        "flagInfo": {
            "hasFlags": false
        },
        "parameter": {
            "id": 2,
            "name": "pm25",
            "units": "\u00b5g/m\u00b3",
            "displayName": null
        },
        "period": {
            "label": "raw",
            "interval": "01:00:00",
            "datetimeFrom": {
                "utc": "2018-08-26T05:00:00Z",
                "local": "2018-08-25T22:00:00-07:00"
            },
            "datetimeTo": {
                "utc": "2018-08-26T06:00:00Z",
                "local": "2018-08-25T23:00:00-07:00"
            }
        },
        "coordinates": null,
        "summary": null,
        "coverage": {
            "expectedCount": 1,
            "expectedInterval": "01:00:00",
            "observedCount": 1,
            "observedInterval": "01:00:00",
            "percentComplete": 100.0,
            "percentCoverage": 100.0,
            "datetimeFrom": {
                "utc": "2018-08-26T05:00:00Z",
                "local": "2018-08-25T22:00:00-07:00"
            },
            "datetimeTo": {
                "utc": "2018-08-26T06:00:00Z",
                "local": "2018-08-25T23:00:00-07:00"
            }
        }
    },
    {
        "value": 5.0,
        "flagInfo": {
            "hasFlags": false
        },
        "parameter": {
            "id": 2,
            "name": "pm25",
            "units": "\u00b5g/m\u00b3",
            "displayName": null
        },
        "period": {
            "label": "raw",
            "interval": "01:00:00",
            "datetimeFrom": {
                "utc": "2018-08-26T09:00:00Z",
                "local": "2018-08-26T02:00:00-07:00"
            },
            "datetimeTo": {
                "utc": "2018-08-26T10:00:00Z",
                "local": "2018-08-26T03:00:00-07:00"
            }
        },
        "coordinates": null,
        "summary": null,
        "coverage": {
            "expectedCount": 1,
            "expectedInterval": "01:00:00",
            "observedCount": 1,
            "observedInterval": "01:00:00",
            "percentComplete": 100.0,
            "percentCoverage": 100.0,
            "datetimeFrom": {
                "utc": "2018-08-26T09:00:00Z",
                "local": "2018-08-26T02:00:00-07:00"
            },
            "datetimeTo": {
                "utc": "2018-08-26T10:00:00Z",
                "local": "2018-08-26T03:00:00-07:00"
            }
        }
    }
]