[
    {
        "value": 9.0,
        "flagInfo": {
            "hasFlags": false
        },
        "parameter": {
            "id": 2,
            "name": "pm25",
            "units": "\u00b5g/m\u00b3",
            "displayName": null
        },
        "period": {
            "label": "raw",
            "interval": "01:00:00",
            "datetimeFrom": {
                "utc": "2017-08-20T18:00:00Z",
                "local": "2017-08-20T11:00:00-07:00"
            },
            "datetimeTo": {
                "utc": "2017-08-20T19:00:00Z",
                "local": "2017-08-20T12:00:00-07:00"
            }
        },
        "coordinates": null,
        "summary": null,
        "coverage": {
            "expectedCount": 1,
            "expectedInterval": "01:00:00",
            "observedCount": 1,
            "observedInterval": "01:00:00",
            "percentComplete": 100.0,
            "percentCoverage": 100.0,
            "datetimeFrom": {
                "utc": "2017-08-20T18:00:00Z",
                "local": "2017-08-20T11:00:00-07:00"
            },
            "datetimeTo": {
                "utc": "2017-08-20T19:00:00Z",
                "local": "2017-08-20T12:00:00-07:00"
            }
        }
    },
    {
        "value": 14.0,
        "flagInfo": {
            "hasFlags": false
        },
        "parameter": {
            "id": 2,
            "name": "pm25",
            "units": "\u00b5g/m\u00b3",
            "displayName": null
        },
        "period": {
            "label": "raw",
            "interval": "01:00:00",
            "datetimeFrom": {
                "utc": "2017-08-20T19:00:00Z",
                "local": "2017-08-20T12:00:00-07:00"
            },
            "datetimeTo": {
                "utc": "2017-08-20T20:00:00Z",
                "local": "2017-08-20T13:00:00-07:00"
            }
        },
        "coordinates": null,
        "summary": null,
        "coverage": {
            "expectedCount": 1,
            "expectedInterval": "01:00:00",
            "observedCount": 1,
            "observedInterval": "01:00:00",
            "percentComplete": 100.0,
            "percentCoverage": 100.0,
            "datetimeFrom": {
                "utc": "2017-08-20T19:00:00Z",
                "local": "2017-08-20T12:00:00-07:00"
            },
            "datetimeTo": {
                "utc": "2017-08-20T20:00:00Z",
                "local": "2017-08-20T13:00:00-07:00"
            }
        }
    },
    {
        "value": 7.0,
        "flagInfo": {
            "hasFlags": false
        },
        "parameter": {
            "id": 2,
            "name": "pm25",
            "units": "\u00b5g/m\u00b3",
            "displayName": null
        },
        "period": {
            "label": "raw",
            "interval": "01:00:00",
            "datetimeFrom": {
                "utc": "2017-08-20T20:00:00Z",
                "local": "2017-08-20T13:00:00-07:00"
            },
            "datetimeTo": {
                "utc": "2017-08-20T21:00:00Z",
                "local": "2017-08-20T14:00:00-07:00"
            }
        },
        "coordinates": null,
        "summary": null,
        "coverage": {
            "expectedCount": 1,
            "expectedInterval": "01:00:00",
            "observedCount": 1,
            "observedInterval": "01:00:00",
            "percentComplete": 100.0,
            "percentCoverage": 100.0,
            "datetimeFrom": {
                "utc": "2017-08-20T20:00:00Z",
                "local": "2017-08-20T13:00:00-07:00"
            },
            "datetimeTo": {
                "utc": "2017-08-20T21:00:00Z",
                "local": "2017-08-20T14:00:00-07:00"
            }
        }
    },
    {
        "value": 0.0,
        "flagInfo": {
            "hasFlags": false
        },
        "parameter": {
            "id": 2,
            "name": "pm25",
            "units": "\u00b5g/m\u00b3",
            "displayName": null
        },
        "period": {
            "label": "raw",
            "interval": "01:00:00",
            "datetimeFrom": {
                "utc": "2017-08-20T21:00:00Z",
                "local": "2017-08-20T14:00:00-07:00"
            },
            "datetimeTo": {
                "utc": "2017-08-20T22:00:00Z",
                "local": "2017-08-20T15:00:00-07:00"
            }
        },
        "coordinates": null,
        "summary": null,
        "coverage": {
            "expectedCount": 1,
            "expectedInterval": "01:00:00",
            "observedCount": 1,
            "observedInterval": "01:00:00",
            "percentComplete": 100.0,
            "percentCoverage": 100.0,
            "datetimeFrom": {
                "utc": "2017-08-20T21:00:00Z",
                "local": "2017-08-20T14:00:00-07:00"
            },
            "datetimeTo": {
                "utc": "2017-08-20T22:00:00Z",
                "local": "2017-08-20T15:00:00-07:00"
            }
        }
    },
    {
        "value": 4.0,
        "flagInfo": {
            "hasFlags": false
        },
        "parameter": {
            "id": 2,
            "name": "pm25",
            "units": "\u00b5g/m\u00b3",
            "displayName": null
        },
        "period": {
            "label": "raw",
            "interval": "01:00:00",
            "datetimeFrom": {
                "utc": "2017-08-20T23:00:00Z",
                "local": "2017-08-20T16:00:00-07:00"
            },
            "datetimeTo": {
                "utc": "2017-08-21T00:00:00Z",
                "local": "2017-08-20T17:00:00-07:00"
            }
        },
        "coordinates": null,
        "summary": null,
        "coverage": {
            "expectedCount": 1,
            "expectedInterval": "01:00:00",
            "observedCount": 1,
            "observedInterval": "01:00:00",
            "percentComplete": 100.0,
            "percentCoverage": 100.0,
            "datetimeFrom": {
                "utc": "2017-08-20T23:00:00Z",
                "local": "2017-08-20T16:00:00-07:00"
            },
            "datetimeTo": {
                "utc": "2017-08-21T00:00:00Z",
                "local": "2017-08-20T17:00:00-07:00"
            }
        }
    },
    {
        "value": 1.0,
        "flagInfo": {
            "hasFlags": false
        },
        "parameter": {
            "id": 2,
            "name": "pm25",
            "units": "\u00b5g/m\u00b3",
            "displayName": null
        },
        "period": {
            "label": "raw",
            "interval": "01:00:00",
            "datetimeFrom": {
                "utc": "2017-08-21T00:00:00Z",
                "local": "2017-08-20T17:00:00-07:00"
            },
            "datetimeTo": {
                "utc": "2017-08-21T01:00:00Z",
                "local": "2017-08-20T18:00:00-07:00"
            }
        },
        "coordinates": null,
        "summary": null,
        "coverage": {
            "expectedCount": 1,
            "expectedInterval": "01:00:00",
            "observedCount": 1,
            "observedInterval": "01:00:00",
            "percentComplete": 100.0,
            "percentCoverage": 100.0,
            "datetimeFrom": {
                "utc": "2017-08-21T00:00:00Z",
                "local": "2017-08-20T17:00:00-07:00"
            },
            "datetimeTo": {
                "utc": "2017-08-21T01:00:00Z",
                "local": "2017-08-20T18:00:00-07:00"
            }
        }
    }
]