[
    {
        "value": 7.0,
        "flagInfo": {
            "hasFlags": false
        },
        "parameter": {
            "id": 2,
            "name": "pm25",
            "units": "\u00b5g/m\u00b3",
            "displayName": null
        },
        "period": {
            "label": "raw",
            "interval": "01:00:00",
            "datetimeFrom": {
                "utc": "2018-02-04T12:00:00Z",
                "local": "2018-02-04T04:00:00-08:00"
            },
            "datetimeTo": {
                "utc": "2018-02-04T13:00:00Z",
                "local": "2018-02-04T05:00:00-08:00"
            }
        },
        "coordinates": null,
        "summary": null,
        "coverage": {
            "expectedCount": 1,
            "expectedInterval": "01:00:00",
            "observedCount": 1,
            "observedInterval": "01:00:00",
            "percentComplete": 100.0,
            "percentCoverage": 100.0,
            "datetimeFrom": {
                "utc": "2018-02-04T12:00:00Z",
                "local": "2018-02-04T04:00:00-08:00"
            },
            "datetimeTo": {
                "utc": "2018-02-04T13:00:00Z",
                "local": "2018-02-04T05:00:00-08:00"
            }
        }
    },
    {
        "value": 0.0,
        "flagInfo": {
            "hasFlags": false
        },
        "parameter": {
            "id": 2,
            "name": "pm25",
            "units": "\u00b5g/m\u00b3",
            "displayName": null
        },
        "period": {
            "label": "raw",
            "interval": "01:00:00",
            "datetimeFrom": {
                "utc": "2018-02-04T16:00:00Z",
                "local": "2018-02-04T08:00:00-08:00"
            },
            "datetimeTo": {
                "utc": "2018-02-04T17:00:00Z",
                "local": "2018-02-04T09:00:00-08:00"
            }
        },
        "coordinates": null,
        "summary": null,
        "coverage": {
            "expectedCount": 1,
            "expectedInterval": "01:00:00",
            "observedCount": 1,
            "observedInterval": "01:00:00",
            "percentComplete": 100.0,
            "percentCoverage": 100.0,
            "datetimeFrom": {
                "utc": "2018-02-04T16:00:00Z",
                "local": "2018-02-04T08:00:00-08:00"
            },
            "datetimeTo": {
                "utc": "2018-02-04T17:00:00Z",
                "local": "2018-02-04T09:00:00-08:00"
            }
        }
    },
    {
        "value": 47.0,
        "flagInfo": {
            "hasFlags": false
        },
        "parameter": {
            "id": 2,
            "name": "pm25",
            "units": "\u00b5g/m\u00b3",
            "displayName": null
        },
        "period": {
            "label": "raw",
            "interval": "01:00:00",
            "datetimeFrom": {
                "utc": "2018-02-05T07:00:00Z",
                "local": "2018-02-04T23:00:00-08:00"
            },
            "datetimeTo": {
                "utc": "2018-02-05T08:00:00Z",
                "local": "2018-02-05T00:00:00-08:00"
            }
        },
        "coordinates": null,
        "summary": null,
        "coverage": {
            "expectedCount": 1,
            "expectedInterval": "01:00:00",
            "observedCount": 1,
            "observedInterval": "01:00:00",
            "percentComplete": 100.0,
            "percentCoverage": 100.0,
            "datetimeFrom": {
                "utc": "2018-02-05T07:00:00Z",
                "local": "2018-02-04T23:00:00-08:00"
            },
            "datetimeTo": {
                "utc": "2018-02-05T08:00:00Z",
                "local": "2018-02-05T00:00:00-08:00"
            }
        }
    },
    {
        "value": 24.0,
        "flagInfo": {
            "hasFlags": false
        },
        "parameter": {
            "id": 2,
            "name": "pm25",
            "units": "\u00b5g/m\u00b3",
            "displayName": null
        },
        "period": {
            "label": "raw",
            "interval": "01:00:00",
            "datetimeFrom": {
                "utc": "2018-02-05T08:00:00Z",
                "local": "2018-02-05T00:00:00-08:00"
            },
            "datetimeTo": {
                "utc": "2018-02-05T09:00:00Z",
                "local": "2018-02-05T01:00:00-08:00"
            }
        },
        "coordinates": null,
        "summary": null,
        "coverage": {
            "expectedCount": 1,
            "expectedInterval": "01:00:00",
            "observedCount": 1,
            "observedInterval": "01:00:00",
            "percentComplete": 100.0,
            "percentCoverage": 100.0,
            "datetimeFrom": {
                "utc": "2018-02-05T08:00:00Z",
                "local": "2018-02-05T00:00:00-08:00"
            },
            "datetimeTo": {
                "utc": "2018-02-05T09:00:00Z",
                "local": "2018-02-05T01:00:00-08:00"
            }
        }
    },
    {
        "value": 13.0,
        "flagInfo": {
            "hasFlags": false
        },
        "parameter": {
            "id": 2,
            "name": "pm25",
            "units": "\u00b5g/m\u00b3",
            "displayName": null
        },
        "period": {
            "label": "raw",
            "interval": "01:00:00",
            "datetimeFrom": {
                "utc": "2018-02-07T13:00:00Z",
                "local": "2018-02-07T05:00:00-08:00"
            },
            "datetimeTo": {
                "utc": "2018-02-07T14:00:00Z",
                "local": "2018-02-07T06:00:00-08:00"
            }
        },
        "coordinates": null,
        "summary": null,
        "coverage": {
            "expectedCount": 1,
            "expectedInterval": "01:00:00",
            "observedCount": 1,
            "observedInterval": "01:00:00",
            "percentComplete": 100.0,
            "percentCoverage": 100.0,
            "datetimeFrom": {
                "utc": "2018-02-07T13:00:00Z",
                "local": "2018-02-07T05:00:00-08:00"
            },
            "datetimeTo": {
                "utc": "2018-02-07T14:00:00Z",
                "local": "2018-02-07T06:00:00-08:00"
            }
        }
    },
    {
        "value": 4.0,
        "flagInfo": {
            "hasFlags": false
        },
        "parameter": {
            "id": 2,
            "name": "pm25",
            "units": "\u00b5g/m\u00b3",
            "displayName": null
        },
        "period": {
            "label": "raw",
            "interval": "01:00:00",
            "datetimeFrom": {
                "utc": "2018-02-15T23:00:00Z",
                "local": "2018-02-15T15:00:00-08:00"
            },
            "datetimeTo": {
                "utc": "2018-02-16T00:00:00Z",
                "local": "2018-02-15T16:00:00-08:00"
            }
        },
        "coordinates": null,
        "summary": null,
        "coverage": {
            "expectedCount": 1,
            "expectedInterval": "01:00:00",
            "observedCount": 1,
            "observedInterval": "01:00:00",
            "percentComplete": 100.0,
            "percentCoverage": 100.0,
            "datetimeFrom": {
                "utc": "2018-02-15T23:00:00Z",
                "local": "2018-02-15T15:00:00-08:00"
            },
            "datetimeTo": {
                "utc": "2018-02-16T00:00:00Z",
                "local": "2018-02-15T16:00:00-08:00"
            }
        }
    },
    {
        "value": 4.0,
        "flagInfo": {
            "hasFlags": false
        },
        "parameter": {
            "id": 2,
            "name": "pm25",
            "units": "\u00b5g/m\u00b3",
            "displayName": null
        },
        "period": {
            "label": "raw",
            "interval": "01:00:00",
            "datetimeFrom": {
                "utc": "2018-02-16T01:00:00Z",
                "local": "2018-02-15T17:00:00-08:00"
            },
            "datetimeTo": {
                "utc": "2018-02-16T02:00:00Z",
                "local": "2018-02-15T18:00:00-08:00"
            }
        },
        "coordinates": null,
        "summary": null,
        "coverage": {
            "expectedCount": 1,
            "expectedInterval": "01:00:00",
            "observedCount": 1,
            "observedInterval": "01:00:00",
            "percentComplete": 100.0,
            "percentCoverage": 100.0,
            "datetimeFrom": {
                "utc": "2018-02-16T01:00:00Z",
                "local": "2018-02-15T17:00:00-08:00"
            },
            "datetimeTo": {
                "utc": "2018-02-16T02:00:00Z",
                "local": "2018-02-15T18:00:00-08:00"
            }
        }
    },
    {
        "value": 3.0,
        "flagInfo": {
            "hasFlags": false
        },
        "parameter": {
            "id": 2,
            "name": "pm25",
            "units": "\u00b5g/m\u00b3",
            "displayName": null
        },
        "period": {
            "label": "raw",
            "interval": "01:00:00",
            "datetimeFrom": {
                "utc": "2018-02-16T03:00:00Z",
                "local": "2018-02-15T19:00:00-08:00"
            },
            "datetimeTo": {
                "utc": "2018-02-16T04:00:00Z",
                "local": "2018-02-15T20:00:00-08:00"
            }
        },
        "coordinates": null,
        "summary": null,
        "coverage": {
            "expectedCount": 1,
            "expectedInterval": "01:00:00",
            "observedCount": 1,
            "observedInterval": "01:00:00",
            "percentComplete": 100.0,
            "percentCoverage": 100.0,
            "datetimeFrom": {
                "utc": "2018-02-16T03:00:00Z",
                "local": "2018-02-15T19:00:00-08:00"
            },
            "datetimeTo": {
                "utc": "2018-02-16T04:00:00Z",
                "local": "2018-02-15T20:00:00-08:00"
            }
        }
    },
    {
        "value": 11.0,
        "flagInfo": {
            "hasFlags": false
        },
        "parameter": {
            "id": 2,
            "name": "pm25",
            "units": "\u00b5g/m\u00b3",
            "displayName": null
        },
        "period": {
            "label": "raw",
            "interval": "01:00:00",
            "datetimeFrom": {
                "utc": "2018-02-16T04:00:00Z",
                "local": "2018-02-15T20:00:00-08:00"
            },
            "datetimeTo": {
                "utc": "2018-02-16T05:00:00Z",
                "local": "2018-02-15T21:00:00-08:00"
            }
        },
        "coordinates": null,
        "summary": null,
        "coverage": {
            "expectedCount": 1,
            "expectedInterval": "01:00:00",
            "observedCount": 1,
            "observedInterval": "01:00:00",
            "percentComplete": 100.0,
            "percentCoverage": 100.0,
            "datetimeFrom": {
                "utc": "2018-02-16T04:00:00Z",
                "local": "2018-02-15T20:00:00-08:00"
            },
            "datetimeTo": {
                "utc": "2018-02-16T05:00:00Z",
                "local": "2018-02-15T21:00:00-08:00"
            }
        }
    },
    {
        "value": 28.0,
        "flagInfo": {
            "hasFlags": false
        },
        "parameter": {
            "id": 2,
            "name": "pm25",
            "units": "\u00b5g/m\u00b3",
            "displayName": null
        },
        "period": {
            "label": "raw",
            "interval": "01:00:00",
            "datetimeFrom": {
                "utc": "2018-02-16T05:00:00Z",
                "local": "2018-02-15T21:00:00-08:00"
            },
            "datetimeTo": {
                "utc": "2018-02-16T06:00:00Z",
                "local": "2018-02-15T22:00:00-08:00"
            }
        },
        "coordinates": null,
        "summary": null,
        "coverage": {
            "expectedCount": 1,
            "expectedInterval": "01:00:00",
            "observedCount": 1,
            "observedInterval": "01:00:00",
            "percentComplete": 100.0,
            "percentCoverage": 100.0,
            "datetimeFrom": {
                "utc": "2018-02-16T05:00:00Z",
                "local": "2018-02-15T21:00:00-08:00"
            },
            "datetimeTo": {
                "utc": "2018-02-16T06:00:00Z",
                "local": "2018-02-15T22:00:00-08:00"
            }
        }
    },
    {
        "value": -4.0,
        "flagInfo": {
            "hasFlags": false
        },
        "parameter": {
            "id": 2,
            "name": "pm25",
            "units": "\u00b5g/m\u00b3",
            "displayName": null
        },
        "period": {
            "label": "raw",
            "interval": "01:00:00",
            "datetimeFrom": {
                "utc": "2018-02-18T19:00:00Z",
                "local": "2018-02-18T11:00:00-08:00"
            },
            "datetimeTo": {
                "utc": "2018-02-18T20:00:00Z",
                "local": "2018-02-18T12:00:00-08:00"
            }
        },
        "coordinates": null,
        "summary": null,
        "coverage": {
            "expectedCount": 1,
            "expectedInterval": "01:00:00",
            "observedCount": 1,
            "observedInterval": "01:00:00",
            "percentComplete": 100.0,
            "percentCoverage": 100.0,
            "datetimeFrom": {
                "utc": "2018-02-18T19:00:00Z",
                "local": "2018-02-18T11:00:00-08:00"
            },
            "datetimeTo": {
                "utc": "2018-02-18T20:00:00Z",
                "local": "2018-02-18T12:00:00-08:00"
            }
        }
    },
    {
        "value": 5.0,
        "flagInfo": {
            "hasFlags": false
        },
        "parameter": {
            "id": 2,
            "name": "pm25",
            "units": "\u00b5g/m\u00b3",
            "displayName": null
        },
        "period": {
            "label": "raw",
            "interval": "01:00:00",
            "datetimeFrom": {
                "utc": "2018-02-18T20:00:00Z",
                "local": "2018-02-18T12:00:00-08:00"
            },
            "datetimeTo": {
                "utc": "2018-02-18T21:00:00Z",
                "local": "2018-02-18T13:00:00-08:00"
            }
        },
        "coordinates": null,
        "summary": null,
        "coverage": {
            "expectedCount": 1,
            "expectedInterval": "01:00:00",
            "observedCount": 1,
            "observedInterval": "01:00:00",
            "percentComplete": 100.0,
            "percentCoverage": 100.0,
            "datetimeFrom": {
                "utc": "2018-02-18T20:00:00Z",
                "local": "2018-02-18T12:00:00-08:00"
            },
            "datetimeTo": {
                "utc": "2018-02-18T21:00:00Z",
                "local": "2018-02-18T13:00:00-08:00"
            }
        }
    },
    {
        "value": -1.0,
        "flagInfo": {
            "hasFlags": false
        },
        "parameter": {
            "id": 2,
            "name": "pm25",
            "units": "\u00b5g/m\u00b3",
            "displayName": null
        },
        "period": {
            "label": "raw",
            "interval": "01:00:00",
            "datetimeFrom": {
                "utc": "2018-02-18T21:00:00Z",
                "local": "2018-02-18T13:00:00-08:00"
            },
            "datetimeTo": {
                "utc": "2018-02-18T22:00:00Z",
                "local": "2018-02-18T14:00:00-08:00"
            }
        },
        "coordinates": null,
        "summary": null,
        "coverage": {
            "expectedCount": 1,
            "expectedInterval": "01:00:00",
            "observedCount": 1,
            "observedInterval": "01:00:00",
            "percentComplete": 100.0,
            "percentCoverage": 100.0,
            "datetimeFrom": {
                "utc": "2018-02-18T21:00:00Z",
                "local": "2018-02-18T13:00:00-08:00"
            },
            "datetimeTo": {
                "utc": "2018-02-18T22:00:00Z",
                "local": "2018-02-18T14:00:00-08:00"
            }
        }
    },
    {
        "value": 0.0,
        "flagInfo": {
            "hasFlags": false
        },
        "parameter": {
            "id": 2,
            "name": "pm25",
            "units": "\u00b5g/m\u00b3",
            "displayName": null
        },
        "period": {
            "label": "raw",
            "interval": "01:00:00",
            "datetimeFrom": {
                "utc": "2018-02-18T23:00:00Z",
                "local": "2018-02-18T15:00:00-08:00"
            },
            "datetimeTo": {
                "utc": "2018-02-19T00:00:00Z",
                "local": "2018-02-18T16:00:00-08:00"
            }
        },
        "coordinates": null,
        "summary": null,
        "coverage": {
            "expectedCount": 1,
            "expectedInterval": "01:00:00",
            "observedCount": 1,
            "observedInterval": "01:00:00",
            "percentComplete": 100.0,
            "percentCoverage": 100.0,
            "datetimeFrom": {
                "utc": "2018-02-18T23:00:00Z",
                "local": "2018-02-18T15:00:00-08:00"
            },
            "datetimeTo": {
                "utc": "2018-02-19T00:00:00Z",
                "local": "2018-02-18T16:00:00-08:00"
            }
        }
    },
    {
        "value": 7.0,
        "flagInfo": {
            "hasFlags": false
        },
        "parameter": {
            "id": 2,
            "name": "pm25",
            "units": "\u00b5g/m\u00b3",
            "displayName": null
        },
        "period": {
            "label": "raw",
            "interval": "01:00:00",
            "datetimeFrom": {
                "utc": "2018-02-19T00:00:00Z",
                "local": "2018-02-18T16:00:00-08:00"
            },
            "datetimeTo": {
                "utc": "2018-02-19T01:00:00Z",
                "local": "2018-02-18T17:00:00-08:00"
            }
        },
        "coordinates": null,
        "summary": null,
        "coverage": {
            "expectedCount": 1,
            "expectedInterval": "01:00:00",
            "observedCount": 1,
            "observedInterval": "01:00:00",
            "percentComplete": 100.0,
            "percentCoverage": 100.0,
            "datetimeFrom": {
                "utc": "2018-02-19T00:00:00Z",
                "local": "2018-02-18T16:00:00-08:00"
            },
            "datetimeTo": {
                "utc": "2018-02-19T01:00:00Z",
                "local": "2018-02-18T17:00:00-08:00"
            }
        }
    },
    {
        "value": -1.0,
        "flagInfo": {
            "hasFlags": false
        },
        "parameter": {
            "id": 2,
            "name": "pm25",
            "units": "\u00b5g/m\u00b3",
            "displayName": null
        },
        "period": {
            "label": "raw",
            "interval": "01:00:00",
            "datetimeFrom": {
                "utc": "2018-02-19T01:00:00Z",
                "local": "2018-02-18T17:00:00-08:00"
            },
            "datetimeTo": {
                "utc": "2018-02-19T02:00:00Z",
                "local": "2018-02-18T18:00:00-08:00"
            }
        },
        "coordinates": null,
        "summary": null,
        "coverage": {
            "expectedCount": 1,
            "expectedInterval": "01:00:00",
            "observedCount": 1,
            "observedInterval": "01:00:00",
            "percentComplete": 100.0,
            "percentCoverage": 100.0,
            "datetimeFrom": {
                "utc": "2018-02-19T01:00:00Z",
                "local": "2018-02-18T17:00:00-08:00"
            },
            "datetimeTo": {
                "utc": "2018-02-19T02:00:00Z",
                "local": "2018-02-18T18:00:00-08:00"
            }
        }
    },
    {
        "value": 3.0,
        "flagInfo": {
            "hasFlags": false
        },
        "parameter": {
            "id": 2,
            "name": "pm25",
            "units": "\u00b5g/m\u00b3",
            "displayName": null
        },
        "period": {
            "label": "raw",
            "interval": "01:00:00",
            "datetimeFrom": {
                "utc": "2018-02-19T02:00:00Z",
                "local": "2018-02-18T18:00:00-08:00"
            },
            "datetimeTo": {
                "utc": "2018-02-19T03:00:00Z",
                "local": "2018-02-18T19:00:00-08:00"
            }
        },
        "coordinates": null,
        "summary": null,
        "coverage": {
            "expectedCount": 1,
            "expectedInterval": "01:00:00",
            "observedCount": 1,
            "observedInterval": "01:00:00",
            "percentComplete": 100.0,
            "percentCoverage": 100.0,
            "datetimeFrom": {
                "utc": "2018-02-19T02:00:00Z",
                "local": "2018-02-18T18:00:00-08:00"
            },
            "datetimeTo": {
                "utc": "2018-02-19T03:00:00Z",
                "local": "2018-02-18T19:00:00-08:00"
            }
        }
    },
    {
        "value": 8.0,
        "flagInfo": {
            "hasFlags": false
        },
        "parameter": {
            "id": 2,
            "name": "pm25",
            "units": "\u00b5g/m\u00b3",
            "displayName": null
        },
        "period": {
            "label": "raw",
            "interval": "01:00:00",
            "datetimeFrom": {
                "utc": "2018-02-19T03:00:00Z",
                "local": "2018-02-18T19:00:00-08:00"
            },
            "datetimeTo": {
                "utc": "2018-02-19T04:00:00Z",
                "local": "2018-02-18T20:00:00-08:00"
            }
        },
        "coordinates": null,
        "summary": null,
        "coverage": {
            "expectedCount": 1,
            "expectedInterval": "01:00:00",
            "observedCount": 1,
            "observedInterval": "01:00:00",
            "percentComplete": 100.0,
            "percentCoverage": 100.0,
            "datetimeFrom": {
                "utc": "2018-02-19T03:00:00Z",
                "local": "2018-02-18T19:00:00-08:00"
            },
            "datetimeTo": {
                "utc": "2018-02-19T04:00:00Z",
                "local": "2018-02-18T20:00:00-08:00"
            }
        }
    },
    {
        "value": 0.0,
        "flagInfo": {
            "hasFlags": false
        },
        "parameter": {
            "id": 2,
            "name": "pm25",
            "units": "\u00b5g/m\u00b3",
            "displayName": null
        },
        "period": {
            "label": "raw",
            "interval": "01:00:00",
            "datetimeFrom": {
                "utc": "2018-02-19T04:00:00Z",
                "local": "2018-02-18T20:00:00-08:00"
            },
            "datetimeTo": {
                "utc": "2018-02-19T05:00:00Z",
                "local": "2018-02-18T21:00:00-08:00"
            }
        },
        "coordinates": null,
        "summary": null,
        "coverage": {
            "expectedCount": 1,
            "expectedInterval": "01:00:00",
            "observedCount": 1,
            "observedInterval": "01:00:00",
            "percentComplete": 100.0,
            "percentCoverage": 100.0,
            "datetimeFrom": {
                "utc": "2018-02-19T04:00:00Z",
                "local": "2018-02-18T20:00:00-08:00"
            },
            "datetimeTo": {
                "utc": "2018-02-19T05:00:00Z",
                "local": "2018-02-18T21:00:00-08:00"
            }
        }
    },
    {
        "value": 1.0,
        "flagInfo": {
            "hasFlags": false
        },
        "parameter": {
            "id": 2,
            "name": "pm25",
            "units": "\u00b5g/m\u00b3",
            "displayName": null
        },
        "period": {
            "label": "raw",
            "interval": "01:00:00",
            "datetimeFrom": {
                "utc": "2018-02-19T05:00:00Z",
                "local": "2018-02-18T21:00:00-08:00"
            },
            "datetimeTo": {
                "utc": "2018-02-19T06:00:00Z",
                "local": "2018-02-18T22:00:00-08:00"
            }
        },
        "coordinates": null,
        "summary": null,
        "coverage": {
            "expectedCount": 1,
            "expectedInterval": "01:00:00",
            "observedCount": 1,
            "observedInterval": "01:00:00",
            "percentComplete": 100.0,
            "percentCoverage": 100.0,
            "datetimeFrom": {
                "utc": "2018-02-19T05:00:00Z",
                "local": "2018-02-18T21:00:00-08:00"
            },
            "datetimeTo": {
                "utc": "2018-02-19T06:00:00Z",
                "local": "2018-02-18T22:00:00-08:00"
            }
        }
    },
    {
        "value": 1.0,
        "flagInfo": {
            "hasFlags": false
        },
        "parameter": {
            "id": 2,
            "name": "pm25",
            "units": "\u00b5g/m\u00b3",
            "displayName": null
        },
        "period": {
            "label": "raw",
            "interval": "01:00:00",
            "datetimeFrom": {
                "utc": "2018-02-19T19:00:00Z",
                "local": "2018-02-19T11:00:00-08:00"
            },
            "datetimeTo": {
                "utc": "2018-02-19T20:00:00Z",
                "local": "2018-02-19T12:00:00-08:00"
            }
        },
        "coordinates": null,
        "summary": null,
        "coverage": {
            "expectedCount": 1,
            "expectedInterval": "01:00:00",
            "observedCount": 1,
            "observedInterval": "01:00:00",
            "percentComplete": 100.0,
            "percentCoverage": 100.0,
            "datetimeFrom": {
                "utc": "2018-02-19T19:00:00Z",
                "local": "2018-02-19T11:00:00-08:00"
            },
            "datetimeTo": {
                "utc": "2018-02-19T20:00:00Z",
                "local": "2018-02-19T12:00:00-08:00"
            }
        }
    },
    {
        "value": 3.0,
        "flagInfo": {
            "hasFlags": false
        },
        "parameter": {
            "id": 2,
            "name": "pm25",
            "units": "\u00b5g/m\u00b3",
            "displayName": null
        },
        "period": {
            "label": "raw",
            "interval": "01:00:00",
            "datetimeFrom": {
                "utc": "2018-02-19T23:00:00Z",
                "local": "2018-02-19T15:00:00-08:00"
            },
            "datetimeTo": {
                "utc": "2018-02-20T00:00:00Z",
                "local": "2018-02-19T16:00:00-08:00"
            }
        },
        "coordinates": null,
        "summary": null,
        "coverage": {
            "expectedCount": 1,
            "expectedInterval": "01:00:00",
            "observedCount": 1,
            "observedInterval": "01:00:00",
            "percentComplete": 100.0,
            "percentCoverage": 100.0,
            "datetimeFrom": {
                "utc": "2018-02-19T23:00:00Z",
                "local": "2018-02-19T15:00:00-08:00"
            },
            "datetimeTo": {
                "utc": "2018-02-20T00:00:00Z",
                "local": "2018-02-19T16:00:00-08:00"
            }
        }
    },
    {
        "value": 0.0,
        "flagInfo": {
            "hasFlags": false
        },
        "parameter": {
            "id": 2,
            "name": "pm25",
            "units": "\u00b5g/m\u00b3",
            "displayName": null
        },
        "period": {
            "label": "raw",
            "interval": "01:00:00",
            "datetimeFrom": {
                "utc": "2018-02-20T00:00:00Z",
                "local": "2018-02-19T16:00:00-08:00"
            },
            "datetimeTo": {
                "utc": "2018-02-20T01:00:00Z",
                "local": "2018-02-19T17:00:00-08:00"
            }
        },
        "coordinates": null,
        "summary": null,
        "coverage": {
            "expectedCount": 1,
            "expectedInterval": "01:00:00",
            "observedCount": 1,
            "observedInterval": "01:00:00",
            "percentComplete": 100.0,
            "percentCoverage": 100.0,
            "datetimeFrom": {
                "utc": "2018-02-20T00:00:00Z",
                "local": "2018-02-19T16:00:00-08:00"
            },
            "datetimeTo": {
                "utc": "2018-02-20T01:00:00Z",
                "local": "2018-02-19T17:00:00-08:00"
            }
        }
    },
    {
        "value": -1.0,
        "flagInfo": {
            "hasFlags": false
        },
        "parameter": {
            "id": 2,
            "name": "pm25",
            "units": "\u00b5g/m\u00b3",
            "displayName": null
        },
        "period": {
            "label": "raw",
            "interval": "01:00:00",
            "datetimeFrom": {
                "utc": "2018-02-20T01:00:00Z",
                "local": "2018-02-19T17:00:00-08:00"
            },
            "datetimeTo": {
                "utc": "2018-02-20T02:00:00Z",
                "local": "2018-02-19T18:00:00-08:00"
            }
        },
        "coordinates": null,
        "summary": null,
        "coverage": {
            "expectedCount": 1,
            "expectedInterval": "01:00:00",
            "observedCount": 1,
            "observedInterval": "01:00:00",
            "percentComplete": 100.0,
            "percentCoverage": 100.0,
            "datetimeFrom": {
                "utc": "2018-02-20T01:00:00Z",
                "local": "2018-02-19T17:00:00-08:00"
            },
            "datetimeTo": {
                "utc": "2018-02-20T02:00:00Z",
                "local": "2018-02-19T18:00:00-08:00"
            }
        }
    },
    {
        "value": 3.0,
        "flagInfo": {
            "hasFlags": false
        },
        "parameter": {
            "id": 2,
            "name": "pm25",
            "units": "\u00b5g/m\u00b3",
            "displayName": null
        },
        "period": {
            "label": "raw",
            "interval": "01:00:00",
            "datetimeFrom": {
                "utc": "2018-02-20T02:00:00Z",
                "local": "2018-02-19T18:00:00-08:00"
            },
            "datetimeTo": {
                "utc": "2018-02-20T03:00:00Z",
                "local": "2018-02-19T19:00:00-08:00"
            }
        },
        "coordinates": null,
        "summary": null,
        "coverage": {
            "expectedCount": 1,
            "expectedInterval": "01:00:00",
            "observedCount": 1,
            "observedInterval": "01:00:00",
            "percentComplete": 100.0,
            "percentCoverage": 100.0,
            "datetimeFrom": {
                "utc": "2018-02-20T02:00:00Z",
                "local": "2018-02-19T18:00:00-08:00"
            },
            "datetimeTo": {
                "utc": "2018-02-20T03:00:00Z",
                "local": "2018-02-19T19:00:00-08:00"
            }
        }
    },
    {
        "value": 6.0,
        "flagInfo": {
            "hasFlags": false
        },
        "parameter": {
            "id": 2,
            "name": "pm25",
            "units": "\u00b5g/m\u00b3",
            "displayName": null
        },
        "period": {
            "label": "raw",
            "interval": "01:00:00",
            "datetimeFrom": {
                "utc": "2018-02-20T06:00:00Z",
                "local": "2018-02-19T22:00:00-08:00"
            },
            "datetimeTo": {
                "utc": "2018-02-20T07:00:00Z",
                "local": "2018-02-19T23:00:00-08:00"
            }
        },
        "coordinates": null,
        "summary": null,
        "coverage": {
            "expectedCount": 1,
            "expectedInterval": "01:00:00",
            "observedCount": 1,
            "observedInterval": "01:00:00",
            "percentComplete": 100.0,
            "percentCoverage": 100.0,
            "datetimeFrom": {
                "utc": "2018-02-20T06:00:00Z",
                "local": "2018-02-19T22:00:00-08:00"
            },
            "datetimeTo": {
                "utc": "2018-02-20T07:00:00Z",
                "local": "2018-02-19T23:00:00-08:00"
            }
        }
    },
    {
        "value": 8.0,
        "flagInfo": {
            "hasFlags": false
        },
        "parameter": {
            "id": 2,
            "name": "pm25",
            "units": "\u00b5g/m\u00b3",
            "displayName": null
        },
        "period": {
            "label": "raw",
            "interval": "01:00:00",
            "datetimeFrom": {
                "utc": "2018-02-20T07:00:00Z",
                "local": "2018-02-19T23:00:00-08:00"
            },
            "datetimeTo": {
                "utc": "2018-02-20T08:00:00Z",
                "local": "2018-02-20T00:00:00-08:00"
            }
        },
        "coordinates": null,
        "summary": null,
        "coverage": {
            "expectedCount": 1,
            "expectedInterval": "01:00:00",
            "observedCount": 1,
            "observedInterval": "01:00:00",
            "percentComplete": 100.0,
            "percentCoverage": 100.0,
            "datetimeFrom": {
                "utc": "2018-02-20T07:00:00Z",
                "local": "2018-02-19T23:00:00-08:00"
            },
            "datetimeTo": {
                "utc": "2018-02-20T08:00:00Z",
                "local": "2018-02-20T00:00:00-08:00"
            }
        }
    },
    {
        "value": 8.0,
        "flagInfo": {
            "hasFlags": false
        },
        "parameter": {
            "id": 2,
            "name": "pm25",
            "units": "\u00b5g/m\u00b3",
            "displayName": null
        },
        "period": {
            "label": "raw",
            "interval": "01:00:00",
            "datetimeFrom": {
                "utc": "2018-02-22T19:00:00Z",
                "local": "2018-02-22T11:00:00-08:00"
            },
            "datetimeTo": {
                "utc": "2018-02-22T20:00:00Z",
                "local": "2018-02-22T12:00:00-08:00"
            }
        },
        "coordinates": null,
        "summary": null,
        "coverage": {
            "expectedCount": 1,
            "expectedInterval": "01:00:00",
            "observedCount": 1,
            "observedInterval": "01:00:00",
            "percentComplete": 100.0,
            "percentCoverage": 100.0,
            "datetimeFrom": {
                "utc": "2018-02-22T19:00:00Z",
                "local": "2018-02-22T11:00:00-08:00"
            },
            "datetimeTo": {
                "utc": "2018-02-22T20:00:00Z",
                "local": "2018-02-22T12:00:00-08:00"
            }
        }
    },
    {
        "value": 0.0,
        "flagInfo": {
            "hasFlags": false
        },
        "parameter": {
            "id": 2,
            "name": "pm25",
            "units": "\u00b5g/m\u00b3",
            "displayName": null
        },
        "period": {
            "label": "raw",
            "interval": "01:00:00",
            "datetimeFrom": {
                "utc": "2018-02-22T20:00:00Z",
                "local": "2018-02-22T12:00:00-08:00"
            },
            "datetimeTo": {
                "utc": "2018-02-22T21:00:00Z",
                "local": "2018-02-22T13:00:00-08:00"
            }
        },
        "coordinates": null,
        "summary": null,
        "coverage": {
            "expectedCount": 1,
            "expectedInterval": "01:00:00",
            "observedCount": 1,
            "observedInterval": "01:00:00",
            "percentComplete": 100.0,
            "percentCoverage": 100.0,
            "datetimeFrom": {
                "utc": "2018-02-22T20:00:00Z",
                "local": "2018-02-22T12:00:00-08:00"
            },
            "datetimeTo": {
                "utc": "2018-02-22T21:00:00Z",
                "local": "2018-02-22T13:00:00-08:00"
            }
        }
    },
    {
        "value": 1.0,
        "flagInfo": {
            "hasFlags": false
        },
        "parameter": {
            "id": 2,
            "name": "pm25",
            "units": "\u00b5g/m\u00b3",
            "displayName": null
        },
        "period": {
            "label": "raw",
            "interval": "01:00:00",
            "datetimeFrom": {
                "utc": "2018-02-22T21:00:00Z",
                "local": "2018-02-22T13:00:00-08:00"
            },
            "datetimeTo": {
                "utc": "2018-02-22T22:00:00Z",
                "local": "2018-02-22T14:00:00-08:00"
            }
        },
        "coordinates": null,
        "summary": null,
        "coverage": {
            "expectedCount": 1,
            "expectedInterval": "01:00:00",
            "observedCount": 1,
            "observedInterval": "01:00:00",
            "percentComplete": 100.0,
            "percentCoverage": 100.0,
            "datetimeFrom": {
                "utc": "2018-02-22T21:00:00Z",
                "local": "2018-02-22T13:00:00-08:00"
            },
            "datetimeTo": {
                "utc": "2018-02-22T22:00:00Z",
                "local": "2018-02-22T14:00:00-08:00"
            }
        }
    },
    {
        "value": 1.0,
        "flagInfo": {
            "hasFlags": false
        },
        "parameter": {
            "id": 2,
            "name": "pm25",
            "units": "\u00b5g/m\u00b3",
            "displayName": null
        },
        "period": {
            "label": "raw",
            "interval": "01:00:00",
            "datetimeFrom": {
                "utc": "2018-02-22T22:00:00Z",
                "local": "2018-02-22T14:00:00-08:00"
            },
            "datetimeTo": {
                "utc": "2018-02-22T23:00:00Z",
                "local": "2018-02-22T15:00:00-08:00"
            }
        },
        "coordinates": null,
        "summary": null,
        "coverage": {
            "expectedCount": 1,
            "expectedInterval": "01:00:00",
            "observedCount": 1,
            "observedInterval": "01:00:00",
            "percentComplete": 100.0,
            "percentCoverage": 100.0,
            "datetimeFrom": {
                "utc": "2018-02-22T22:00:00Z",
                "local": "2018-02-22T14:00:00-08:00"
            },
            "datetimeTo": {
                "utc": "2018-02-22T23:00:00Z",
                "local": "2018-02-22T15:00:00-08:00"
            }
        }
    },
    {
        "value": 17.0,
        "flagInfo": {
            "hasFlags": false
        },
        "parameter": {
            "id": 2,
            "name": "pm25",
            "units": "\u00b5g/m\u00b3",
            "displayName": null
        },
        "period": {
            "label": "raw",
            "interval": "01:00:00",
            "datetimeFrom": {
                "utc": "2018-02-22T23:00:00Z",
                "local": "2018-02-22T15:00:00-08:00"
            },
            "datetimeTo": {
                "utc": "2018-02-23T00:00:00Z",
                "local": "2018-02-22T16:00:00-08:00"
            }
        },
        "coordinates": null,
        "summary": null,
        "coverage": {
            "expectedCount": 1,
            "expectedInterval": "01:00:00",
            "observedCount": 1,
            "observedInterval": "01:00:00",
            "percentComplete": 100.0,
            "percentCoverage": 100.0,
            "datetimeFrom": {
                "utc": "2018-02-22T23:00:00Z",
                "local": "2018-02-22T15:00:00-08:00"
            },
            "datetimeTo": {
                "utc": "2018-02-23T00:00:00Z",
                "local": "2018-02-22T16:00:00-08:00"
            }
        }
    },
    {
        "value": 1.0,
        "flagInfo": {
            "hasFlags": false
        },
        "parameter": {
            "id": 2,
            "name": "pm25",
            "units": "\u00b5g/m\u00b3",
            "displayName": null
        },
        "period": {
            "label": "raw",
            "interval": "01:00:00",
            "datetimeFrom": {
                "utc": "2018-02-23T02:00:00Z",
                "local": "2018-02-22T18:00:00-08:00"
            },
            "datetimeTo": {
                "utc": "2018-02-23T03:00:00Z",
                "local": "2018-02-22T19:00:00-08:00"
            }
        },
        "coordinates": null,
        "summary": null,
        "coverage": {
            "expectedCount": 1,
            "expectedInterval": "01:00:00",
            "observedCount": 1,
            "observedInterval": "01:00:00",
            "percentComplete": 100.0,
            "percentCoverage": 100.0,
            "datetimeFrom": {
                "utc": "2018-02-23T02:00:00Z",
                "local": "2018-02-22T18:00:00-08:00"
            },
            "datetimeTo": {
                "utc": "2018-02-23T03:00:00Z",
                "local": "2018-02-22T19:00:00-08:00"
            }
        }
    },
    {
        "value": -3.0,
        "flagInfo": {
            "hasFlags": false
        },
        "parameter": {
            "id": 2,
            "name": "pm25",
            "units": "\u00b5g/m\u00b3",
            "displayName": null
        },
        "period": {
            "label": "raw",
            "interval": "01:00:00",
            "datetimeFrom": {
                "utc": "2018-02-23T03:00:00Z",
                "local": "2018-02-22T19:00:00-08:00"
            },
            "datetimeTo": {
                "utc": "2018-02-23T04:00:00Z",
                "local": "2018-02-22T20:00:00-08:00"
            }
        },
        "coordinates": null,
        "summary": null,
        "coverage": {
            "expectedCount": 1,
            "expectedInterval": "01:00:00",
            "observedCount": 1,
            "observedInterval": "01:00:00",
            "percentComplete": 100.0,
            "percentCoverage": 100.0,
            "datetimeFrom": {
                "utc": "2018-02-23T03:00:00Z",
                "local": "2018-02-22T19:00:00-08:00"
            },
            "datetimeTo": {
                "utc": "2018-02-23T04:00:00Z",
                "local": "2018-02-22T20:00:00-08:00"
            }
        }
    },
    {
        "value": 12.0,
        "flagInfo": {
            "hasFlags": false
        },
        "parameter": {
            "id": 2,
            "name": "pm25",
            "units": "\u00b5g/m\u00b3",
            "displayName": null
        },
        "period": {
            "label": "raw",
            "interval": "01:00:00",
            "datetimeFrom": {
                "utc": "2018-02-23T04:00:00Z",
                "local": "2018-02-22T20:00:00-08:00"
            },
            "datetimeTo": {
                "utc": "2018-02-23T05:00:00Z",
                "local": "2018-02-22T21:00:00-08:00"
            }
        },
        "coordinates": null,
        "summary": null,
        "coverage": {
            "expectedCount": 1,
            "expectedInterval": "01:00:00",
            "observedCount": 1,
            "observedInterval": "01:00:00",
            "percentComplete": 100.0,
            "percentCoverage": 100.0,
            "datetimeFrom": {
                "utc": "2018-02-23T04:00:00Z",
                "local": "2018-02-22T20:00:00-08:00"
            },
            "datetimeTo": {
                "utc": "2018-02-23T05:00:00Z",
                "local": "2018-02-22T21:00:00-08:00"
            }
        }
    },
    {
        "value": 3.0,
        "flagInfo": {
            "hasFlags": false
        },
        "parameter": {
            "id": 2,
            "name": "pm25",
            "units": "\u00b5g/m\u00b3",
            "displayName": null
        },
        "period": {
            "label": "raw",
            "interval": "01:00:00",
            "datetimeFrom": {
                "utc": "2018-02-23T05:00:00Z",
                "local": "2018-02-22T21:00:00-08:00"
            },
            "datetimeTo": {
                "utc": "2018-02-23T06:00:00Z",
                "local": "2018-02-22T22:00:00-08:00"
            }
        },
        "coordinates": null,
        "summary": null,
        "coverage": {
            "expectedCount": 1,
            "expectedInterval": "01:00:00",
            "observedCount": 1,
            "observedInterval": "01:00:00",
            "percentComplete": 100.0,
            "percentCoverage": 100.0,
            "datetimeFrom": {
                "utc": "2018-02-23T05:00:00Z",
                "local": "2018-02-22T21:00:00-08:00"
            },
            "datetimeTo": {
                "utc": "2018-02-23T06:00:00Z",
                "local": "2018-02-22T22:00:00-08:00"
            }
        }
    },
    {
        "value": -2.0,
        "flagInfo": {
            "hasFlags": false
        },
        "parameter": {
            "id": 2,
            "name": "pm25",
            "units": "\u00b5g/m\u00b3",
            "displayName": null
        },
        "period": {
            "label": "raw",
            "interval": "01:00:00",
            "datetimeFrom": {
                "utc": "2018-02-24T19:00:00Z",
                "local": "2018-02-24T11:00:00-08:00"
            },
            "datetimeTo": {
                "utc": "2018-02-24T20:00:00Z",
                "local": "2018-02-24T12:00:00-08:00"
            }
        },
        "coordinates": null,
        "summary": null,
        "coverage": {
            "expectedCount": 1,
            "expectedInterval": "01:00:00",
            "observedCount": 1,
            "observedInterval": "01:00:00",
            "percentComplete": 100.0,
            "percentCoverage": 100.0,
            "datetimeFrom": {
                "utc": "2018-02-24T19:00:00Z",
                "local": "2018-02-24T11:00:00-08:00"
            },
            "datetimeTo": {
                "utc": "2018-02-24T20:00:00Z",
                "local": "2018-02-24T12:00:00-08:00"
            }
        }
    },
    {
        "value": 1.0,
        "flagInfo": {
            "hasFlags": false
        },
        "parameter": {
            "id": 2,
            "name": "pm25",
            "units": "\u00b5g/m\u00b3",
            "displayName": null
        },
        "period": {
            "label": "raw",
            "interval": "01:00:00",
            "datetimeFrom": {
                "utc": "2018-02-24T21:00:00Z",
                "local": "2018-02-24T13:00:00-08:00"
            },
            "datetimeTo": {
                "utc": "2018-02-24T22:00:00Z",
                "local": "2018-02-24T14:00:00-08:00"
            }
        },
        "coordinates": null,
        "summary": null,
        "coverage": {
            "expectedCount": 1,
            "expectedInterval": "01:00:00",
            "observedCount": 1,
            "observedInterval": "01:00:00",
            "percentComplete": 100.0,
            "percentCoverage": 100.0,
            "datetimeFrom": {
                "utc": "2018-02-24T21:00:00Z",
                "local": "2018-02-24T13:00:00-08:00"
            },
            "datetimeTo": {
                "utc": "2018-02-24T22:00:00Z",
                "local": "2018-02-24T14:00:00-08:00"
            }
        }
    },
    {
        "value": 4.0,
        "flagInfo": {
            "hasFlags": false
        },
        "parameter": {
            "id": 2,
            "name": "pm25",
            "units": "\u00b5g/m\u00b3",
            "displayName": null
        },
        "period": {
            "label": "raw",
            "interval": "01:00:00",
            "datetimeFrom": {
                "utc": "2018-02-24T23:00:00Z",
                "local": "2018-02-24T15:00:00-08:00"
            },
            "datetimeTo": {
                "utc": "2018-02-25T00:00:00Z",
                "local": "2018-02-24T16:00:00-08:00"
            }
        },
        "coordinates": null,
        "summary": null,
        "coverage": {
            "expectedCount": 1,
            "expectedInterval": "01:00:00",
            "observedCount": 1,
            "observedInterval": "01:00:00",
            "percentComplete": 100.0,
            "percentCoverage": 100.0,
            "datetimeFrom": {
                "utc": "2018-02-24T23:00:00Z",
                "local": "2018-02-24T15:00:00-08:00"
            },
            "datetimeTo": {
                "utc": "2018-02-25T00:00:00Z",
                "local": "2018-02-24T16:00:00-08:00"
            }
        }
    },
    {
        "value": 2.0,
        "flagInfo": {
            "hasFlags": false
        },
        "parameter": {
            "id": 2,
            "name": "pm25",
            "units": "\u00b5g/m\u00b3",
            "displayName": null
        },
        "period": {
            "label": "raw",
            "interval": "01:00:00",
            "datetimeFrom": {
                "utc": "2018-02-25T02:00:00Z",
                "local": "2018-02-24T18:00:00-08:00"
            },
            "datetimeTo": {
                "utc": "2018-02-25T03:00:00Z",
                "local": "2018-02-24T19:00:00-08:00"
            }
        },
        "coordinates": null,
        "summary": null,
        "coverage": {
            "expectedCount": 1,
            "expectedInterval": "01:00:00",
            "observedCount": 1,
            "observedInterval": "01:00:00",
            "percentComplete": 100.0,
            "percentCoverage": 100.0,
            "datetimeFrom": {
                "utc": "2018-02-25T02:00:00Z",
                "local": "2018-02-24T18:00:00-08:00"
            },
            "datetimeTo": {
                "utc": "2018-02-25T03:00:00Z",
                "local": "2018-02-24T19:00:00-08:00"
            }
        }
    },
    {
        "value": 9.0,
        "flagInfo": {
            "hasFlags": false
        },
        "parameter": {
            "id": 2,
            "name": "pm25",
            "units": "\u00b5g/m\u00b3",
            "displayName": null
        },
        "period": {
            "label": "raw",
            "interval": "01:00:00",
            "datetimeFrom": {
                "utc": "2018-02-25T03:00:00Z",
                "local": "2018-02-24T19:00:00-08:00"
            },
            "datetimeTo": {
                "utc": "2018-02-25T04:00:00Z",
                "local": "2018-02-24T20:00:00-08:00"
            }
        },
        "coordinates": null,
        "summary": null,
        "coverage": {
            "expectedCount": 1,
            "expectedInterval": "01:00:00",
            "observedCount": 1,
            "observedInterval": "01:00:00",
            "percentComplete": 100.0,
            "percentCoverage": 100.0,
            "datetimeFrom": {
                "utc": "2018-02-25T03:00:00Z",
                "local": "2018-02-24T19:00:00-08:00"
            },
            "datetimeTo": {
                "utc": "2018-02-25T04:00:00Z",
                "local": "2018-02-24T20:00:00-08:00"
            }
        }
    },
    {
        "value": 14.0,
        "flagInfo": {
            "hasFlags": false
        },
        "parameter": {
            "id": 2,
            "name": "pm25",
            "units": "\u00b5g/m\u00b3",
            "displayName": null
        },
        "period": {
            "label": "raw",
            "interval": "01:00:00",
            "datetimeFrom": {
                "utc": "2018-02-25T04:00:00Z",
                "local": "2018-02-24T20:00:00-08:00"
            },
            "datetimeTo": {
                "utc": "2018-02-25T05:00:00Z",
                "local": "2018-02-24T21:00:00-08:00"
            }
        },
        "coordinates": null,
        "summary": null,
        "coverage": {
            "expectedCount": 1,
            "expectedInterval": "01:00:00",
            "observedCount": 1,
            "observedInterval": "01:00:00",
            "percentComplete": 100.0,
            "percentCoverage": 100.0,
            "datetimeFrom": {
                "utc": "2018-02-25T04:00:00Z",
                "local": "2018-02-24T20:00:00-08:00"
            },
            "datetimeTo": {
                "utc": "2018-02-25T05:00:00Z",
                "local": "2018-02-24T21:00:00-08:00"
            }
        }
    },
    {
        "value": 17.0,
        "flagInfo": {
            "hasFlags": false
        },
        "parameter": {
            "id": 2,
            "name": "pm25",
            "units": "\u00b5g/m\u00b3",
            "displayName": null
        },
        "period": {
            "label": "raw",
            "interval": "01:00:00",
            "datetimeFrom": {
                "utc": "2018-02-25T05:00:00Z",
                "local": "2018-02-24T21:00:00-08:00"
            },
            "datetimeTo": {
                "utc": "2018-02-25T06:00:00Z",
                "local": "2018-02-24T22:00:00-08:00"
            }
        },
        "coordinates": null,
        "summary": null,
        "coverage": {
            "expectedCount": 1,
            "expectedInterval": "01:00:00",
            "observedCount": 1,
            "observedInterval": "01:00:00",
            "percentComplete": 100.0,
            "percentCoverage": 100.0,
            "datetimeFrom": {
                "utc": "2018-02-25T05:00:00Z",
                "local": "2018-02-24T21:00:00-08:00"
            },
            "datetimeTo": {
                "utc": "2018-02-25T06:00:00Z",
                "local": "2018-02-24T22:00:00-08:00"
            }
        }
    },
    {
        "value": 0.0,
        "flagInfo": {
            "hasFlags": false
        },
        "parameter": {
            "id": 2,
            "name": "pm25",
            "units": "\u00b5g/m\u00b3",
            "displayName": null
        },
        "period": {
            "label": "raw",
            "interval": "01:00:00",
            "datetimeFrom": {
                "utc": "2018-02-26T04:00:00Z",
                "local": "2018-02-25T20:00:00-08:00"
            },
            "datetimeTo": {
                "utc": "2018-02-26T05:00:00Z",
                "local": "2018-02-25T21:00:00-08:00"
            }
        },
        "coordinates": null,
        "summary": null,
        "coverage": {
            "expectedCount": 1,
            "expectedInterval": "01:00:00",
            "observedCount": 1,
            "observedInterval": "01:00:00",
            "percentComplete": 100.0,
            "percentCoverage": 100.0,
            "datetimeFrom": {
                "utc": "2018-02-26T04:00:00Z",
                "local": "2018-02-25T20:00:00-08:00"
            },
            "datetimeTo": {
                "utc": "2018-02-26T05:00:00Z",
                "local": "2018-02-25T21:00:00-08:00"
            }
        }
    },
    {
        "value": 4.0,
        "flagInfo": {
            "hasFlags": false
        },
        "parameter": {
            "id": 2,
            "name": "pm25",
            "units": "\u00b5g/m\u00b3",
            "displayName": null
        },
        "period": {
            "label": "raw",
            "interval": "01:00:00",
            "datetimeFrom": {
                "utc": "2018-02-28T02:00:00Z",
                "local": "2018-02-27T18:00:00-08:00"
            },
            "datetimeTo": {
                "utc": "2018-02-28T03:00:00Z",
                "local": "2018-02-27T19:00:00-08:00"
            }
        },
        "coordinates": null,
        "summary": null,
        "coverage": {
            "expectedCount": 1,
            "expectedInterval": "01:00:00",
            "observedCount": 1,
            "observedInterval": "01:00:00",
            "percentComplete": 100.0,
            "percentCoverage": 100.0,
            "datetimeFrom": {
                "utc": "2018-02-28T02:00:00Z",
                "local": "2018-02-27T18:00:00-08:00"
            },
            "datetimeTo": {
                "utc": "2018-02-28T03:00:00Z",
                "local": "2018-02-27T19:00:00-08:00"
            }
        }
    },
    {
        "value": 7.0,
        "flagInfo": {
            "hasFlags": false
        },
        "parameter": {
            "id": 2,
            "name": "pm25",
            "units": "\u00b5g/m\u00b3",
            "displayName": null
        },
        "period": {
            "label": "raw",
            "interval": "01:00:00",
            "datetimeFrom": {
                "utc": "2018-02-28T05:00:00Z",
                "local": "2018-02-27T21:00:00-08:00"
            },
            "datetimeTo": {
                "utc": "2018-02-28T06:00:00Z",
                "local": "2018-02-27T22:00:00-08:00"
            }
        },
        "coordinates": null,
        "summary": null,
        "coverage": {
            "expectedCount": 1,
            "expectedInterval": "01:00:00",
            "observedCount": 1,
            "observedInterval": "01:00:00",
            "percentComplete": 100.0,
            "percentCoverage": 100.0,
            "datetimeFrom": {
                "utc": "2018-02-28T05:00:00Z",
                "local": "2018-02-27T21:00:00-08:00"
            },
            "datetimeTo": {
                "utc": "2018-02-28T06:00:00Z",
                "local": "2018-02-27T22:00:00-08:00"
            }
        }
    }
]