[
    {
        "value": 4.0,
        "flagInfo": {
            "hasFlags": false
        },
        "parameter": {
            "id": 2,
            "name": "pm25",
            "units": "\u00b5g/m\u00b3",
            "displayName": null
        },
        "period": {
            "label": "raw",
            "interval": "01:00:00",
            "datetimeFrom": {
                "utc": "2017-11-15T00:00:00Z",
                "local": "2017-11-14T16:00:00-08:00"
            },
            "datetimeTo": {
                "utc": "2017-11-15T01:00:00Z",
                "local": "2017-11-14T17:00:00-08:00"
            }
        },
        "coordinates": null,
        "summary": null,
        "coverage": {
            "expectedCount": 1,
            "expectedInterval": "01:00:00",
            "observedCount": 1,
            "observedInterval": "01:00:00",
            "percentComplete": 100.0,
            "percentCoverage": 100.0,
            "datetimeFrom": {
                "utc": "2017-11-15T00:00:00Z",
                "local": "2017-11-14T16:00:00-08:00"
            },
            "datetimeTo": {
                "utc": "2017-11-15T01:00:00Z",
                "local": "2017-11-14T17:00:00-08:00"
            }
        }
    },
    {
        "value": 7.0,
        "flagInfo": {
            "hasFlags": false
        },
        "parameter": {
            "id": 2,
            "name": "pm25",
            "units": "\u00b5g/m\u00b3",
            "displayName": null
        },
        "period": {
            "label": "raw",
            "interval": "01:00:00",
            "datetimeFrom": {
                "utc": "2017-11-15T05:00:00Z",
                "local": "2017-11-14T21:00:00-08:00"
            },
            "datetimeTo": {
                "utc": "2017-11-15T06:00:00Z",
                "local": "2017-11-14T22:00:00-08:00"
            }
        },
        "coordinates": null,
        "summary": null,
        "coverage": {
            "expectedCount": 1,
            "expectedInterval": "01:00:00",
            "observedCount": 1,
            "observedInterval": "01:00:00",
            "percentComplete": 100.0,
            "percentCoverage": 100.0,
            "datetimeFrom": {
                "utc": "2017-11-15T05:00:00Z",
                "local": "2017-11-14T21:00:00-08:00"
            },
            "datetimeTo": {
                "utc": "2017-11-15T06:00:00Z",
                "local": "2017-11-14T22:00:00-08:00"
            }
        }
    },
    {
        "value": 3.0,
        "flagInfo": {
            "hasFlags": false
        },
        "parameter": {
            "id": 2,
            "name": "pm25",
            "units": "\u00b5g/m\u00b3",
            "displayName": null
        },
        "period": {
            "label": "raw",
            "interval": "01:00:00",
            "datetimeFrom": {
                "utc": "2017-11-15T20:00:00Z",
                "local": "2017-11-15T12:00:00-08:00"
            },
            "datetimeTo": {
                "utc": "2017-11-15T21:00:00Z",
                "local": "2017-11-15T13:00:00-08:00"
            }
        },
        "coordinates": null,
        "summary": null,
        "coverage": {
            "expectedCount": 1,
            "expectedInterval": "01:00:00",
            "observedCount": 1,
            "observedInterval": "01:00:00",
            "percentComplete": 100.0,
            "percentCoverage": 100.0,
            "datetimeFrom": {
                "utc": "2017-11-15T20:00:00Z",
                "local": "2017-11-15T12:00:00-08:00"
            },
            "datetimeTo": {
                "utc": "2017-11-15T21:00:00Z",
                "local": "2017-11-15T13:00:00-08:00"
            }
        }
    },
    {
        "value": 2.0,
        "flagInfo": {
            "hasFlags": false
        },
        "parameter": {
            "id": 2,
            "name": "pm25",
            "units": "\u00b5g/m\u00b3",
            "displayName": null
        },
        "period": {
            "label": "raw",
            "interval": "01:00:00",
            "datetimeFrom": {
                "utc": "2017-11-16T02:00:00Z",
                "local": "2017-11-15T18:00:00-08:00"
            },
            "datetimeTo": {
                "utc": "2017-11-16T03:00:00Z",
                "local": "2017-11-15T19:00:00-08:00"
            }
        },
        "coordinates": null,
        "summary": null,
        "coverage": {
            "expectedCount": 1,
            "expectedInterval": "01:00:00",
            "observedCount": 1,
            "observedInterval": "01:00:00",
            "percentComplete": 100.0,
            "percentCoverage": 100.0,
            "datetimeFrom": {
                "utc": "2017-11-16T02:00:00Z",
                "local": "2017-11-15T18:00:00-08:00"
            },
            "datetimeTo": {
                "utc": "2017-11-16T03:00:00Z",
                "local": "2017-11-15T19:00:00-08:00"
            }
        }
    },
    {
        "value": -2.0,
        "flagInfo": {
            "hasFlags": false
        },
        "parameter": {
            "id": 2,
            "name": "pm25",
            "units": "\u00b5g/m\u00b3",
            "displayName": null
        },
        "period": {
            "label": "raw",
            "interval": "01:00:00",
            "datetimeFrom": {
                "utc": "2017-11-16T04:00:00Z",
                "local": "2017-11-15T20:00:00-08:00"
            },
            "datetimeTo": {
                "utc": "2017-11-16T05:00:00Z",
                "local": "2017-11-15T21:00:00-08:00"
            }
        },
        "coordinates": null,
        "summary": null,
        "coverage": {
            "expectedCount": 1,
            "expectedInterval": "01:00:00",
            "observedCount": 1,
            "observedInterval": "01:00:00",
            "percentComplete": 100.0,
            "percentCoverage": 100.0,
            "datetimeFrom": {
                "utc": "2017-11-16T04:00:00Z",
                "local": "2017-11-15T20:00:00-08:00"
            },
            "datetimeTo": {
                "utc": "2017-11-16T05:00:00Z",
                "local": "2017-11-15T21:00:00-08:00"
            }
        }
    },
    {
        "value": 2.0,
        "flagInfo": {
            "hasFlags": false
        },
        "parameter": {
            "id": 2,
            "name": "pm25",
            "units": "\u00b5g/m\u00b3",
            "displayName": null
        },
        "period": {
            "label": "raw",
            "interval": "01:00:00",
            "datetimeFrom": {
                "utc": "2017-11-16T18:00:00Z",
                "local": "2017-11-16T10:00:00-08:00"
            },
            "datetimeTo": {
                "utc": "2017-11-16T19:00:00Z",
                "local": "2017-11-16T11:00:00-08:00"
            }
        },
        "coordinates": null,
        "summary": null,
        "coverage": {
            "expectedCount": 1,
            "expectedInterval": "01:00:00",
            "observedCount": 1,
            "observedInterval": "01:00:00",
            "percentComplete": 100.0,
            "percentCoverage": 100.0,
            "datetimeFrom": {
                "utc": "2017-11-16T18:00:00Z",
                "local": "2017-11-16T10:00:00-08:00"
            },
            "datetimeTo": {
                "utc": "2017-11-16T19:00:00Z",
                "local": "2017-11-16T11:00:00-08:00"
            }
        }
    },
    {
        "value": -3.0,
        "flagInfo": {
            "hasFlags": false
        },
        "parameter": {
            "id": 2,
            "name": "pm25",
            "units": "\u00b5g/m\u00b3",
            "displayName": null
        },
        "period": {
            "label": "raw",
            "interval": "01:00:00",
            "datetimeFrom": {
                "utc": "2017-11-16T19:00:00Z",
                "local": "2017-11-16T11:00:00-08:00"
            },
            "datetimeTo": {
                "utc": "2017-11-16T20:00:00Z",
                "local": "2017-11-16T12:00:00-08:00"
            }
        },
        "coordinates": null,
        "summary": null,
        "coverage": {
            "expectedCount": 1,
            "expectedInterval": "01:00:00",
            "observedCount": 1,
            "observedInterval": "01:00:00",
            "percentComplete": 100.0,
            "percentCoverage": 100.0,
            "datetimeFrom": {
                "utc": "2017-11-16T19:00:00Z",
                "local": "2017-11-16T11:00:00-08:00"
            },
            "datetimeTo": {
                "utc": "2017-11-16T20:00:00Z",
                "local": "2017-11-16T12:00:00-08:00"
            }
        }
    },
    {
        "value": -2.0,
        "flagInfo": {
            "hasFlags": false
        },
        "parameter": {
            "id": 2,
            "name": "pm25",
            "units": "\u00b5g/m\u00b3",
            "displayName": null
        },
        "period": {
            "label": "raw",
            "interval": "01:00:00",
            "datetimeFrom": {
                "utc": "2017-11-18T02:00:00Z",
                "local": "2017-11-17T18:00:00-08:00"
            },
            "datetimeTo": {
                "utc": "2017-11-18T03:00:00Z",
                "local": "2017-11-17T19:00:00-08:00"
            }
        },
        "coordinates": null,
        "summary": null,
        "coverage": {
            "expectedCount": 1,
            "expectedInterval": "01:00:00",
            "observedCount": 1,
            "observedInterval": "01:00:00",
            "percentComplete": 100.0,
            "percentCoverage": 100.0,
            "datetimeFrom": {
                "utc": "2017-11-18T02:00:00Z",
                "local": "2017-11-17T18:00:00-08:00"
            },
            "datetimeTo": {
                "utc": "2017-11-18T03:00:00Z",
                "local": "2017-11-17T19:00:00-08:00"
            }
        }
    },
    {
        "value": 1.0,
        "flagInfo": {
            "hasFlags": false
        },
        "parameter": {
            "id": 2,
            "name": "pm25",
            "units": "\u00b5g/m\u00b3",
            "displayName": null
        },
        "period": {
            "label": "raw",
            "interval": "01:00:00",
            "datetimeFrom": {
                "utc": "2017-11-20T02:00:00Z",
                "local": "2017-11-19T18:00:00-08:00"
            },
            "datetimeTo": {
                "utc": "2017-11-20T03:00:00Z",
                "local": "2017-11-19T19:00:00-08:00"
            }
        },
        "coordinates": null,
        "summary": null,
        "coverage": {
            "expectedCount": 1,
            "expectedInterval": "01:00:00",
            "observedCount": 1,
            "observedInterval": "01:00:00",
            "percentComplete": 100.0,
            "percentCoverage": 100.0,
            "datetimeFrom": {
                "utc": "2017-11-20T02:00:00Z",
                "local": "2017-11-19T18:00:00-08:00"
            },
            "datetimeTo": {
                "utc": "2017-11-20T03:00:00Z",
                "local": "2017-11-19T19:00:00-08:00"
            }
        }
    },
    {
        "value": 13.0,
        "flagInfo": {
            "hasFlags": false
        },
        "parameter": {
            "id": 2,
            "name": "pm25",
            "units": "\u00b5g/m\u00b3",
            "displayName": null
        },
        "period": {
            "label": "raw",
            "interval": "01:00:00",
            "datetimeFrom": {
                "utc": "2017-11-20T03:00:00Z",
                "local": "2017-11-19T19:00:00-08:00"
            },
            "datetimeTo": {
                "utc": "2017-11-20T04:00:00Z",
                "local": "2017-11-19T20:00:00-08:00"
            }
        },
        "coordinates": null,
        "summary": null,
        "coverage": {
            "expectedCount": 1,
            "expectedInterval": "01:00:00",
            "observedCount": 1,
            "observedInterval": "01:00:00",
            "percentComplete": 100.0,
            "percentCoverage": 100.0,
            "datetimeFrom": {
                "utc": "2017-11-20T03:00:00Z",
                "local": "2017-11-19T19:00:00-08:00"
            },
            "datetimeTo": {
                "utc": "2017-11-20T04:00:00Z",
                "local": "2017-11-19T20:00:00-08:00"
            }
        }
    },
    {
        "value": 11.0,
        "flagInfo": {
            "hasFlags": false
        },
        "parameter": {
            "id": 2,
            "name": "pm25",
            "units": "\u00b5g/m\u00b3",
            "displayName": null
        },
        "period": {
            "label": "raw",
            "interval": "01:00:00",
            "datetimeFrom": {
                "utc": "2017-11-20T05:00:00Z",
                "local": "2017-11-19T21:00:00-08:00"
            },
            "datetimeTo": {
                "utc": "2017-11-20T06:00:00Z",
                "local": "2017-11-19T22:00:00-08:00"
            }
        },
        "coordinates": null,
        "summary": null,
        "coverage": {
            "expectedCount": 1,
            "expectedInterval": "01:00:00",
            "observedCount": 1,
            "observedInterval": "01:00:00",
            "percentComplete": 100.0,
            "percentCoverage": 100.0,
            "datetimeFrom": {
                "utc": "2017-11-20T05:00:00Z",
                "local": "2017-11-19T21:00:00-08:00"
            },
            "datetimeTo": {
                "utc": "2017-11-20T06:00:00Z",
                "local": "2017-11-19T22:00:00-08:00"
            }
        }
    },
    {
        "value": 5.0,
        "flagInfo": {
            "hasFlags": false
        },
        "parameter": {
            "id": 2,
            "name": "pm25",
            "units": "\u00b5g/m\u00b3",
            "displayName": null
        },
        "period": {
            "label": "raw",
            "interval": "01:00:00",
            "datetimeFrom": {
                "utc": "2017-11-20T18:00:00Z",
                "local": "2017-11-20T10:00:00-08:00"
            },
            "datetimeTo": {
                "utc": "2017-11-20T19:00:00Z",
                "local": "2017-11-20T11:00:00-08:00"
            }
        },
        "coordinates": null,
        "summary": null,
        "coverage": {
            "expectedCount": 1,
            "expectedInterval": "01:00:00",
            "observedCount": 1,
            "observedInterval": "01:00:00",
            "percentComplete": 100.0,
            "percentCoverage": 100.0,
            "datetimeFrom": {
                "utc": "2017-11-20T18:00:00Z",
                "local": "2017-11-20T10:00:00-08:00"
            },
            "datetimeTo": {
                "utc": "2017-11-20T19:00:00Z",
                "local": "2017-11-20T11:00:00-08:00"
            }
        }
    },
    {
        "value": 10.0,
        "flagInfo": {
            "hasFlags": false
        },
        "parameter": {
            "id": 2,
            "name": "pm25",
            "units": "\u00b5g/m\u00b3",
            "displayName": null
        },
        "period": {
            "label": "raw",
            "interval": "01:00:00",
            "datetimeFrom": {
                "utc": "2017-11-20T20:00:00Z",
                "local": "2017-11-20T12:00:00-08:00"
            },
            "datetimeTo": {
                "utc": "2017-11-20T21:00:00Z",
                "local": "2017-11-20T13:00:00-08:00"
            }
        },
        "coordinates": null,
        "summary": null,
        "coverage": {
            "expectedCount": 1,
            "expectedInterval": "01:00:00",
            "observedCount": 1,
            "observedInterval": "01:00:00",
            "percentComplete": 100.0,
            "percentCoverage": 100.0,
            "datetimeFrom": {
                "utc": "2017-11-20T20:00:00Z",
                "local": "2017-11-20T12:00:00-08:00"
            },
            "datetimeTo": {
                "utc": "2017-11-20T21:00:00Z",
                "local": "2017-11-20T13:00:00-08:00"
            }
        }
    },
    {
        "value": 9.0,
        "flagInfo": {
            "hasFlags": false
        },
        "parameter": {
            "id": 2,
            "name": "pm25",
            "units": "\u00b5g/m\u00b3",
            "displayName": null
        },
        "period": {
            "label": "raw",
            "interval": "01:00:00",
            "datetimeFrom": {
                "utc": "2017-11-21T20:00:00Z",
                "local": "2017-11-21T12:00:00-08:00"
            },
            "datetimeTo": {
                "utc": "2017-11-21T21:00:00Z",
                "local": "2017-11-21T13:00:00-08:00"
            }
        },
        "coordinates": null,
        "summary": null,
        "coverage": {
            "expectedCount": 1,
            "expectedInterval": "01:00:00",
            "observedCount": 1,
            "observedInterval": "01:00:00",
            "percentComplete": 100.0,
            "percentCoverage": 100.0,
            "datetimeFrom": {
                "utc": "2017-11-21T20:00:00Z",
                "local": "2017-11-21T12:00:00-08:00"
            },
            "datetimeTo": {
                "utc": "2017-11-21T21:00:00Z",
                "local": "2017-11-21T13:00:00-08:00"
            }
        }
    },
    {
        "value": 4.0,
        "flagInfo": {
            "hasFlags": false
        },
        "parameter": {
            "id": 2,
            "name": "pm25",
            "units": "\u00b5g/m\u00b3",
            "displayName": null
        },
        "period": {
            "label": "raw",
            "interval": "01:00:00",
            "datetimeFrom": {
                "utc": "2017-11-22T04:00:00Z",
                "local": "2017-11-21T20:00:00-08:00"
            },
            "datetimeTo": {
                "utc": "2017-11-22T05:00:00Z",
                "local": "2017-11-21T21:00:00-08:00"
            }
        },
        "coordinates": null,
        "summary": null,
        "coverage": {
            "expectedCount": 1,
            "expectedInterval": "01:00:00",
            "observedCount": 1,
            "observedInterval": "01:00:00",
            "percentComplete": 100.0,
            "percentCoverage": 100.0,
            "datetimeFrom": {
                "utc": "2017-11-22T04:00:00Z",
                "local": "2017-11-21T20:00:00-08:00"
            },
            "datetimeTo": {
                "utc": "2017-11-22T05:00:00Z",
                "local": "2017-11-21T21:00:00-08:00"
            }
        }
    },
    {
        "value": -2.0,
        "flagInfo": {
            "hasFlags": false
        },
        "parameter": {
            "id": 2,
            "name": "pm25",
            "units": "\u00b5g/m\u00b3",
            "displayName": null
        },
        "period": {
            "label": "raw",
            "interval": "01:00:00",
            "datetimeFrom": {
                "utc": "2017-11-22T22:00:00Z",
                "local": "2017-11-22T14:00:00-08:00"
            },
            "datetimeTo": {
                "utc": "2017-11-22T23:00:00Z",
                "local": "2017-11-22T15:00:00-08:00"
            }
        },
        "coordinates": null,
        "summary": null,
        "coverage": {
            "expectedCount": 1,
            "expectedInterval": "01:00:00",
            "observedCount": 1,
            "observedInterval": "01:00:00",
            "percentComplete": 100.0,
            "percentCoverage": 100.0,
            "datetimeFrom": {
                "utc": "2017-11-22T22:00:00Z",
                "local": "2017-11-22T14:00:00-08:00"
            },
            "datetimeTo": {
                "utc": "2017-11-22T23:00:00Z",
                "local": "2017-11-22T15:00:00-08:00"
            }
        }
    },
    {
        "value": 7.0,
        "flagInfo": {
            "hasFlags": false
        },
        "parameter": {
            "id": 2,
            "name": "pm25",
            "units": "\u00b5g/m\u00b3",
            "displayName": null
        },
        "period": {
            "label": "raw",
            "interval": "01:00:00",
            "datetimeFrom": {
                "utc": "2017-11-24T01:00:00Z",
                "local": "2017-11-23T17:00:00-08:00"
            },
            "datetimeTo": {
                "utc": "2017-11-24T02:00:00Z",
                "local": "2017-11-23T18:00:00-08:00"
            }
        },
        "coordinates": null,
        "summary": null,
        "coverage": {
            "expectedCount": 1,
            "expectedInterval": "01:00:00",
            "observedCount": 1,
            "observedInterval": "01:00:00",
            "percentComplete": 100.0,
            "percentCoverage": 100.0,
            "datetimeFrom": {
                "utc": "2017-11-24T01:00:00Z",
                "local": "2017-11-23T17:00:00-08:00"
            },
            "datetimeTo": {
                "utc": "2017-11-24T02:00:00Z",
                "local": "2017-11-23T18:00:00-08:00"
            }
        }
    },
    {
        "value": 4.0,
        "flagInfo": {
            "hasFlags": false
        },
        "parameter": {
            "id": 2,
            "name": "pm25",
            "units": "\u00b5g/m\u00b3",
            "displayName": null
        },
        "period": {
            "label": "raw",
            "interval": "01:00:00",
            "datetimeFrom": {
                "utc": "2017-11-26T01:00:00Z",
                "local": "2017-11-25T17:00:00-08:00"
            },
            "datetimeTo": {
                "utc": "2017-11-26T02:00:00Z",
                "local": "2017-11-25T18:00:00-08:00"
            }
        },
        "coordinates": null,
        "summary": null,
        "coverage": {
            "expectedCount": 1,
            "expectedInterval": "01:00:00",
            "observedCount": 1,
            "observedInterval": "01:00:00",
            "percentComplete": 100.0,
            "percentCoverage": 100.0,
            "datetimeFrom": {
                "utc": "2017-11-26T01:00:00Z",
                "local": "2017-11-25T17:00:00-08:00"
            },
            "datetimeTo": {
                "utc": "2017-11-26T02:00:00Z",
                "local": "2017-11-25T18:00:00-08:00"
            }
        }
    },
    {
        "value": 13.0,
        "flagInfo": {
            "hasFlags": false
        },
        "parameter": {
            "id": 2,
            "name": "pm25",
            "units": "\u00b5g/m\u00b3",
            "displayName": null
        },
        "period": {
            "label": "raw",
            "interval": "01:00:00",
            "datetimeFrom": {
                "utc": "2017-11-26T02:00:00Z",
                "local": "2017-11-25T18:00:00-08:00"
            },
            "datetimeTo": {
                "utc": "2017-11-26T03:00:00Z",
                "local": "2017-11-25T19:00:00-08:00"
            }
        },
        "coordinates": null,
        "summary": null,
        "coverage": {
            "expectedCount": 1,
            "expectedInterval": "01:00:00",
            "observedCount": 1,
            "observedInterval": "01:00:00",
            "percentComplete": 100.0,
            "percentCoverage": 100.0,
            "datetimeFrom": {
                "utc": "2017-11-26T02:00:00Z",
                "local": "2017-11-25T18:00:00-08:00"
            },
            "datetimeTo": {
                "utc": "2017-11-26T03:00:00Z",
                "local": "2017-11-25T19:00:00-08:00"
            }
        }
    },
    {
        "value": 7.0,
        "flagInfo": {
            "hasFlags": false
        },
        "parameter": {
            "id": 2,
            "name": "pm25",
            "units": "\u00b5g/m\u00b3",
            "displayName": null
        },
        "period": {
            "label": "raw",
            "interval": "01:00:00",
            "datetimeFrom": {
                "utc": "2017-11-26T04:00:00Z",
                "local": "2017-11-25T20:00:00-08:00"
            },
            "datetimeTo": {
                "utc": "2017-11-26T05:00:00Z",
                "local": "2017-11-25T21:00:00-08:00"
            }
        },
        "coordinates": null,
        "summary": null,
        "coverage": {
            "expectedCount": 1,
            "expectedInterval": "01:00:00",
            "observedCount": 1,
            "observedInterval": "01:00:00",
            "percentComplete": 100.0,
            "percentCoverage": 100.0,
            "datetimeFrom": {
                "utc": "2017-11-26T04:00:00Z",
                "local": "2017-11-25T20:00:00-08:00"
            },
            "datetimeTo": {
                "utc": "2017-11-26T05:00:00Z",
                "local": "2017-11-25T21:00:00-08:00"
            }
        }
    },
    {
        "value": -1.0,
        "flagInfo": {
            "hasFlags": false
        },
        "parameter": {
            "id": 2,
            "name": "pm25",
            "units": "\u00b5g/m\u00b3",
            "displayName": null
        },
        "period": {
            "label": "raw",
            "interval": "01:00:00",
            "datetimeFrom": {
                "utc": "2017-11-26T20:00:00Z",
                "local": "2017-11-26T12:00:00-08:00"
            },
            "datetimeTo": {
                "utc": "2017-11-26T21:00:00Z",
                "local": "2017-11-26T13:00:00-08:00"
            }
        },
        "coordinates": null,
        "summary": null,
        "coverage": {
            "expectedCount": 1,
            "expectedInterval": "01:00:00",
            "observedCount": 1,
            "observedInterval": "01:00:00",
            "percentComplete": 100.0,
            "percentCoverage": 100.0,
            "datetimeFrom": {
                "utc": "2017-11-26T20:00:00Z",
                "local": "2017-11-26T12:00:00-08:00"
            },
            "datetimeTo": {
                "utc": "2017-11-26T21:00:00Z",
                "local": "2017-11-26T13:00:00-08:00"
            }
        }
    },
    {
        "value": 2.0,
        "flagInfo": {
            "hasFlags": false
        },
        "parameter": {
            "id": 2,
            "name": "pm25",
            "units": "\u00b5g/m\u00b3",
            "displayName": null
        },
        "period": {
            "label": "raw",
            "interval": "01:00:00",
            "datetimeFrom": {
                "utc": "2017-11-27T00:00:00Z",
                "local": "2017-11-26T16:00:00-08:00"
            },
            "datetimeTo": {
                "utc": "2017-11-27T01:00:00Z",
                "local": "2017-11-26T17:00:00-08:00"
            }
        },
        "coordinates": null,
        "summary": null,
        "coverage": {
            "expectedCount": 1,
            "expectedInterval": "01:00:00",
            "observedCount": 1,
            "observedInterval": "01:00:00",
            "percentComplete": 100.0,
            "percentCoverage": 100.0,
            "datetimeFrom": {
                "utc": "2017-11-27T00:00:00Z",
                "local": "2017-11-26T16:00:00-08:00"
            },
            "datetimeTo": {
                "utc": "2017-11-27T01:00:00Z",
                "local": "2017-11-26T17:00:00-08:00"
            }
        }
    },
    {
        "value": 7.0,
        "flagInfo": {
            "hasFlags": false
        },
        "parameter": {
            "id": 2,
            "name": "pm25",
            "units": "\u00b5g/m\u00b3",
            "displayName": null
        },
        "period": {
            "label": "raw",
            "interval": "01:00:00",
            "datetimeFrom": {
                "utc": "2017-11-30T11:00:00Z",
                "local": "2017-11-30T03:00:00-08:00"
            },
            "datetimeTo": {
                "utc": "2017-11-30T12:00:00Z",
                "local": "2017-11-30T04:00:00-08:00"
            }
        },
        "coordinates": null,
        "summary": null,
        "coverage": {
            "expectedCount": 1,
            "expectedInterval": "01:00:00",
            "observedCount": 1,
            "observedInterval": "01:00:00",
            "percentComplete": 100.0,
            "percentCoverage": 100.0,
            "datetimeFrom": {
                "utc": "2017-11-30T11:00:00Z",
                "local": "2017-11-30T03:00:00-08:00"
            },
            "datetimeTo": {
                "utc": "2017-11-30T12:00:00Z",
                "local": "2017-11-30T04:00:00-08:00"
            }
        }
    },
    {
        "value": 5.0,
        "flagInfo": {
            "hasFlags": false
        },
        "parameter": {
            "id": 2,
            "name": "pm25",
            "units": "\u00b5g/m\u00b3",
            "displayName": null
        },
        "period": {
            "label": "raw",
            "interval": "01:00:00",
            "datetimeFrom": {
                "utc": "2017-12-02T09:00:00Z",
                "local": "2017-12-02T01:00:00-08:00"
            },
            "datetimeTo": {
                "utc": "2017-12-02T10:00:00Z",
                "local": "2017-12-02T02:00:00-08:00"
            }
        },
        "coordinates": null,
        "summary": null,
        "coverage": {
            "expectedCount": 1,
            "expectedInterval": "01:00:00",
            "observedCount": 1,
            "observedInterval": "01:00:00",
            "percentComplete": 100.0,
            "percentCoverage": 100.0,
            "datetimeFrom": {
                "utc": "2017-12-02T09:00:00Z",
                "local": "2017-12-02T01:00:00-08:00"
            },
            "datetimeTo": {
                "utc": "2017-12-02T10:00:00Z",
                "local": "2017-12-02T02:00:00-08:00"
            }
        }
    },
    {
        "value": 37.0,
        "flagInfo": {
            "hasFlags": false
        },
        "parameter": {
            "id": 2,
            "name": "pm25",
            "units": "\u00b5g/m\u00b3",
            "displayName": null
        },
        "period": {
            "label": "raw",
            "interval": "01:00:00",
            "datetimeFrom": {
                "utc": "2017-12-02T20:00:00Z",
                "local": "2017-12-02T12:00:00-08:00"
            },
            "datetimeTo": {
                "utc": "2017-12-02T21:00:00Z",
                "local": "2017-12-02T13:00:00-08:00"
            }
        },
        "coordinates": null,
        "summary": null,
        "coverage": {
            "expectedCount": 1,
            "expectedInterval": "01:00:00",
            "observedCount": 1,
            "observedInterval": "01:00:00",
            "percentComplete": 100.0,
            "percentCoverage": 100.0,
            "datetimeFrom": {
                "utc": "2017-12-02T20:00:00Z",
                "local": "2017-12-02T12:00:00-08:00"
            },
            "datetimeTo": {
                "utc": "2017-12-02T21:00:00Z",
                "local": "2017-12-02T13:00:00-08:00"
            }
        }
    },
    {
        "value": 23.0,
        "flagInfo": {
            "hasFlags": false
        },
        "parameter": {
            "id": 2,
            "name": "pm25",
            "units": "\u00b5g/m\u00b3",
            "displayName": null
        },
        "period": {
            "label": "raw",
            "interval": "01:00:00",
            "datetimeFrom": {
                "utc": "2017-12-03T04:00:00Z",
                "local": "2017-12-02T20:00:00-08:00"
            },
            "datetimeTo": {
                "utc": "2017-12-03T05:00:00Z",
                "local": "2017-12-02T21:00:00-08:00"
            }
        },
        "coordinates": null,
        "summary": null,
        "coverage": {
            "expectedCount": 1,
            "expectedInterval": "01:00:00",
            "observedCount": 1,
            "observedInterval": "01:00:00",
            "percentComplete": 100.0,
            "percentCoverage": 100.0,
            "datetimeFrom": {
                "utc": "2017-12-03T04:00:00Z",
                "local": "2017-12-02T20:00:00-08:00"
            },
            "datetimeTo": {
                "utc": "2017-12-03T05:00:00Z",
                "local": "2017-12-02T21:00:00-08:00"
            }
        }
    },
    {
        "value": 0.0,
        "flagInfo": {
            "hasFlags": false
        },
        "parameter": {
            "id": 2,
            "name": "pm25",
            "units": "\u00b5g/m\u00b3",
            "displayName": null
        },
        "period": {
            "label": "raw",
            "interval": "01:00:00",
            "datetimeFrom": {
                "utc": "2017-12-03T13:00:00Z",
                "local": "2017-12-03T05:00:00-08:00"
            },
            "datetimeTo": {
                "utc": "2017-12-03T14:00:00Z",
                "local": "2017-12-03T06:00:00-08:00"
            }
        },
        "coordinates": null,
        "summary": null,
        "coverage": {
            "expectedCount": 1,
            "expectedInterval": "01:00:00",
            "observedCount": 1,
            "observedInterval": "01:00:00",
            "percentComplete": 100.0,
            "percentCoverage": 100.0,
            "datetimeFrom": {
                "utc": "2017-12-03T13:00:00Z",
                "local": "2017-12-03T05:00:00-08:00"
            },
            "datetimeTo": {
                "utc": "2017-12-03T14:00:00Z",
                "local": "2017-12-03T06:00:00-08:00"
            }
        }
    }
]