[
    {
        "value": 19.0,
        "flagInfo": {
            "hasFlags": false
        },
        "parameter": {
            "id": 2,
            "name": "pm25",
            "units": "\u00b5g/m\u00b3",
            "displayName": null
        },
        "period": {
            "label": "raw",
            "interval": "01:00:00",
            "datetimeFrom": {
                "utc": "2016-06-25T00:00:00Z",
                "local": "2016-06-24T17:00:00-07:00"
            },
            "datetimeTo": {
                "utc": "2016-06-25T01:00:00Z",
                "local": "2016-06-24T18:00:00-07:00"
            }
        },
        "coordinates": null,
        "summary": null,
        "coverage": {
            "expectedCount": 1,
            "expectedInterval": "01:00:00",
            "observedCount": 1,
            "observedInterval": "01:00:00",
            "percentComplete": 100.0,
            "percentCoverage": 100.0,
            "datetimeFrom": {
                "utc": "2016-06-25T00:00:00Z",
                "local": "2016-06-24T17:00:00-07:00"
            },
            "datetimeTo": {
                "utc": "2016-06-25T01:00:00Z",
                "local": "2016-06-24T18:00:00-07:00"
            }
        }
    },
    {
        "value": 13.0,
        "flagInfo": {
            "hasFlags": false
        },
        "parameter": {
            "id": 2,
            "name": "pm25",
            "units": "\u00b5g/m\u00b3",
            "displayName": null
        },
        "period": {
            "label": "raw",
            "interval": "01:00:00",
            "datetimeFrom": {
                "utc": "2016-06-25T01:00:00Z",
                "local": "2016-06-24T18:00:00-07:00"
            },
            "datetimeTo": {
                "utc": "2016-06-25T02:00:00Z",
                "local": "2016-06-24T19:00:00-07:00"
            }
        },
        "coordinates": null,
        "summary": null,
        "coverage": {
            "expectedCount": 1,
            "expectedInterval": "01:00:00",
            "observedCount": 1,
            "observedInterval": "01:00:00",
            "percentComplete": 100.0,
            "percentCoverage": 100.0,
            "datetimeFrom": {
                "utc": "2016-06-25T01:00:00Z",
                "local": "2016-06-24T18:00:00-07:00"
            },
            "datetimeTo": {
                "utc": "2016-06-25T02:00:00Z",
                "local": "2016-06-24T19:00:00-07:00"
            }
        }
    },
    {
        "value": 1.0,
        "flagInfo": {
            "hasFlags": false
        },
        "parameter": {
            "id": 2,
            "name": "pm25",
            "units": "\u00b5g/m\u00b3",
            "displayName": null
        },
        "period": {
            "label": "raw",
            "interval": "01:00:00",
            "datetimeFrom": {
                "utc": "2016-06-25T02:00:00Z",
                "local": "2016-06-24T19:00:00-07:00"
            },
            "datetimeTo": {
                "utc": "2016-06-25T03:00:00Z",
                "local": "2016-06-24T20:00:00-07:00"
            }
        },
        "coordinates": null,
        "summary": null,
        "coverage": {
            "expectedCount": 1,
            "expectedInterval": "01:00:00",
            "observedCount": 1,
            "observedInterval": "01:00:00",
            "percentComplete": 100.0,
            "percentCoverage": 100.0,
            "datetimeFrom": {
                "utc": "2016-06-25T02:00:00Z",
                "local": "2016-06-24T19:00:00-07:00"
            },
            "datetimeTo": {
                "utc": "2016-06-25T03:00:00Z",
                "local": "2016-06-24T20:00:00-07:00"
            }
        }
    },
    {
        "value": 5.0,
        "flagInfo": {
            "hasFlags": false
        },
        "parameter": {
            "id": 2,
            "name": "pm25",
            "units": "\u00b5g/m\u00b3",
            "displayName": null
        },
        "period": {
            "label": "raw",
            "interval": "01:00:00",
            "datetimeFrom": {
                "utc": "2016-06-25T03:00:00Z",
                "local": "2016-06-24T20:00:00-07:00"
            },
            "datetimeTo": {
                "utc": "2016-06-25T04:00:00Z",
                "local": "2016-06-24T21:00:00-07:00"
            }
        },
        "coordinates": null,
        "summary": null,
        "coverage": {
            "expectedCount": 1,
            "expectedInterval": "01:00:00",
            "observedCount": 1,
            "observedInterval": "01:00:00",
            "percentComplete": 100.0,
            "percentCoverage": 100.0,
            "datetimeFrom": {
                "utc": "2016-06-25T03:00:00Z",
                "local": "2016-06-24T20:00:00-07:00"
            },
            "datetimeTo": {
                "utc": "2016-06-25T04:00:00Z",
                "local": "2016-06-24T21:00:00-07:00"
            }
        }
    },
    {
        "value": 5.0,
        "flagInfo": {
            "hasFlags": false
        },
        "parameter": {
            "id": 2,
            "name": "pm25",
            "units": "\u00b5g/m\u00b3",
            "displayName": null
        },
        "period": {
            "label": "raw",
            "interval": "01:00:00",
            "datetimeFrom": {
                "utc": "2016-06-25T04:00:00Z",
                "local": "2016-06-24T21:00:00-07:00"
            },
            "datetimeTo": {
                "utc": "2016-06-25T05:00:00Z",
                "local": "2016-06-24T22:00:00-07:00"
            }
        },
        "coordinates": null,
        "summary": null,
        "coverage": {
            "expectedCount": 1,
            "expectedInterval": "01:00:00",
            "observedCount": 1,
            "observedInterval": "01:00:00",
            "percentComplete": 100.0,
            "percentCoverage": 100.0,
            "datetimeFrom": {
                "utc": "2016-06-25T04:00:00Z",
                "local": "2016-06-24T21:00:00-07:00"
            },
            "datetimeTo": {
                "utc": "2016-06-25T05:00:00Z",
                "local": "2016-06-24T22:00:00-07:00"
            }
        }
    },
    {
        "value": 11.0,
        "flagInfo": {
            "hasFlags": false
        },
        "parameter": {
            "id": 2,
            "name": "pm25",
            "units": "\u00b5g/m\u00b3",
            "displayName": null
        },
        "period": {
            "label": "raw",
            "interval": "01:00:00",
            "datetimeFrom": {
                "utc": "2016-06-25T05:00:00Z",
                "local": "2016-06-24T22:00:00-07:00"
            },
            "datetimeTo": {
                "utc": "2016-06-25T06:00:00Z",
                "local": "2016-06-24T23:00:00-07:00"
            }
        },
        "coordinates": null,
        "summary": null,
        "coverage": {
            "expectedCount": 1,
            "expectedInterval": "01:00:00",
            "observedCount": 1,
            "observedInterval": "01:00:00",
            "percentComplete": 100.0,
            "percentCoverage": 100.0,
            "datetimeFrom": {
                "utc": "2016-06-25T05:00:00Z",
                "local": "2016-06-24T22:00:00-07:00"
            },
            "datetimeTo": {
                "utc": "2016-06-25T06:00:00Z",
                "local": "2016-06-24T23:00:00-07:00"
            }
        }
    },
    {
        "value": 7.0,
        "flagInfo": {
            "hasFlags": false
        },
        "parameter": {
            "id": 2,
            "name": "pm25",
            "units": "\u00b5g/m\u00b3",
            "displayName": null
        },
        "period": {
            "label": "raw",
            "interval": "01:00:00",
            "datetimeFrom": {
                "utc": "2016-06-25T06:00:00Z",
                "local": "2016-06-24T23:00:00-07:00"
            },
            "datetimeTo": {
                "utc": "2016-06-25T07:00:00Z",
                "local": "2016-06-25T00:00:00-07:00"
            }
        },
        "coordinates": null,
        "summary": null,
        "coverage": {
            "expectedCount": 1,
            "expectedInterval": "01:00:00",
            "observedCount": 1,
            "observedInterval": "01:00:00",
            "percentComplete": 100.0,
            "percentCoverage": 100.0,
            "datetimeFrom": {
                "utc": "2016-06-25T06:00:00Z",
                "local": "2016-06-24T23:00:00-07:00"
            },
            "datetimeTo": {
                "utc": "2016-06-25T07:00:00Z",
                "local": "2016-06-25T00:00:00-07:00"
            }
        }
    },
    {
        "value": 62.0,
        "flagInfo": {
            "hasFlags": false
        },
        "parameter": {
            "id": 2,
            "name": "pm25",
            "units": "\u00b5g/m\u00b3",
            "displayName": null
        },
        "period": {
            "label": "raw",
            "interval": "01:00:00",
            "datetimeFrom": {
                "utc": "2016-06-25T07:00:00Z",
                "local": "2016-06-25T00:00:00-07:00"
            },
            "datetimeTo": {
                "utc": "2016-06-25T08:00:00Z",
                "local": "2016-06-25T01:00:00-07:00"
            }
        },
        "coordinates": null,
        "summary": null,
        "coverage": {
            "expectedCount": 1,
            "expectedInterval": "01:00:00",
            "observedCount": 1,
            "observedInterval": "01:00:00",
            "percentComplete": 100.0,
            "percentCoverage": 100.0,
            "datetimeFrom": {
                "utc": "2016-06-25T07:00:00Z",
                "local": "2016-06-25T00:00:00-07:00"
            },
            "datetimeTo": {
                "utc": "2016-06-25T08:00:00Z",
                "local": "2016-06-25T01:00:00-07:00"
            }
        }
    },
    {
        "value": 47.0,
        "flagInfo": {
            "hasFlags": false
        },
        "parameter": {
            "id": 2,
            "name": "pm25",
            "units": "\u00b5g/m\u00b3",
            "displayName": null
        },
        "period": {
            "label": "raw",
            "interval": "01:00:00",
            "datetimeFrom": {
                "utc": "2016-06-25T10:00:00Z",
                "local": "2016-06-25T03:00:00-07:00"
            },
            "datetimeTo": {
                "utc": "2016-06-25T11:00:00Z",
                "local": "2016-06-25T04:00:00-07:00"
            }
        },
        "coordinates": null,
        "summary": null,
        "coverage": {
            "expectedCount": 1,
            "expectedInterval": "01:00:00",
            "observedCount": 1,
            "observedInterval": "01:00:00",
            "percentComplete": 100.0,
            "percentCoverage": 100.0,
            "datetimeFrom": {
                "utc": "2016-06-25T10:00:00Z",
                "local": "2016-06-25T03:00:00-07:00"
            },
            "datetimeTo": {
                "utc": "2016-06-25T11:00:00Z",
                "local": "2016-06-25T04:00:00-07:00"
            }
        }
    }
]