[
    {
        "value": 8.0,
        "flagInfo": {
            "hasFlags": false
        },
        "parameter": {
            "id": 2,
            "name": "pm25",
            "units": "\u00b5g/m\u00b3",
            "displayName": null
        },
        "period": {
            "label": "raw",
            "interval": "01:00:00",
            "datetimeFrom": {
                "utc": "2016-07-28T05:00:00Z",
                "local": "2016-07-27T22:00:00-07:00"
            },
            "datetimeTo": {
                "utc": "2016-07-28T06:00:00Z",
                "local": "2016-07-27T23:00:00-07:00"
            }
        },
        "coordinates": null,
        "summary": null,
        "coverage": {
            "expectedCount": 1,
            "expectedInterval": "01:00:00",
            "observedCount": 1,
            "observedInterval": "01:00:00",
            "percentComplete": 100.0,
            "percentCoverage": 100.0,
            "datetimeFrom": {
                "utc": "2016-07-28T05:00:00Z",
                "local": "2016-07-27T22:00:00-07:00"
            },
            "datetimeTo": {
                "utc": "2016-07-28T06:00:00Z",
                "local": "2016-07-27T23:00:00-07:00"
            }
        }
    },
    {
        "value": 1.0,
        "flagInfo": {
            "hasFlags": false
        },
        "parameter": {
            "id": 2,
            "name": "pm25",
            "units": "\u00b5g/m\u00b3",
            "displayName": null
        },
        "period": {
            "label": "raw",
            "interval": "01:00:00",
            "datetimeFrom": {
                "utc": "2016-07-28T06:00:00Z",
                "local": "2016-07-27T23:00:00-07:00"
            },
            "datetimeTo": {
                "utc": "2016-07-28T07:00:00Z",
                "local": "2016-07-28T00:00:00-07:00"
            }
        },
        "coordinates": null,
        "summary": null,
        "coverage": {
            "expectedCount": 1,
            "expectedInterval": "01:00:00",
            "observedCount": 1,
            "observedInterval": "01:00:00",
            "percentComplete": 100.0,
            "percentCoverage": 100.0,
            "datetimeFrom": {
                "utc": "2016-07-28T06:00:00Z",
                "local": "2016-07-27T23:00:00-07:00"
            },
            "datetimeTo": {
                "utc": "2016-07-28T07:00:00Z",
                "local": "2016-07-28T00:00:00-07:00"
            }
        }
    },
    {
        "value": 8.0,
        "flagInfo": {
            "hasFlags": false
        },
        "parameter": {
            "id": 2,
            "name": "pm25",
            "units": "\u00b5g/m\u00b3",
            "displayName": null
        },
        "period": {
            "label": "raw",
            "interval": "01:00:00",
            "datetimeFrom": {
                "utc": "2016-07-28T07:00:00Z",
                "local": "2016-07-28T00:00:00-07:00"
            },
            "datetimeTo": {
                "utc": "2016-07-28T08:00:00Z",
                "local": "2016-07-28T01:00:00-07:00"
            }
        },
        "coordinates": null,
        "summary": null,
        "coverage": {
            "expectedCount": 1,
            "expectedInterval": "01:00:00",
            "observedCount": 1,
            "observedInterval": "01:00:00",
            "percentComplete": 100.0,
            "percentCoverage": 100.0,
            "datetimeFrom": {
                "utc": "2016-07-28T07:00:00Z",
                "local": "2016-07-28T00:00:00-07:00"
            },
            "datetimeTo": {
                "utc": "2016-07-28T08:00:00Z",
                "local": "2016-07-28T01:00:00-07:00"
            }
        }
    },
    {
        "value": 6.0,
        "flagInfo": {
            "hasFlags": false
        },
        "parameter": {
            "id": 2,
            "name": "pm25",
            "units": "\u00b5g/m\u00b3",
            "displayName": null
        },
        "period": {
            "label": "raw",
            "interval": "01:00:00",
            "datetimeFrom": {
                "utc": "2016-07-28T08:00:00Z",
                "local": "2016-07-28T01:00:00-07:00"
            },
            "datetimeTo": {
                "utc": "2016-07-28T09:00:00Z",
                "local": "2016-07-28T02:00:00-07:00"
            }
        },
        "coordinates": null,
        "summary": null,
        "coverage": {
            "expectedCount": 1,
            "expectedInterval": "01:00:00",
            "observedCount": 1,
            "observedInterval": "01:00:00",
            "percentComplete": 100.0,
            "percentCoverage": 100.0,
            "datetimeFrom": {
                "utc": "2016-07-28T08:00:00Z",
                "local": "2016-07-28T01:00:00-07:00"
            },
            "datetimeTo": {
                "utc": "2016-07-28T09:00:00Z",
                "local": "2016-07-28T02:00:00-07:00"
            }
        }
    },
    {
        "value": 0.0,
        "flagInfo": {
            "hasFlags": false
        },
        "parameter": {
            "id": 2,
            "name": "pm25",
            "units": "\u00b5g/m\u00b3",
            "displayName": null
        },
        "period": {
            "label": "raw",
            "interval": "01:00:00",
            "datetimeFrom": {
                "utc": "2016-07-28T09:00:00Z",
                "local": "2016-07-28T02:00:00-07:00"
            },
            "datetimeTo": {
                "utc": "2016-07-28T10:00:00Z",
                "local": "2016-07-28T03:00:00-07:00"
            }
        },
        "coordinates": null,
        "summary": null,
        "coverage": {
            "expectedCount": 1,
            "expectedInterval": "01:00:00",
            "observedCount": 1,
            "observedInterval": "01:00:00",
            "percentComplete": 100.0,
            "percentCoverage": 100.0,
            "datetimeFrom": {
                "utc": "2016-07-28T09:00:00Z",
                "local": "2016-07-28T02:00:00-07:00"
            },
            "datetimeTo": {
                "utc": "2016-07-28T10:00:00Z",
                "local": "2016-07-28T03:00:00-07:00"
            }
        }
    },
    {
        "value": 7.0,
        "flagInfo": {
            "hasFlags": false
        },
        "parameter": {
            "id": 2,
            "name": "pm25",
            "units": "\u00b5g/m\u00b3",
            "displayName": null
        },
        "period": {
            "label": "raw",
            "interval": "01:00:00",
            "datetimeFrom": {
                "utc": "2016-07-28T10:00:00Z",
                "local": "2016-07-28T03:00:00-07:00"
            },
            "datetimeTo": {
                "utc": "2016-07-28T11:00:00Z",
                "local": "2016-07-28T04:00:00-07:00"
            }
        },
        "coordinates": null,
        "summary": null,
        "coverage": {
            "expectedCount": 1,
            "expectedInterval": "01:00:00",
            "observedCount": 1,
            "observedInterval": "01:00:00",
            "percentComplete": 100.0,
            "percentCoverage": 100.0,
            "datetimeFrom": {
                "utc": "2016-07-28T10:00:00Z",
                "local": "2016-07-28T03:00:00-07:00"
            },
            "datetimeTo": {
                "utc": "2016-07-28T11:00:00Z",
                "local": "2016-07-28T04:00:00-07:00"
            }
        }
    },
    {
        "value": 0.0,
        "flagInfo": {
            "hasFlags": false
        },
        "parameter": {
            "id": 2,
            "name": "pm25",
            "units": "\u00b5g/m\u00b3",
            "displayName": null
        },
        "period": {
            "label": "raw",
            "interval": "01:00:00",
            "datetimeFrom": {
                "utc": "2016-07-28T11:00:00Z",
                "local": "2016-07-28T04:00:00-07:00"
            },
            "datetimeTo": {
                "utc": "2016-07-28T12:00:00Z",
                "local": "2016-07-28T05:00:00-07:00"
            }
        },
        "coordinates": null,
        "summary": null,
        "coverage": {
            "expectedCount": 1,
            "expectedInterval": "01:00:00",
            "observedCount": 1,
            "observedInterval": "01:00:00",
            "percentComplete": 100.0,
            "percentCoverage": 100.0,
            "datetimeFrom": {
                "utc": "2016-07-28T11:00:00Z",
                "local": "2016-07-28T04:00:00-07:00"
            },
            "datetimeTo": {
                "utc": "2016-07-28T12:00:00Z",
                "local": "2016-07-28T05:00:00-07:00"
            }
        }
    },
    {
        "value": 1.0,
        "flagInfo": {
            "hasFlags": false
        },
        "parameter": {
            "id": 2,
            "name": "pm25",
            "units": "\u00b5g/m\u00b3",
            "displayName": null
        },
        "period": {
            "label": "raw",
            "interval": "01:00:00",
            "datetimeFrom": {
                "utc": "2016-07-28T12:00:00Z",
                "local": "2016-07-28T05:00:00-07:00"
            },
            "datetimeTo": {
                "utc": "2016-07-28T13:00:00Z",
                "local": "2016-07-28T06:00:00-07:00"
            }
        },
        "coordinates": null,
        "summary": null,
        "coverage": {
            "expectedCount": 1,
            "expectedInterval": "01:00:00",
            "observedCount": 1,
            "observedInterval": "01:00:00",
            "percentComplete": 100.0,
            "percentCoverage": 100.0,
            "datetimeFrom": {
                "utc": "2016-07-28T12:00:00Z",
                "local": "2016-07-28T05:00:00-07:00"
            },
            "datetimeTo": {
                "utc": "2016-07-28T13:00:00Z",
                "local": "2016-07-28T06:00:00-07:00"
            }
        }
    },
    {
        "value": 3.0,
        "flagInfo": {
            "hasFlags": false
        },
        "parameter": {
            "id": 2,
            "name": "pm25",
            "units": "\u00b5g/m\u00b3",
            "displayName": null
        },
        "period": {
            "label": "raw",
            "interval": "01:00:00",
            "datetimeFrom": {
                "utc": "2016-07-28T13:00:00Z",
                "local": "2016-07-28T06:00:00-07:00"
            },
            "datetimeTo": {
                "utc": "2016-07-28T14:00:00Z",
                "local": "2016-07-28T07:00:00-07:00"
            }
        },
        "coordinates": null,
        "summary": null,
        "coverage": {
            "expectedCount": 1,
            "expectedInterval": "01:00:00",
            "observedCount": 1,
            "observedInterval": "01:00:00",
            "percentComplete": 100.0,
            "percentCoverage": 100.0,
            "datetimeFrom": {
                "utc": "2016-07-28T13:00:00Z",
                "local": "2016-07-28T06:00:00-07:00"
            },
            "datetimeTo": {
                "utc": "2016-07-28T14:00:00Z",
                "local": "2016-07-28T07:00:00-07:00"
            }
        }
    },
    {
        "value": 12.0,
        "flagInfo": {
            "hasFlags": false
        },
        "parameter": {
            "id": 2,
            "name": "pm25",
            "units": "\u00b5g/m\u00b3",
            "displayName": null
        },
        "period": {
            "label": "raw",
            "interval": "01:00:00",
            "datetimeFrom": {
                "utc": "2016-07-28T14:00:00Z",
                "local": "2016-07-28T07:00:00-07:00"
            },
            "datetimeTo": {
                "utc": "2016-07-28T15:00:00Z",
                "local": "2016-07-28T08:00:00-07:00"
            }
        },
        "coordinates": null,
        "summary": null,
        "coverage": {
            "expectedCount": 1,
            "expectedInterval": "01:00:00",
            "observedCount": 1,
            "observedInterval": "01:00:00",
            "percentComplete": 100.0,
            "percentCoverage": 100.0,
            "datetimeFrom": {
                "utc": "2016-07-28T14:00:00Z",
                "local": "2016-07-28T07:00:00-07:00"
            },
            "datetimeTo": {
                "utc": "2016-07-28T15:00:00Z",
                "local": "2016-07-28T08:00:00-07:00"
            }
        }
    },
    {
        "value": 0.0,
        "flagInfo": {
            "hasFlags": false
        },
        "parameter": {
            "id": 2,
            "name": "pm25",
            "units": "\u00b5g/m\u00b3",
            "displayName": null
        },
        "period": {
            "label": "raw",
            "interval": "01:00:00",
            "datetimeFrom": {
                "utc": "2016-07-28T15:00:00Z",
                "local": "2016-07-28T08:00:00-07:00"
            },
            "datetimeTo": {
                "utc": "2016-07-28T16:00:00Z",
                "local": "2016-07-28T09:00:00-07:00"
            }
        },
        "coordinates": null,
        "summary": null,
        "coverage": {
            "expectedCount": 1,
            "expectedInterval": "01:00:00",
            "observedCount": 1,
            "observedInterval": "01:00:00",
            "percentComplete": 100.0,
            "percentCoverage": 100.0,
            "datetimeFrom": {
                "utc": "2016-07-28T15:00:00Z",
                "local": "2016-07-28T08:00:00-07:00"
            },
            "datetimeTo": {
                "utc": "2016-07-28T16:00:00Z",
                "local": "2016-07-28T09:00:00-07:00"
            }
        }
    }
]