[
    {
        "value": 7.0,
        "flagInfo": {
            "hasFlags": false
        },
        "parameter": {
            "id": 2,
            "name": "pm25",
            "units": "\u00b5g/m\u00b3",
            "displayName": null
        },
        "period": {
            "label": "raw",
            "interval": "01:00:00",
            "datetimeFrom": {
                "utc": "2017-11-04T10:00:00Z",
                "local": "2017-11-04T03:00:00-07:00"
            },
            "datetimeTo": {
                "utc": "2017-11-04T11:00:00Z",
                "local": "2017-11-04T04:00:00-07:00"
            }
        },
        "coordinates": null,
        "summary": null,
        "coverage": {
            "expectedCount": 1,
            "expectedInterval": "01:00:00",
            "observedCount": 1,
            "observedInterval": "01:00:00",
            "percentComplete": 100.0,
            "percentCoverage": 100.0,
            "datetimeFrom": {
                "utc": "2017-11-04T10:00:00Z",
                "local": "2017-11-04T03:00:00-07:00"
            },
            "datetimeTo": {
                "utc": "2017-11-04T11:00:00Z",
                "local": "2017-11-04T04:00:00-07:00"
            }
        }
    },
    {
        "value": 4.0,
        "flagInfo": {
            "hasFlags": false
        },
        "parameter": {
            "id": 2,
            "name": "pm25",
            "units": "\u00b5g/m\u00b3",
            "displayName": null
        },
        "period": {
            "label": "raw",
            "interval": "01:00:00",
            "datetimeFrom": {
                "utc": "2017-11-04T13:00:00Z",
                "local": "2017-11-04T06:00:00-07:00"
            },
            "datetimeTo": {
                "utc": "2017-11-04T14:00:00Z",
                "local": "2017-11-04T07:00:00-07:00"
            }
        },
        "coordinates": null,
        "summary": null,
        "coverage": {
            "expectedCount": 1,
            "expectedInterval": "01:00:00",
            "observedCount": 1,
            "observedInterval": "01:00:00",
            "percentComplete": 100.0,
            "percentCoverage": 100.0,
            "datetimeFrom": {
                "utc": "2017-11-04T13:00:00Z",
                "local": "2017-11-04T06:00:00-07:00"
            },
            "datetimeTo": {
                "utc": "2017-11-04T14:00:00Z",
                "local": "2017-11-04T07:00:00-07:00"
            }
        }
    },
    {
        "value": 9.0,
        "flagInfo": {
            "hasFlags": false
        },
        "parameter": {
            "id": 2,
            "name": "pm25",
            "units": "\u00b5g/m\u00b3",
            "displayName": null
        },
        "period": {
            "label": "raw",
            "interval": "01:00:00",
            "datetimeFrom": {
                "utc": "2017-11-10T20:00:00Z",
                "local": "2017-11-10T12:00:00-08:00"
            },
            "datetimeTo": {
                "utc": "2017-11-10T21:00:00Z",
                "local": "2017-11-10T13:00:00-08:00"
            }
        },
        "coordinates": null,
        "summary": null,
        "coverage": {
            "expectedCount": 1,
            "expectedInterval": "01:00:00",
            "observedCount": 1,
            "observedInterval": "01:00:00",
            "percentComplete": 100.0,
            "percentCoverage": 100.0,
            "datetimeFrom": {
                "utc": "2017-11-10T20:00:00Z",
                "local": "2017-11-10T12:00:00-08:00"
            },
            "datetimeTo": {
                "utc": "2017-11-10T21:00:00Z",
                "local": "2017-11-10T13:00:00-08:00"
            }
        }
    },
    {
        "value": 6.0,
        "flagInfo": {
            "hasFlags": false
        },
        "parameter": {
            "id": 2,
            "name": "pm25",
            "units": "\u00b5g/m\u00b3",
            "displayName": null
        },
        "period": {
            "label": "raw",
            "interval": "01:00:00",
            "datetimeFrom": {
                "utc": "2017-11-11T23:00:00Z",
                "local": "2017-11-11T15:00:00-08:00"
            },
            "datetimeTo": {
                "utc": "2017-11-12T00:00:00Z",
                "local": "2017-11-11T16:00:00-08:00"
            }
        },
        "coordinates": null,
        "summary": null,
        "coverage": {
            "expectedCount": 1,
            "expectedInterval": "01:00:00",
            "observedCount": 1,
            "observedInterval": "01:00:00",
            "percentComplete": 100.0,
            "percentCoverage": 100.0,
            "datetimeFrom": {
                "utc": "2017-11-11T23:00:00Z",
                "local": "2017-11-11T15:00:00-08:00"
            },
            "datetimeTo": {
                "utc": "2017-11-12T00:00:00Z",
                "local": "2017-11-11T16:00:00-08:00"
            }
        }
    },
    {
        "value": 8.0,
        "flagInfo": {
            "hasFlags": false
        },
        "parameter": {
            "id": 2,
            "name": "pm25",
            "units": "\u00b5g/m\u00b3",
            "displayName": null
        },
        "period": {
            "label": "raw",
            "interval": "01:00:00",
            "datetimeFrom": {
                "utc": "2017-11-16T02:00:00Z",
                "local": "2017-11-15T18:00:00-08:00"
            },
            "datetimeTo": {
                "utc": "2017-11-16T03:00:00Z",
                "local": "2017-11-15T19:00:00-08:00"
            }
        },
        "coordinates": null,
        "summary": null,
        "coverage": {
            "expectedCount": 1,
            "expectedInterval": "01:00:00",
            "observedCount": 1,
            "observedInterval": "01:00:00",
            "percentComplete": 100.0,
            "percentCoverage": 100.0,
            "datetimeFrom": {
                "utc": "2017-11-16T02:00:00Z",
                "local": "2017-11-15T18:00:00-08:00"
            },
            "datetimeTo": {
                "utc": "2017-11-16T03:00:00Z",
                "local": "2017-11-15T19:00:00-08:00"
            }
        }
    },
    {
        "value": 0.0,
        "flagInfo": {
            "hasFlags": false
        },
        "parameter": {
            "id": 2,
            "name": "pm25",
            "units": "\u00b5g/m\u00b3",
            "displayName": null
        },
        "period": {
            "label": "raw",
            "interval": "01:00:00",
            "datetimeFrom": {
                "utc": "2017-11-16T04:00:00Z",
                "local": "2017-11-15T20:00:00-08:00"
            },
            "datetimeTo": {
                "utc": "2017-11-16T05:00:00Z",
                "local": "2017-11-15T21:00:00-08:00"
            }
        },
        "coordinates": null,
        "summary": null,
        "coverage": {
            "expectedCount": 1,
            "expectedInterval": "01:00:00",
            "observedCount": 1,
            "observedInterval": "01:00:00",
            "percentComplete": 100.0,
            "percentCoverage": 100.0,
            "datetimeFrom": {
                "utc": "2017-11-16T04:00:00Z",
                "local": "2017-11-15T20:00:00-08:00"
            },
            "datetimeTo": {
                "utc": "2017-11-16T05:00:00Z",
                "local": "2017-11-15T21:00:00-08:00"
            }
        }
    }
]