[
    {
        "value": 13.0,
        "flagInfo": {
            "hasFlags": false
        },
        "parameter": {
            "id": 2,
            "name": "pm25",
            "units": "\u00b5g/m\u00b3",
            "displayName": null
        },
        "period": {
            "label": "raw",
            "interval": "01:00:00",
            "datetimeFrom": {
                "utc": "2018-07-07T18:00:00Z",
                "local": "2018-07-07T11:00:00-07:00"
            },
            "datetimeTo": {
                "utc": "2018-07-07T19:00:00Z",
                "local": "2018-07-07T12:00:00-07:00"
            }
        },
        "coordinates": null,
        "summary": null,
        "coverage": {
            "expectedCount": 1,
            "expectedInterval": "01:00:00",
            "observedCount": 1,
            "observedInterval": "01:00:00",
            "percentComplete": 100.0,
            "percentCoverage": 100.0,
            "datetimeFrom": {
                "utc": "2018-07-07T18:00:00Z",
                "local": "2018-07-07T11:00:00-07:00"
            },
            "datetimeTo": {
                "utc": "2018-07-07T19:00:00Z",
                "local": "2018-07-07T12:00:00-07:00"
            }
        }
    },
    {
        "value": 9.0,
        "flagInfo": {
            "hasFlags": false
        },
        "parameter": {
            "id": 2,
            "name": "pm25",
            "units": "\u00b5g/m\u00b3",
            "displayName": null
        },
        "period": {
            "label": "raw",
            "interval": "01:00:00",
            "datetimeFrom": {
                "utc": "2018-07-07T19:00:00Z",
                "local": "2018-07-07T12:00:00-07:00"
            },
            "datetimeTo": {
                "utc": "2018-07-07T20:00:00Z",
                "local": "2018-07-07T13:00:00-07:00"
            }
        },
        "coordinates": null,
        "summary": null,
        "coverage": {
            "expectedCount": 1,
            "expectedInterval": "01:00:00",
            "observedCount": 1,
            "observedInterval": "01:00:00",
            "percentComplete": 100.0,
            "percentCoverage": 100.0,
            "datetimeFrom": {
                "utc": "2018-07-07T19:00:00Z",
                "local": "2018-07-07T12:00:00-07:00"
            },
            "datetimeTo": {
                "utc": "2018-07-07T20:00:00Z",
                "local": "2018-07-07T13:00:00-07:00"
            }
        }
    },
    {
        "value": 10.0,
        "flagInfo": {
            "hasFlags": false
        },
        "parameter": {
            "id": 2,
            "name": "pm25",
            "units": "\u00b5g/m\u00b3",
            "displayName": null
        },
        "period": {
            "label": "raw",
            "interval": "01:00:00",
            "datetimeFrom": {
                "utc": "2018-07-07T20:00:00Z",
                "local": "2018-07-07T13:00:00-07:00"
            },
            "datetimeTo": {
                "utc": "2018-07-07T21:00:00Z",
                "local": "2018-07-07T14:00:00-07:00"
            }
        },
        "coordinates": null,
        "summary": null,
        "coverage": {
            "expectedCount": 1,
            "expectedInterval": "01:00:00",
            "observedCount": 1,
            "observedInterval": "01:00:00",
            "percentComplete": 100.0,
            "percentCoverage": 100.0,
            "datetimeFrom": {
                "utc": "2018-07-07T20:00:00Z",
                "local": "2018-07-07T13:00:00-07:00"
            },
            "datetimeTo": {
                "utc": "2018-07-07T21:00:00Z",
                "local": "2018-07-07T14:00:00-07:00"
            }
        }
    },
    {
        "value": 11.0,
        "flagInfo": {
            "hasFlags": false
        },
        "parameter": {
            "id": 2,
            "name": "pm25",
            "units": "\u00b5g/m\u00b3",
            "displayName": null
        },
        "period": {
            "label": "raw",
            "interval": "01:00:00",
            "datetimeFrom": {
                "utc": "2018-07-07T21:00:00Z",
                "local": "2018-07-07T14:00:00-07:00"
            },
            "datetimeTo": {
                "utc": "2018-07-07T22:00:00Z",
                "local": "2018-07-07T15:00:00-07:00"
            }
        },
        "coordinates": null,
        "summary": null,
        "coverage": {
            "expectedCount": 1,
            "expectedInterval": "01:00:00",
            "observedCount": 1,
            "observedInterval": "01:00:00",
            "percentComplete": 100.0,
            "percentCoverage": 100.0,
            "datetimeFrom": {
                "utc": "2018-07-07T21:00:00Z",
                "local": "2018-07-07T14:00:00-07:00"
            },
            "datetimeTo": {
                "utc": "2018-07-07T22:00:00Z",
                "local": "2018-07-07T15:00:00-07:00"
            }
        }
    },
    {
        "value": 12.0,
        "flagInfo": {
            "hasFlags": false
        },
        "parameter": {
            "id": 2,
            "name": "pm25",
            "units": "\u00b5g/m\u00b3",
            "displayName": null
        },
        "period": {
            "label": "raw",
            "interval": "01:00:00",
            "datetimeFrom": {
                "utc": "2018-07-07T22:00:00Z",
                "local": "2018-07-07T15:00:00-07:00"
            },
            "datetimeTo": {
                "utc": "2018-07-07T23:00:00Z",
                "local": "2018-07-07T16:00:00-07:00"
            }
        },
        "coordinates": null,
        "summary": null,
        "coverage": {
            "expectedCount": 1,
            "expectedInterval": "01:00:00",
            "observedCount": 1,
            "observedInterval": "01:00:00",
            "percentComplete": 100.0,
            "percentCoverage": 100.0,
            "datetimeFrom": {
                "utc": "2018-07-07T22:00:00Z",
                "local": "2018-07-07T15:00:00-07:00"
            },
            "datetimeTo": {
                "utc": "2018-07-07T23:00:00Z",
                "local": "2018-07-07T16:00:00-07:00"
            }
        }
    },
    {
        "value": 5.0,
        "flagInfo": {
            "hasFlags": false
        },
        "parameter": {
            "id": 2,
            "name": "pm25",
            "units": "\u00b5g/m\u00b3",
            "displayName": null
        },
        "period": {
            "label": "raw",
            "interval": "01:00:00",
            "datetimeFrom": {
                "utc": "2018-07-07T23:00:00Z",
                "local": "2018-07-07T16:00:00-07:00"
            },
            "datetimeTo": {
                "utc": "2018-07-08T00:00:00Z",
                "local": "2018-07-07T17:00:00-07:00"
            }
        },
        "coordinates": null,
        "summary": null,
        "coverage": {
            "expectedCount": 1,
            "expectedInterval": "01:00:00",
            "observedCount": 1,
            "observedInterval": "01:00:00",
            "percentComplete": 100.0,
            "percentCoverage": 100.0,
            "datetimeFrom": {
                "utc": "2018-07-07T23:00:00Z",
                "local": "2018-07-07T16:00:00-07:00"
            },
            "datetimeTo": {
                "utc": "2018-07-08T00:00:00Z",
                "local": "2018-07-07T17:00:00-07:00"
            }
        }
    },
    {
        "value": 4.0,
        "flagInfo": {
            "hasFlags": false
        },
        "parameter": {
            "id": 2,
            "name": "pm25",
            "units": "\u00b5g/m\u00b3",
            "displayName": null
        },
        "period": {
            "label": "raw",
            "interval": "01:00:00",
            "datetimeFrom": {
                "utc": "2018-07-08T00:00:00Z",
                "local": "2018-07-07T17:00:00-07:00"
            },
            "datetimeTo": {
                "utc": "2018-07-08T01:00:00Z",
                "local": "2018-07-07T18:00:00-07:00"
            }
        },
        "coordinates": null,
        "summary": null,
        "coverage": {
            "expectedCount": 1,
            "expectedInterval": "01:00:00",
            "observedCount": 1,
            "observedInterval": "01:00:00",
            "percentComplete": 100.0,
            "percentCoverage": 100.0,
            "datetimeFrom": {
                "utc": "2018-07-08T00:00:00Z",
                "local": "2018-07-07T17:00:00-07:00"
            },
            "datetimeTo": {
                "utc": "2018-07-08T01:00:00Z",
                "local": "2018-07-07T18:00:00-07:00"
            }
        }
    },
    {
        "value": 3.0,
        "flagInfo": {
            "hasFlags": false
        },
        "parameter": {
            "id": 2,
            "name": "pm25",
            "units": "\u00b5g/m\u00b3",
            "displayName": null
        },
        "period": {
            "label": "raw",
            "interval": "01:00:00",
            "datetimeFrom": {
                "utc": "2018-07-08T01:00:00Z",
                "local": "2018-07-07T18:00:00-07:00"
            },
            "datetimeTo": {
                "utc": "2018-07-08T02:00:00Z",
                "local": "2018-07-07T19:00:00-07:00"
            }
        },
        "coordinates": null,
        "summary": null,
        "coverage": {
            "expectedCount": 1,
            "expectedInterval": "01:00:00",
            "observedCount": 1,
            "observedInterval": "01:00:00",
            "percentComplete": 100.0,
            "percentCoverage": 100.0,
            "datetimeFrom": {
                "utc": "2018-07-08T01:00:00Z",
                "local": "2018-07-07T18:00:00-07:00"
            },
            "datetimeTo": {
                "utc": "2018-07-08T02:00:00Z",
                "local": "2018-07-07T19:00:00-07:00"
            }
        }
    },
    {
        "value": 15.0,
        "flagInfo": {
            "hasFlags": false
        },
        "parameter": {
            "id": 2,
            "name": "pm25",
            "units": "\u00b5g/m\u00b3",
            "displayName": null
        },
        "period": {
            "label": "raw",
            "interval": "01:00:00",
            "datetimeFrom": {
                "utc": "2018-07-08T02:00:00Z",
                "local": "2018-07-07T19:00:00-07:00"
            },
            "datetimeTo": {
                "utc": "2018-07-08T03:00:00Z",
                "local": "2018-07-07T20:00:00-07:00"
            }
        },
        "coordinates": null,
        "summary": null,
        "coverage": {
            "expectedCount": 1,
            "expectedInterval": "01:00:00",
            "observedCount": 1,
            "observedInterval": "01:00:00",
            "percentComplete": 100.0,
            "percentCoverage": 100.0,
            "datetimeFrom": {
                "utc": "2018-07-08T02:00:00Z",
                "local": "2018-07-07T19:00:00-07:00"
            },
            "datetimeTo": {
                "utc": "2018-07-08T03:00:00Z",
                "local": "2018-07-07T20:00:00-07:00"
            }
        }
    },
    {
        "value": 7.0,
        "flagInfo": {
            "hasFlags": false
        },
        "parameter": {
            "id": 2,
            "name": "pm25",
            "units": "\u00b5g/m\u00b3",
            "displayName": null
        },
        "period": {
            "label": "raw",
            "interval": "01:00:00",
            "datetimeFrom": {
                "utc": "2018-07-08T03:00:00Z",
                "local": "2018-07-07T20:00:00-07:00"
            },
            "datetimeTo": {
                "utc": "2018-07-08T04:00:00Z",
                "local": "2018-07-07T21:00:00-07:00"
            }
        },
        "coordinates": null,
        "summary": null,
        "coverage": {
            "expectedCount": 1,
            "expectedInterval": "01:00:00",
            "observedCount": 1,
            "observedInterval": "01:00:00",
            "percentComplete": 100.0,
            "percentCoverage": 100.0,
            "datetimeFrom": {
                "utc": "2018-07-08T03:00:00Z",
                "local": "2018-07-07T20:00:00-07:00"
            },
            "datetimeTo": {
                "utc": "2018-07-08T04:00:00Z",
                "local": "2018-07-07T21:00:00-07:00"
            }
        }
    },
    {
        "value": 8.0,
        "flagInfo": {
            "hasFlags": false
        },
        "parameter": {
            "id": 2,
            "name": "pm25",
            "units": "\u00b5g/m\u00b3",
            "displayName": null
        },
        "period": {
            "label": "raw",
            "interval": "01:00:00",
            "datetimeFrom": {
                "utc": "2018-07-08T04:00:00Z",
                "local": "2018-07-07T21:00:00-07:00"
            },
            "datetimeTo": {
                "utc": "2018-07-08T05:00:00Z",
                "local": "2018-07-07T22:00:00-07:00"
            }
        },
        "coordinates": null,
        "summary": null,
        "coverage": {
            "expectedCount": 1,
            "expectedInterval": "01:00:00",
            "observedCount": 1,
            "observedInterval": "01:00:00",
            "percentComplete": 100.0,
            "percentCoverage": 100.0,
            "datetimeFrom": {
                "utc": "2018-07-08T04:00:00Z",
                "local": "2018-07-07T21:00:00-07:00"
            },
            "datetimeTo": {
                "utc": "2018-07-08T05:00:00Z",
                "local": "2018-07-07T22:00:00-07:00"
            }
        }
    },
    {
        "value": 12.0,
        "flagInfo": {
            "hasFlags": false
        },
        "parameter": {
            "id": 2,
            "name": "pm25",
            "units": "\u00b5g/m\u00b3",
            "displayName": null
        },
        "period": {
            "label": "raw",
            "interval": "01:00:00",
            "datetimeFrom": {
                "utc": "2018-07-08T05:00:00Z",
                "local": "2018-07-07T22:00:00-07:00"
            },
            "datetimeTo": {
                "utc": "2018-07-08T06:00:00Z",
                "local": "2018-07-07T23:00:00-07:00"
            }
        },
        "coordinates": null,
        "summary": null,
        "coverage": {
            "expectedCount": 1,
            "expectedInterval": "01:00:00",
            "observedCount": 1,
            "observedInterval": "01:00:00",
            "percentComplete": 100.0,
            "percentCoverage": 100.0,
            "datetimeFrom": {
                "utc": "2018-07-08T05:00:00Z",
                "local": "2018-07-07T22:00:00-07:00"
            },
            "datetimeTo": {
                "utc": "2018-07-08T06:00:00Z",
                "local": "2018-07-07T23:00:00-07:00"
            }
        }
    },
    {
        "value": 6.0,
        "flagInfo": {
            "hasFlags": false
        },
        "parameter": {
            "id": 2,
            "name": "pm25",
            "units": "\u00b5g/m\u00b3",
            "displayName": null
        },
        "period": {
            "label": "raw",
            "interval": "01:00:00",
            "datetimeFrom": {
                "utc": "2018-07-08T06:00:00Z",
                "local": "2018-07-07T23:00:00-07:00"
            },
            "datetimeTo": {
                "utc": "2018-07-08T07:00:00Z",
                "local": "2018-07-08T00:00:00-07:00"
            }
        },
        "coordinates": null,
        "summary": null,
        "coverage": {
            "expectedCount": 1,
            "expectedInterval": "01:00:00",
            "observedCount": 1,
            "observedInterval": "01:00:00",
            "percentComplete": 100.0,
            "percentCoverage": 100.0,
            "datetimeFrom": {
                "utc": "2018-07-08T06:00:00Z",
                "local": "2018-07-07T23:00:00-07:00"
            },
            "datetimeTo": {
                "utc": "2018-07-08T07:00:00Z",
                "local": "2018-07-08T00:00:00-07:00"
            }
        }
    }
]