[
    {
        "value": -4.0,
        "flagInfo": {
            "hasFlags": false
        },
        "parameter": {
            "id": 2,
            "name": "pm25",
            "units": "\u00b5g/m\u00b3",
            "displayName": null
        },
        "period": {
            "label": "raw",
            "interval": "01:00:00",
            "datetimeFrom": {
                "utc": "2016-08-08T16:00:00Z",
                "local": "2016-08-08T09:00:00-07:00"
            },
            "datetimeTo": {
                "utc": "2016-08-08T17:00:00Z",
                "local": "2016-08-08T10:00:00-07:00"
            }
        },
        "coordinates": null,
        "summary": null,
        "coverage": {
            "expectedCount": 1,
            "expectedInterval": "01:00:00",
            "observedCount": 1,
            "observedInterval": "01:00:00",
            "percentComplete": 100.0,
            "percentCoverage": 100.0,
            "datetimeFrom": {
                "utc": "2016-08-08T16:00:00Z",
                "local": "2016-08-08T09:00:00-07:00"
            },
            "datetimeTo": {
                "utc": "2016-08-08T17:00:00Z",
                "local": "2016-08-08T10:00:00-07:00"
            }
        }
    },
    {
        "value": 11.2,
        "flagInfo": {
            "hasFlags": false
        },
        "parameter": {
            "id": 2,
            "name": "pm25",
            "units": "\u00b5g/m\u00b3",
            "displayName": null
        },
        "period": {
            "label": "raw",
            "interval": "01:00:00",
            "datetimeFrom": {
                "utc": "2020-01-31T00:00:00Z",
                "local": "2020-01-30T16:00:00-08:00"
            },
            "datetimeTo": {
                "utc": "2020-01-31T01:00:00Z",
                "local": "2020-01-30T17:00:00-08:00"
            }
        },
        "coordinates": null,
        "summary": null,
        "coverage": {
            "expectedCount": 1,
            "expectedInterval": "01:00:00",
            "observedCount": 1,
            "observedInterval": "01:00:00",
            "percentComplete": 100.0,
            "percentCoverage": 100.0,
            "datetimeFrom": {
                "utc": "2020-01-31T00:00:00Z",
                "local": "2020-01-30T16:00:00-08:00"
            },
            "datetimeTo": {
                "utc": "2020-01-31T01:00:00Z",
                "local": "2020-01-30T17:00:00-08:00"
            }
        }
    },
    {
        "value": 19.5,
        "flagInfo": {
            "hasFlags": false
        },
        "parameter": {
            "id": 2,
            "name": "pm25",
            "units": "\u00b5g/m\u00b3",
            "displayName": null
        },
        "period": {
            "label": "raw",
            "interval": "01:00:00",
            "datetimeFrom": {
                "utc": "2020-02-27T21:00:00Z",
                "local": "2020-02-27T13:00:00-08:00"
            },
            "datetimeTo": {
                "utc": "2020-02-27T22:00:00Z",
                "local": "2020-02-27T14:00:00-08:00"
            }
        },
        "coordinates": null,
        "summary": null,
        "coverage": {
            "expectedCount": 1,
            "expectedInterval": "01:00:00",
            "observedCount": 1,
            "observedInterval": "01:00:00",
            "percentComplete": 100.0,
            "percentCoverage": 100.0,
            "datetimeFrom": {
                "utc": "2020-02-27T21:00:00Z",
                "local": "2020-02-27T13:00:00-08:00"
            },
            "datetimeTo": {
                "utc": "2020-02-27T22:00:00Z",
                "local": "2020-02-27T14:00:00-08:00"
            }
        }
    },
    {
        "value": 5.8,
        "flagInfo": {
            "hasFlags": false
        },
        "parameter": {
            "id": 2,
            "name": "pm25",
            "units": "\u00b5g/m\u00b3",
            "displayName": null
        },
        "period": {
            "label": "raw",
            "interval": "01:00:00",
            "datetimeFrom": {
                "utc": "2020-02-27T22:00:00Z",
                "local": "2020-02-27T14:00:00-08:00"
            },
            "datetimeTo": {
                "utc": "2020-02-27T23:00:00Z",
                "local": "2020-02-27T15:00:00-08:00"
            }
        },
        "coordinates": null,
        "summary": null,
        "coverage": {
            "expectedCount": 1,
            "expectedInterval": "01:00:00",
            "observedCount": 1,
            "observedInterval": "01:00:00",
            "percentComplete": 100.0,
            "percentCoverage": 100.0,
            "datetimeFrom": {
                "utc": "2020-02-27T22:00:00Z",
                "local": "2020-02-27T14:00:00-08:00"
            },
            "datetimeTo": {
                "utc": "2020-02-27T23:00:00Z",
                "local": "2020-02-27T15:00:00-08:00"
            }
        }
    }
]