[
    {
        "value": 82.0,
        "flagInfo": {
            "hasFlags": false
        },
        "parameter": {
            "id": 2,
            "name": "pm25",
            "units": "\u00b5g/m\u00b3",
            "displayName": null
        },
        "period": {
            "label": "raw",
            "interval": "01:00:00",
            "datetimeFrom": {
                "utc": "2017-10-06T00:00:00Z",
                "local": "2017-10-05T17:00:00-07:00"
            },
            "datetimeTo": {
                "utc": "2017-10-06T01:00:00Z",
                "local": "2017-10-05T18:00:00-07:00"
            }
        },
        "coordinates": null,
        "summary": null,
        "coverage": {
            "expectedCount": 1,
            "expectedInterval": "01:00:00",
            "observedCount": 1,
            "observedInterval": "01:00:00",
            "percentComplete": 100.0,
            "percentCoverage": 100.0,
            "datetimeFrom": {
                "utc": "2017-10-06T00:00:00Z",
                "local": "2017-10-05T17:00:00-07:00"
            },
            "datetimeTo": {
                "utc": "2017-10-06T01:00:00Z",
                "local": "2017-10-05T18:00:00-07:00"
            }
        }
    },
    {
        "value": 18.0,
        "flagInfo": {
            "hasFlags": false
        },
        "parameter": {
            "id": 2,
            "name": "pm25",
            "units": "\u00b5g/m\u00b3",
            "displayName": null
        },
        "period": {
            "label": "raw",
            "interval": "01:00:00",
            "datetimeFrom": {
                "utc": "2017-10-06T02:00:00Z",
                "local": "2017-10-05T19:00:00-07:00"
            },
            "datetimeTo": {
                "utc": "2017-10-06T03:00:00Z",
                "local": "2017-10-05T20:00:00-07:00"
            }
        },
        "coordinates": null,
        "summary": null,
        "coverage": {
            "expectedCount": 1,
            "expectedInterval": "01:00:00",
            "observedCount": 1,
            "observedInterval": "01:00:00",
            "percentComplete": 100.0,
            "percentCoverage": 100.0,
            "datetimeFrom": {
                "utc": "2017-10-06T02:00:00Z",
                "local": "2017-10-05T19:00:00-07:00"
            },
            "datetimeTo": {
                "utc": "2017-10-06T03:00:00Z",
                "local": "2017-10-05T20:00:00-07:00"
            }
        }
    },
    {
        "value": 0.0,
        "flagInfo": {
            "hasFlags": false
        },
        "parameter": {
            "id": 2,
            "name": "pm25",
            "units": "\u00b5g/m\u00b3",
            "displayName": null
        },
        "period": {
            "label": "raw",
            "interval": "01:00:00",
            "datetimeFrom": {
                "utc": "2017-10-06T05:00:00Z",
                "local": "2017-10-05T22:00:00-07:00"
            },
            "datetimeTo": {
                "utc": "2017-10-06T06:00:00Z",
                "local": "2017-10-05T23:00:00-07:00"
            }
        },
        "coordinates": null,
        "summary": null,
        "coverage": {
            "expectedCount": 1,
            "expectedInterval": "01:00:00",
            "observedCount": 1,
            "observedInterval": "01:00:00",
            "percentComplete": 100.0,
            "percentCoverage": 100.0,
            "datetimeFrom": {
                "utc": "2017-10-06T05:00:00Z",
                "local": "2017-10-05T22:00:00-07:00"
            },
            "datetimeTo": {
                "utc": "2017-10-06T06:00:00Z",
                "local": "2017-10-05T23:00:00-07:00"
            }
        }
    },
    {
        "value": 10.0,
        "flagInfo": {
            "hasFlags": false
        },
        "parameter": {
            "id": 2,
            "name": "pm25",
            "units": "\u00b5g/m\u00b3",
            "displayName": null
        },
        "period": {
            "label": "raw",
            "interval": "01:00:00",
            "datetimeFrom": {
                "utc": "2017-10-06T07:00:00Z",
                "local": "2017-10-06T00:00:00-07:00"
            },
            "datetimeTo": {
                "utc": "2017-10-06T08:00:00Z",
                "local": "2017-10-06T01:00:00-07:00"
            }
        },
        "coordinates": null,
        "summary": null,
        "coverage": {
            "expectedCount": 1,
            "expectedInterval": "01:00:00",
            "observedCount": 1,
            "observedInterval": "01:00:00",
            "percentComplete": 100.0,
            "percentCoverage": 100.0,
            "datetimeFrom": {
                "utc": "2017-10-06T07:00:00Z",
                "local": "2017-10-06T00:00:00-07:00"
            },
            "datetimeTo": {
                "utc": "2017-10-06T08:00:00Z",
                "local": "2017-10-06T01:00:00-07:00"
            }
        }
    },
    {
        "value": 0.0,
        "flagInfo": {
            "hasFlags": false
        },
        "parameter": {
            "id": 2,
            "name": "pm25",
            "units": "\u00b5g/m\u00b3",
            "displayName": null
        },
        "period": {
            "label": "raw",
            "interval": "01:00:00",
            "datetimeFrom": {
                "utc": "2017-10-06T11:00:00Z",
                "local": "2017-10-06T04:00:00-07:00"
            },
            "datetimeTo": {
                "utc": "2017-10-06T12:00:00Z",
                "local": "2017-10-06T05:00:00-07:00"
            }
        },
        "coordinates": null,
        "summary": null,
        "coverage": {
            "expectedCount": 1,
            "expectedInterval": "01:00:00",
            "observedCount": 1,
            "observedInterval": "01:00:00",
            "percentComplete": 100.0,
            "percentCoverage": 100.0,
            "datetimeFrom": {
                "utc": "2017-10-06T11:00:00Z",
                "local": "2017-10-06T04:00:00-07:00"
            },
            "datetimeTo": {
                "utc": "2017-10-06T12:00:00Z",
                "local": "2017-10-06T05:00:00-07:00"
            }
        }
    },
    {
        "value": 0.0,
        "flagInfo": {
            "hasFlags": false
        },
        "parameter": {
            "id": 2,
            "name": "pm25",
            "units": "\u00b5g/m\u00b3",
            "displayName": null
        },
        "period": {
            "label": "raw",
            "interval": "01:00:00",
            "datetimeFrom": {
                "utc": "2017-10-06T12:00:00Z",
                "local": "2017-10-06T05:00:00-07:00"
            },
            "datetimeTo": {
                "utc": "2017-10-06T13:00:00Z",
                "local": "2017-10-06T06:00:00-07:00"
            }
        },
        "coordinates": null,
        "summary": null,
        "coverage": {
            "expectedCount": 1,
            "expectedInterval": "01:00:00",
            "observedCount": 1,
            "observedInterval": "01:00:00",
            "percentComplete": 100.0,
            "percentCoverage": 100.0,
            "datetimeFrom": {
                "utc": "2017-10-06T12:00:00Z",
                "local": "2017-10-06T05:00:00-07:00"
            },
            "datetimeTo": {
                "utc": "2017-10-06T13:00:00Z",
                "local": "2017-10-06T06:00:00-07:00"
            }
        }
    },
    {
        "value": 0.0,
        "flagInfo": {
            "hasFlags": false
        },
        "parameter": {
            "id": 2,
            "name": "pm25",
            "units": "\u00b5g/m\u00b3",
            "displayName": null
        },
        "period": {
            "label": "raw",
            "interval": "01:00:00",
            "datetimeFrom": {
                "utc": "2017-10-06T14:00:00Z",
                "local": "2017-10-06T07:00:00-07:00"
            },
            "datetimeTo": {
                "utc": "2017-10-06T15:00:00Z",
                "local": "2017-10-06T08:00:00-07:00"
            }
        },
        "coordinates": null,
        "summary": null,
        "coverage": {
            "expectedCount": 1,
            "expectedInterval": "01:00:00",
            "observedCount": 1,
            "observedInterval": "01:00:00",
            "percentComplete": 100.0,
            "percentCoverage": 100.0,
            "datetimeFrom": {
                "utc": "2017-10-06T14:00:00Z",
                "local": "2017-10-06T07:00:00-07:00"
            },
            "datetimeTo": {
                "utc": "2017-10-06T15:00:00Z",
                "local": "2017-10-06T08:00:00-07:00"
            }
        }
    },
    {
        "value": 6.0,
        "flagInfo": {
            "hasFlags": false
        },
        "parameter": {
            "id": 2,
            "name": "pm25",
            "units": "\u00b5g/m\u00b3",
            "displayName": null
        },
        "period": {
            "label": "raw",
            "interval": "01:00:00",
            "datetimeFrom": {
                "utc": "2017-10-06T16:00:00Z",
                "local": "2017-10-06T09:00:00-07:00"
            },
            "datetimeTo": {
                "utc": "2017-10-06T17:00:00Z",
                "local": "2017-10-06T10:00:00-07:00"
            }
        },
        "coordinates": null,
        "summary": null,
        "coverage": {
            "expectedCount": 1,
            "expectedInterval": "01:00:00",
            "observedCount": 1,
            "observedInterval": "01:00:00",
            "percentComplete": 100.0,
            "percentCoverage": 100.0,
            "datetimeFrom": {
                "utc": "2017-10-06T16:00:00Z",
                "local": "2017-10-06T09:00:00-07:00"
            },
            "datetimeTo": {
                "utc": "2017-10-06T17:00:00Z",
                "local": "2017-10-06T10:00:00-07:00"
            }
        }
    },
    {
        "value": 10.0,
        "flagInfo": {
            "hasFlags": false
        },
        "parameter": {
            "id": 2,
            "name": "pm25",
            "units": "\u00b5g/m\u00b3",
            "displayName": null
        },
        "period": {
            "label": "raw",
            "interval": "01:00:00",
            "datetimeFrom": {
                "utc": "2017-10-06T20:00:00Z",
                "local": "2017-10-06T13:00:00-07:00"
            },
            "datetimeTo": {
                "utc": "2017-10-06T21:00:00Z",
                "local": "2017-10-06T14:00:00-07:00"
            }
        },
        "coordinates": null,
        "summary": null,
        "coverage": {
            "expectedCount": 1,
            "expectedInterval": "01:00:00",
            "observedCount": 1,
            "observedInterval": "01:00:00",
            "percentComplete": 100.0,
            "percentCoverage": 100.0,
            "datetimeFrom": {
                "utc": "2017-10-06T20:00:00Z",
                "local": "2017-10-06T13:00:00-07:00"
            },
            "datetimeTo": {
                "utc": "2017-10-06T21:00:00Z",
                "local": "2017-10-06T14:00:00-07:00"
            }
        }
    }
]