[
    {
        "value": 22.0,
        "flagInfo": {
            "hasFlags": false
        },
        "parameter": {
            "id": 2,
            "name": "pm25",
            "units": "\u00b5g/m\u00b3",
            "displayName": null
        },
        "period": {
            "label": "raw",
            "interval": "01:00:00",
            "datetimeFrom": {
                "utc": "2018-07-22T07:00:00Z",
                "local": "2018-07-22T00:00:00-07:00"
            },
            "datetimeTo": {
                "utc": "2018-07-22T08:00:00Z",
                "local": "2018-07-22T01:00:00-07:00"
            }
        },
        "coordinates": null,
        "summary": null,
        "coverage": {
            "expectedCount": 1,
            "expectedInterval": "01:00:00",
            "observedCount": 1,
            "observedInterval": "01:00:00",
            "percentComplete": 100.0,
            "percentCoverage": 100.0,
            "datetimeFrom": {
                "utc": "2018-07-22T07:00:00Z",
                "local": "2018-07-22T00:00:00-07:00"
            },
            "datetimeTo": {
                "utc": "2018-07-22T08:00:00Z",
                "local": "2018-07-22T01:00:00-07:00"
            }
        }
    },
    {
        "value": 23.0,
        "flagInfo": {
            "hasFlags": false
        },
        "parameter": {
            "id": 2,
            "name": "pm25",
            "units": "\u00b5g/m\u00b3",
            "displayName": null
        },
        "period": {
            "label": "raw",
            "interval": "01:00:00",
            "datetimeFrom": {
                "utc": "2018-07-22T08:00:00Z",
                "local": "2018-07-22T01:00:00-07:00"
            },
            "datetimeTo": {
                "utc": "2018-07-22T09:00:00Z",
                "local": "2018-07-22T02:00:00-07:00"
            }
        },
        "coordinates": null,
        "summary": null,
        "coverage": {
            "expectedCount": 1,
            "expectedInterval": "01:00:00",
            "observedCount": 1,
            "observedInterval": "01:00:00",
            "percentComplete": 100.0,
            "percentCoverage": 100.0,
            "datetimeFrom": {
                "utc": "2018-07-22T08:00:00Z",
                "local": "2018-07-22T01:00:00-07:00"
            },
            "datetimeTo": {
                "utc": "2018-07-22T09:00:00Z",
                "local": "2018-07-22T02:00:00-07:00"
            }
        }
    },
    {
        "value": 23.0,
        "flagInfo": {
            "hasFlags": false
        },
        "parameter": {
            "id": 2,
            "name": "pm25",
            "units": "\u00b5g/m\u00b3",
            "displayName": null
        },
        "period": {
            "label": "raw",
            "interval": "01:00:00",
            "datetimeFrom": {
                "utc": "2018-07-22T09:00:00Z",
                "local": "2018-07-22T02:00:00-07:00"
            },
            "datetimeTo": {
                "utc": "2018-07-22T10:00:00Z",
                "local": "2018-07-22T03:00:00-07:00"
            }
        },
        "coordinates": null,
        "summary": null,
        "coverage": {
            "expectedCount": 1,
            "expectedInterval": "01:00:00",
            "observedCount": 1,
            "observedInterval": "01:00:00",
            "percentComplete": 100.0,
            "percentCoverage": 100.0,
            "datetimeFrom": {
                "utc": "2018-07-22T09:00:00Z",
                "local": "2018-07-22T02:00:00-07:00"
            },
            "datetimeTo": {
                "utc": "2018-07-22T10:00:00Z",
                "local": "2018-07-22T03:00:00-07:00"
            }
        }
    },
    {
        "value": 20.0,
        "flagInfo": {
            "hasFlags": false
        },
        "parameter": {
            "id": 2,
            "name": "pm25",
            "units": "\u00b5g/m\u00b3",
            "displayName": null
        },
        "period": {
            "label": "raw",
            "interval": "01:00:00",
            "datetimeFrom": {
                "utc": "2018-07-22T10:00:00Z",
                "local": "2018-07-22T03:00:00-07:00"
            },
            "datetimeTo": {
                "utc": "2018-07-22T11:00:00Z",
                "local": "2018-07-22T04:00:00-07:00"
            }
        },
        "coordinates": null,
        "summary": null,
        "coverage": {
            "expectedCount": 1,
            "expectedInterval": "01:00:00",
            "observedCount": 1,
            "observedInterval": "01:00:00",
            "percentComplete": 100.0,
            "percentCoverage": 100.0,
            "datetimeFrom": {
                "utc": "2018-07-22T10:00:00Z",
                "local": "2018-07-22T03:00:00-07:00"
            },
            "datetimeTo": {
                "utc": "2018-07-22T11:00:00Z",
                "local": "2018-07-22T04:00:00-07:00"
            }
        }
    },
    {
        "value": 21.0,
        "flagInfo": {
            "hasFlags": false
        },
        "parameter": {
            "id": 2,
            "name": "pm25",
            "units": "\u00b5g/m\u00b3",
            "displayName": null
        },
        "period": {
            "label": "raw",
            "interval": "01:00:00",
            "datetimeFrom": {
                "utc": "2018-07-22T11:00:00Z",
                "local": "2018-07-22T04:00:00-07:00"
            },
            "datetimeTo": {
                "utc": "2018-07-22T12:00:00Z",
                "local": "2018-07-22T05:00:00-07:00"
            }
        },
        "coordinates": null,
        "summary": null,
        "coverage": {
            "expectedCount": 1,
            "expectedInterval": "01:00:00",
            "observedCount": 1,
            "observedInterval": "01:00:00",
            "percentComplete": 100.0,
            "percentCoverage": 100.0,
            "datetimeFrom": {
                "utc": "2018-07-22T11:00:00Z",
                "local": "2018-07-22T04:00:00-07:00"
            },
            "datetimeTo": {
                "utc": "2018-07-22T12:00:00Z",
                "local": "2018-07-22T05:00:00-07:00"
            }
        }
    },
    {
        "value": 20.0,
        "flagInfo": {
            "hasFlags": false
        },
        "parameter": {
            "id": 2,
            "name": "pm25",
            "units": "\u00b5g/m\u00b3",
            "displayName": null
        },
        "period": {
            "label": "raw",
            "interval": "01:00:00",
            "datetimeFrom": {
                "utc": "2018-07-22T12:00:00Z",
                "local": "2018-07-22T05:00:00-07:00"
            },
            "datetimeTo": {
                "utc": "2018-07-22T13:00:00Z",
                "local": "2018-07-22T06:00:00-07:00"
            }
        },
        "coordinates": null,
        "summary": null,
        "coverage": {
            "expectedCount": 1,
            "expectedInterval": "01:00:00",
            "observedCount": 1,
            "observedInterval": "01:00:00",
            "percentComplete": 100.0,
            "percentCoverage": 100.0,
            "datetimeFrom": {
                "utc": "2018-07-22T12:00:00Z",
                "local": "2018-07-22T05:00:00-07:00"
            },
            "datetimeTo": {
                "utc": "2018-07-22T13:00:00Z",
                "local": "2018-07-22T06:00:00-07:00"
            }
        }
    },
    {
        "value": 28.0,
        "flagInfo": {
            "hasFlags": false
        },
        "parameter": {
            "id": 2,
            "name": "pm25",
            "units": "\u00b5g/m\u00b3",
            "displayName": null
        },
        "period": {
            "label": "raw",
            "interval": "01:00:00",
            "datetimeFrom": {
                "utc": "2018-07-22T13:00:00Z",
                "local": "2018-07-22T06:00:00-07:00"
            },
            "datetimeTo": {
                "utc": "2018-07-22T14:00:00Z",
                "local": "2018-07-22T07:00:00-07:00"
            }
        },
        "coordinates": null,
        "summary": null,
        "coverage": {
            "expectedCount": 1,
            "expectedInterval": "01:00:00",
            "observedCount": 1,
            "observedInterval": "01:00:00",
            "percentComplete": 100.0,
            "percentCoverage": 100.0,
            "datetimeFrom": {
                "utc": "2018-07-22T13:00:00Z",
                "local": "2018-07-22T06:00:00-07:00"
            },
            "datetimeTo": {
                "utc": "2018-07-22T14:00:00Z",
                "local": "2018-07-22T07:00:00-07:00"
            }
        }
    },
    {
        "value": 31.0,
        "flagInfo": {
            "hasFlags": false
        },
        "parameter": {
            "id": 2,
            "name": "pm25",
            "units": "\u00b5g/m\u00b3",
            "displayName": null
        },
        "period": {
            "label": "raw",
            "interval": "01:00:00",
            "datetimeFrom": {
                "utc": "2018-07-22T14:00:00Z",
                "local": "2018-07-22T07:00:00-07:00"
            },
            "datetimeTo": {
                "utc": "2018-07-22T15:00:00Z",
                "local": "2018-07-22T08:00:00-07:00"
            }
        },
        "coordinates": null,
        "summary": null,
        "coverage": {
            "expectedCount": 1,
            "expectedInterval": "01:00:00",
            "observedCount": 1,
            "observedInterval": "01:00:00",
            "percentComplete": 100.0,
            "percentCoverage": 100.0,
            "datetimeFrom": {
                "utc": "2018-07-22T14:00:00Z",
                "local": "2018-07-22T07:00:00-07:00"
            },
            "datetimeTo": {
                "utc": "2018-07-22T15:00:00Z",
                "local": "2018-07-22T08:00:00-07:00"
            }
        }
    },
    {
        "value": 26.0,
        "flagInfo": {
            "hasFlags": false
        },
        "parameter": {
            "id": 2,
            "name": "pm25",
            "units": "\u00b5g/m\u00b3",
            "displayName": null
        },
        "period": {
            "label": "raw",
            "interval": "01:00:00",
            "datetimeFrom": {
                "utc": "2018-07-22T15:00:00Z",
                "local": "2018-07-22T08:00:00-07:00"
            },
            "datetimeTo": {
                "utc": "2018-07-22T16:00:00Z",
                "local": "2018-07-22T09:00:00-07:00"
            }
        },
        "coordinates": null,
        "summary": null,
        "coverage": {
            "expectedCount": 1,
            "expectedInterval": "01:00:00",
            "observedCount": 1,
            "observedInterval": "01:00:00",
            "percentComplete": 100.0,
            "percentCoverage": 100.0,
            "datetimeFrom": {
                "utc": "2018-07-22T15:00:00Z",
                "local": "2018-07-22T08:00:00-07:00"
            },
            "datetimeTo": {
                "utc": "2018-07-22T16:00:00Z",
                "local": "2018-07-22T09:00:00-07:00"
            }
        }
    },
    {
        "value": 16.0,
        "flagInfo": {
            "hasFlags": false
        },
        "parameter": {
            "id": 2,
            "name": "pm25",
            "units": "\u00b5g/m\u00b3",
            "displayName": null
        },
        "period": {
            "label": "raw",
            "interval": "01:00:00",
            "datetimeFrom": {
                "utc": "2018-07-22T16:00:00Z",
                "local": "2018-07-22T09:00:00-07:00"
            },
            "datetimeTo": {
                "utc": "2018-07-22T17:00:00Z",
                "local": "2018-07-22T10:00:00-07:00"
            }
        },
        "coordinates": null,
        "summary": null,
        "coverage": {
            "expectedCount": 1,
            "expectedInterval": "01:00:00",
            "observedCount": 1,
            "observedInterval": "01:00:00",
            "percentComplete": 100.0,
            "percentCoverage": 100.0,
            "datetimeFrom": {
                "utc": "2018-07-22T16:00:00Z",
                "local": "2018-07-22T09:00:00-07:00"
            },
            "datetimeTo": {
                "utc": "2018-07-22T17:00:00Z",
                "local": "2018-07-22T10:00:00-07:00"
            }
        }
    },
    {
        "value": 17.0,
        "flagInfo": {
            "hasFlags": false
        },
        "parameter": {
            "id": 2,
            "name": "pm25",
            "units": "\u00b5g/m\u00b3",
            "displayName": null
        },
        "period": {
            "label": "raw",
            "interval": "01:00:00",
            "datetimeFrom": {
                "utc": "2018-07-22T17:00:00Z",
                "local": "2018-07-22T10:00:00-07:00"
            },
            "datetimeTo": {
                "utc": "2018-07-22T18:00:00Z",
                "local": "2018-07-22T11:00:00-07:00"
            }
        },
        "coordinates": null,
        "summary": null,
        "coverage": {
            "expectedCount": 1,
            "expectedInterval": "01:00:00",
            "observedCount": 1,
            "observedInterval": "01:00:00",
            "percentComplete": 100.0,
            "percentCoverage": 100.0,
            "datetimeFrom": {
                "utc": "2018-07-22T17:00:00Z",
                "local": "2018-07-22T10:00:00-07:00"
            },
            "datetimeTo": {
                "utc": "2018-07-22T18:00:00Z",
                "local": "2018-07-22T11:00:00-07:00"
            }
        }
    },
    {
        "value": 25.0,
        "flagInfo": {
            "hasFlags": false
        },
        "parameter": {
            "id": 2,
            "name": "pm25",
            "units": "\u00b5g/m\u00b3",
            "displayName": null
        },
        "period": {
            "label": "raw",
            "interval": "01:00:00",
            "datetimeFrom": {
                "utc": "2018-07-22T18:00:00Z",
                "local": "2018-07-22T11:00:00-07:00"
            },
            "datetimeTo": {
                "utc": "2018-07-22T19:00:00Z",
                "local": "2018-07-22T12:00:00-07:00"
            }
        },
        "coordinates": null,
        "summary": null,
        "coverage": {
            "expectedCount": 1,
            "expectedInterval": "01:00:00",
            "observedCount": 1,
            "observedInterval": "01:00:00",
            "percentComplete": 100.0,
            "percentCoverage": 100.0,
            "datetimeFrom": {
                "utc": "2018-07-22T18:00:00Z",
                "local": "2018-07-22T11:00:00-07:00"
            },
            "datetimeTo": {
                "utc": "2018-07-22T19:00:00Z",
                "local": "2018-07-22T12:00:00-07:00"
            }
        }
    },
    {
        "value": 235.0,
        "flagInfo": {
            "hasFlags": false
        },
        "parameter": {
            "id": 2,
            "name": "pm25",
            "units": "\u00b5g/m\u00b3",
            "displayName": null
        },
        "period": {
            "label": "raw",
            "interval": "01:00:00",
            "datetimeFrom": {
                "utc": "2018-08-11T07:00:00Z",
                "local": "2018-08-11T00:00:00-07:00"
            },
            "datetimeTo": {
                "utc": "2018-08-11T08:00:00Z",
                "local": "2018-08-11T01:00:00-07:00"
            }
        },
        "coordinates": null,
        "summary": null,
        "coverage": {
            "expectedCount": 1,
            "expectedInterval": "01:00:00",
            "observedCount": 1,
            "observedInterval": "01:00:00",
            "percentComplete": 100.0,
            "percentCoverage": 100.0,
            "datetimeFrom": {
                "utc": "2018-08-11T07:00:00Z",
                "local": "2018-08-11T00:00:00-07:00"
            },
            "datetimeTo": {
                "utc": "2018-08-11T08:00:00Z",
                "local": "2018-08-11T01:00:00-07:00"
            }
        }
    },
    {
        "value": 186.0,
        "flagInfo": {
            "hasFlags": false
        },
        "parameter": {
            "id": 2,
            "name": "pm25",
            "units": "\u00b5g/m\u00b3",
            "displayName": null
        },
        "period": {
            "label": "raw",
            "interval": "01:00:00",
            "datetimeFrom": {
                "utc": "2018-08-11T08:00:00Z",
                "local": "2018-08-11T01:00:00-07:00"
            },
            "datetimeTo": {
                "utc": "2018-08-11T09:00:00Z",
                "local": "2018-08-11T02:00:00-07:00"
            }
        },
        "coordinates": null,
        "summary": null,
        "coverage": {
            "expectedCount": 1,
            "expectedInterval": "01:00:00",
            "observedCount": 1,
            "observedInterval": "01:00:00",
            "percentComplete": 100.0,
            "percentCoverage": 100.0,
            "datetimeFrom": {
                "utc": "2018-08-11T08:00:00Z",
                "local": "2018-08-11T01:00:00-07:00"
            },
            "datetimeTo": {
                "utc": "2018-08-11T09:00:00Z",
                "local": "2018-08-11T02:00:00-07:00"
            }
        }
    },
    {
        "value": 157.0,
        "flagInfo": {
            "hasFlags": false
        },
        "parameter": {
            "id": 2,
            "name": "pm25",
            "units": "\u00b5g/m\u00b3",
            "displayName": null
        },
        "period": {
            "label": "raw",
            "interval": "01:00:00",
            "datetimeFrom": {
                "utc": "2018-08-11T09:00:00Z",
                "local": "2018-08-11T02:00:00-07:00"
            },
            "datetimeTo": {
                "utc": "2018-08-11T10:00:00Z",
                "local": "2018-08-11T03:00:00-07:00"
            }
        },
        "coordinates": null,
        "summary": null,
        "coverage": {
            "expectedCount": 1,
            "expectedInterval": "01:00:00",
            "observedCount": 1,
            "observedInterval": "01:00:00",
            "percentComplete": 100.0,
            "percentCoverage": 100.0,
            "datetimeFrom": {
                "utc": "2018-08-11T09:00:00Z",
                "local": "2018-08-11T02:00:00-07:00"
            },
            "datetimeTo": {
                "utc": "2018-08-11T10:00:00Z",
                "local": "2018-08-11T03:00:00-07:00"
            }
        }
    },
    {
        "value": 147.0,
        "flagInfo": {
            "hasFlags": false
        },
        "parameter": {
            "id": 2,
            "name": "pm25",
            "units": "\u00b5g/m\u00b3",
            "displayName": null
        },
        "period": {
            "label": "raw",
            "interval": "01:00:00",
            "datetimeFrom": {
                "utc": "2018-08-11T10:00:00Z",
                "local": "2018-08-11T03:00:00-07:00"
            },
            "datetimeTo": {
                "utc": "2018-08-11T11:00:00Z",
                "local": "2018-08-11T04:00:00-07:00"
            }
        },
        "coordinates": null,
        "summary": null,
        "coverage": {
            "expectedCount": 1,
            "expectedInterval": "01:00:00",
            "observedCount": 1,
            "observedInterval": "01:00:00",
            "percentComplete": 100.0,
            "percentCoverage": 100.0,
            "datetimeFrom": {
                "utc": "2018-08-11T10:00:00Z",
                "local": "2018-08-11T03:00:00-07:00"
            },
            "datetimeTo": {
                "utc": "2018-08-11T11:00:00Z",
                "local": "2018-08-11T04:00:00-07:00"
            }
        }
    },
    {
        "value": 136.0,
        "flagInfo": {
            "hasFlags": false
        },
        "parameter": {
            "id": 2,
            "name": "pm25",
            "units": "\u00b5g/m\u00b3",
            "displayName": null
        },
        "period": {
            "label": "raw",
            "interval": "01:00:00",
            "datetimeFrom": {
                "utc": "2018-08-11T12:00:00Z",
                "local": "2018-08-11T05:00:00-07:00"
            },
            "datetimeTo": {
                "utc": "2018-08-11T13:00:00Z",
                "local": "2018-08-11T06:00:00-07:00"
            }
        },
        "coordinates": null,
        "summary": null,
        "coverage": {
            "expectedCount": 1,
            "expectedInterval": "01:00:00",
            "observedCount": 1,
            "observedInterval": "01:00:00",
            "percentComplete": 100.0,
            "percentCoverage": 100.0,
            "datetimeFrom": {
                "utc": "2018-08-11T12:00:00Z",
                "local": "2018-08-11T05:00:00-07:00"
            },
            "datetimeTo": {
                "utc": "2018-08-11T13:00:00Z",
                "local": "2018-08-11T06:00:00-07:00"
            }
        }
    },
    {
        "value": 116.0,
        "flagInfo": {
            "hasFlags": false
        },
        "parameter": {
            "id": 2,
            "name": "pm25",
            "units": "\u00b5g/m\u00b3",
            "displayName": null
        },
        "period": {
            "label": "raw",
            "interval": "01:00:00",
            "datetimeFrom": {
                "utc": "2018-08-11T15:00:00Z",
                "local": "2018-08-11T08:00:00-07:00"
            },
            "datetimeTo": {
                "utc": "2018-08-11T16:00:00Z",
                "local": "2018-08-11T09:00:00-07:00"
            }
        },
        "coordinates": null,
        "summary": null,
        "coverage": {
            "expectedCount": 1,
            "expectedInterval": "01:00:00",
            "observedCount": 1,
            "observedInterval": "01:00:00",
            "percentComplete": 100.0,
            "percentCoverage": 100.0,
            "datetimeFrom": {
                "utc": "2018-08-11T15:00:00Z",
                "local": "2018-08-11T08:00:00-07:00"
            },
            "datetimeTo": {
                "utc": "2018-08-11T16:00:00Z",
                "local": "2018-08-11T09:00:00-07:00"
            }
        }
    },
    {
        "value": 124.0,
        "flagInfo": {
            "hasFlags": false
        },
        "parameter": {
            "id": 2,
            "name": "pm25",
            "units": "\u00b5g/m\u00b3",
            "displayName": null
        },
        "period": {
            "label": "raw",
            "interval": "01:00:00",
            "datetimeFrom": {
                "utc": "2018-08-11T16:00:00Z",
                "local": "2018-08-11T09:00:00-07:00"
            },
            "datetimeTo": {
                "utc": "2018-08-11T17:00:00Z",
                "local": "2018-08-11T10:00:00-07:00"
            }
        },
        "coordinates": null,
        "summary": null,
        "coverage": {
            "expectedCount": 1,
            "expectedInterval": "01:00:00",
            "observedCount": 1,
            "observedInterval": "01:00:00",
            "percentComplete": 100.0,
            "percentCoverage": 100.0,
            "datetimeFrom": {
                "utc": "2018-08-11T16:00:00Z",
                "local": "2018-08-11T09:00:00-07:00"
            },
            "datetimeTo": {
                "utc": "2018-08-11T17:00:00Z",
                "local": "2018-08-11T10:00:00-07:00"
            }
        }
    },
    {
        "value": 125.0,
        "flagInfo": {
            "hasFlags": false
        },
        "parameter": {
            "id": 2,
            "name": "pm25",
            "units": "\u00b5g/m\u00b3",
            "displayName": null
        },
        "period": {
            "label": "raw",
            "interval": "01:00:00",
            "datetimeFrom": {
                "utc": "2018-08-11T17:00:00Z",
                "local": "2018-08-11T10:00:00-07:00"
            },
            "datetimeTo": {
                "utc": "2018-08-11T18:00:00Z",
                "local": "2018-08-11T11:00:00-07:00"
            }
        },
        "coordinates": null,
        "summary": null,
        "coverage": {
            "expectedCount": 1,
            "expectedInterval": "01:00:00",
            "observedCount": 1,
            "observedInterval": "01:00:00",
            "percentComplete": 100.0,
            "percentCoverage": 100.0,
            "datetimeFrom": {
                "utc": "2018-08-11T17:00:00Z",
                "local": "2018-08-11T10:00:00-07:00"
            },
            "datetimeTo": {
                "utc": "2018-08-11T18:00:00Z",
                "local": "2018-08-11T11:00:00-07:00"
            }
        }
    },
    {
        "value": 94.0,
        "flagInfo": {
            "hasFlags": false
        },
        "parameter": {
            "id": 2,
            "name": "pm25",
            "units": "\u00b5g/m\u00b3",
            "displayName": null
        },
        "period": {
            "label": "raw",
            "interval": "01:00:00",
            "datetimeFrom": {
                "utc": "2018-08-11T18:00:00Z",
                "local": "2018-08-11T11:00:00-07:00"
            },
            "datetimeTo": {
                "utc": "2018-08-11T19:00:00Z",
                "local": "2018-08-11T12:00:00-07:00"
            }
        },
        "coordinates": null,
        "summary": null,
        "coverage": {
            "expectedCount": 1,
            "expectedInterval": "01:00:00",
            "observedCount": 1,
            "observedInterval": "01:00:00",
            "percentComplete": 100.0,
            "percentCoverage": 100.0,
            "datetimeFrom": {
                "utc": "2018-08-11T18:00:00Z",
                "local": "2018-08-11T11:00:00-07:00"
            },
            "datetimeTo": {
                "utc": "2018-08-11T19:00:00Z",
                "local": "2018-08-11T12:00:00-07:00"
            }
        }
    },
    {
        "value": 34.0,
        "flagInfo": {
            "hasFlags": false
        },
        "parameter": {
            "id": 2,
            "name": "pm25",
            "units": "\u00b5g/m\u00b3",
            "displayName": null
        },
        "period": {
            "label": "raw",
            "interval": "01:00:00",
            "datetimeFrom": {
                "utc": "2018-08-17T19:00:00Z",
                "local": "2018-08-17T12:00:00-07:00"
            },
            "datetimeTo": {
                "utc": "2018-08-17T20:00:00Z",
                "local": "2018-08-17T13:00:00-07:00"
            }
        },
        "coordinates": null,
        "summary": null,
        "coverage": {
            "expectedCount": 1,
            "expectedInterval": "01:00:00",
            "observedCount": 1,
            "observedInterval": "01:00:00",
            "percentComplete": 100.0,
            "percentCoverage": 100.0,
            "datetimeFrom": {
                "utc": "2018-08-17T19:00:00Z",
                "local": "2018-08-17T12:00:00-07:00"
            },
            "datetimeTo": {
                "utc": "2018-08-17T20:00:00Z",
                "local": "2018-08-17T13:00:00-07:00"
            }
        }
    },
    {
        "value": 19.0,
        "flagInfo": {
            "hasFlags": false
        },
        "parameter": {
            "id": 2,
            "name": "pm25",
            "units": "\u00b5g/m\u00b3",
            "displayName": null
        },
        "period": {
            "label": "raw",
            "interval": "01:00:00",
            "datetimeFrom": {
                "utc": "2018-08-17T20:00:00Z",
                "local": "2018-08-17T13:00:00-07:00"
            },
            "datetimeTo": {
                "utc": "2018-08-17T21:00:00Z",
                "local": "2018-08-17T14:00:00-07:00"
            }
        },
        "coordinates": null,
        "summary": null,
        "coverage": {
            "expectedCount": 1,
            "expectedInterval": "01:00:00",
            "observedCount": 1,
            "observedInterval": "01:00:00",
            "percentComplete": 100.0,
            "percentCoverage": 100.0,
            "datetimeFrom": {
                "utc": "2018-08-17T20:00:00Z",
                "local": "2018-08-17T13:00:00-07:00"
            },
            "datetimeTo": {
                "utc": "2018-08-17T21:00:00Z",
                "local": "2018-08-17T14:00:00-07:00"
            }
        }
    },
    {
        "value": 13.0,
        "flagInfo": {
            "hasFlags": false
        },
        "parameter": {
            "id": 2,
            "name": "pm25",
            "units": "\u00b5g/m\u00b3",
            "displayName": null
        },
        "period": {
            "label": "raw",
            "interval": "01:00:00",
            "datetimeFrom": {
                "utc": "2018-08-17T21:00:00Z",
                "local": "2018-08-17T14:00:00-07:00"
            },
            "datetimeTo": {
                "utc": "2018-08-17T22:00:00Z",
                "local": "2018-08-17T15:00:00-07:00"
            }
        },
        "coordinates": null,
        "summary": null,
        "coverage": {
            "expectedCount": 1,
            "expectedInterval": "01:00:00",
            "observedCount": 1,
            "observedInterval": "01:00:00",
            "percentComplete": 100.0,
            "percentCoverage": 100.0,
            "datetimeFrom": {
                "utc": "2018-08-17T21:00:00Z",
                "local": "2018-08-17T14:00:00-07:00"
            },
            "datetimeTo": {
                "utc": "2018-08-17T22:00:00Z",
                "local": "2018-08-17T15:00:00-07:00"
            }
        }
    },
    {
        "value": 4.0,
        "flagInfo": {
            "hasFlags": false
        },
        "parameter": {
            "id": 2,
            "name": "pm25",
            "units": "\u00b5g/m\u00b3",
            "displayName": null
        },
        "period": {
            "label": "raw",
            "interval": "01:00:00",
            "datetimeFrom": {
                "utc": "2018-08-17T22:00:00Z",
                "local": "2018-08-17T15:00:00-07:00"
            },
            "datetimeTo": {
                "utc": "2018-08-17T23:00:00Z",
                "local": "2018-08-17T16:00:00-07:00"
            }
        },
        "coordinates": null,
        "summary": null,
        "coverage": {
            "expectedCount": 1,
            "expectedInterval": "01:00:00",
            "observedCount": 1,
            "observedInterval": "01:00:00",
            "percentComplete": 100.0,
            "percentCoverage": 100.0,
            "datetimeFrom": {
                "utc": "2018-08-17T22:00:00Z",
                "local": "2018-08-17T15:00:00-07:00"
            },
            "datetimeTo": {
                "utc": "2018-08-17T23:00:00Z",
                "local": "2018-08-17T16:00:00-07:00"
            }
        }
    },
    {
        "value": 4.0,
        "flagInfo": {
            "hasFlags": false
        },
        "parameter": {
            "id": 2,
            "name": "pm25",
            "units": "\u00b5g/m\u00b3",
            "displayName": null
        },
        "period": {
            "label": "raw",
            "interval": "01:00:00",
            "datetimeFrom": {
                "utc": "2018-08-18T01:00:00Z",
                "local": "2018-08-17T18:00:00-07:00"
            },
            "datetimeTo": {
                "utc": "2018-08-18T02:00:00Z",
                "local": "2018-08-17T19:00:00-07:00"
            }
        },
        "coordinates": null,
        "summary": null,
        "coverage": {
            "expectedCount": 1,
            "expectedInterval": "01:00:00",
            "observedCount": 1,
            "observedInterval": "01:00:00",
            "percentComplete": 100.0,
            "percentCoverage": 100.0,
            "datetimeFrom": {
                "utc": "2018-08-18T01:00:00Z",
                "local": "2018-08-17T18:00:00-07:00"
            },
            "datetimeTo": {
                "utc": "2018-08-18T02:00:00Z",
                "local": "2018-08-17T19:00:00-07:00"
            }
        }
    },
    {
        "value": 3.0,
        "flagInfo": {
            "hasFlags": false
        },
        "parameter": {
            "id": 2,
            "name": "pm25",
            "units": "\u00b5g/m\u00b3",
            "displayName": null
        },
        "period": {
            "label": "raw",
            "interval": "01:00:00",
            "datetimeFrom": {
                "utc": "2018-08-18T02:00:00Z",
                "local": "2018-08-17T19:00:00-07:00"
            },
            "datetimeTo": {
                "utc": "2018-08-18T03:00:00Z",
                "local": "2018-08-17T20:00:00-07:00"
            }
        },
        "coordinates": null,
        "summary": null,
        "coverage": {
            "expectedCount": 1,
            "expectedInterval": "01:00:00",
            "observedCount": 1,
            "observedInterval": "01:00:00",
            "percentComplete": 100.0,
            "percentCoverage": 100.0,
            "datetimeFrom": {
                "utc": "2018-08-18T02:00:00Z",
                "local": "2018-08-17T19:00:00-07:00"
            },
            "datetimeTo": {
                "utc": "2018-08-18T03:00:00Z",
                "local": "2018-08-17T20:00:00-07:00"
            }
        }
    },
    {
        "value": -5.0,
        "flagInfo": {
            "hasFlags": false
        },
        "parameter": {
            "id": 2,
            "name": "pm25",
            "units": "\u00b5g/m\u00b3",
            "displayName": null
        },
        "period": {
            "label": "raw",
            "interval": "01:00:00",
            "datetimeFrom": {
                "utc": "2018-08-18T03:00:00Z",
                "local": "2018-08-17T20:00:00-07:00"
            },
            "datetimeTo": {
                "utc": "2018-08-18T04:00:00Z",
                "local": "2018-08-17T21:00:00-07:00"
            }
        },
        "coordinates": null,
        "summary": null,
        "coverage": {
            "expectedCount": 1,
            "expectedInterval": "01:00:00",
            "observedCount": 1,
            "observedInterval": "01:00:00",
            "percentComplete": 100.0,
            "percentCoverage": 100.0,
            "datetimeFrom": {
                "utc": "2018-08-18T03:00:00Z",
                "local": "2018-08-17T20:00:00-07:00"
            },
            "datetimeTo": {
                "utc": "2018-08-18T04:00:00Z",
                "local": "2018-08-17T21:00:00-07:00"
            }
        }
    },
    {
        "value": 4.0,
        "flagInfo": {
            "hasFlags": false
        },
        "parameter": {
            "id": 2,
            "name": "pm25",
            "units": "\u00b5g/m\u00b3",
            "displayName": null
        },
        "period": {
            "label": "raw",
            "interval": "01:00:00",
            "datetimeFrom": {
                "utc": "2018-08-18T04:00:00Z",
                "local": "2018-08-17T21:00:00-07:00"
            },
            "datetimeTo": {
                "utc": "2018-08-18T05:00:00Z",
                "local": "2018-08-17T22:00:00-07:00"
            }
        },
        "coordinates": null,
        "summary": null,
        "coverage": {
            "expectedCount": 1,
            "expectedInterval": "01:00:00",
            "observedCount": 1,
            "observedInterval": "01:00:00",
            "percentComplete": 100.0,
            "percentCoverage": 100.0,
            "datetimeFrom": {
                "utc": "2018-08-18T04:00:00Z",
                "local": "2018-08-17T21:00:00-07:00"
            },
            "datetimeTo": {
                "utc": "2018-08-18T05:00:00Z",
                "local": "2018-08-17T22:00:00-07:00"
            }
        }
    },
    {
        "value": 8.0,
        "flagInfo": {
            "hasFlags": false
        },
        "parameter": {
            "id": 2,
            "name": "pm25",
            "units": "\u00b5g/m\u00b3",
            "displayName": null
        },
        "period": {
            "label": "raw",
            "interval": "01:00:00",
            "datetimeFrom": {
                "utc": "2018-08-18T05:00:00Z",
                "local": "2018-08-17T22:00:00-07:00"
            },
            "datetimeTo": {
                "utc": "2018-08-18T06:00:00Z",
                "local": "2018-08-17T23:00:00-07:00"
            }
        },
        "coordinates": null,
        "summary": null,
        "coverage": {
            "expectedCount": 1,
            "expectedInterval": "01:00:00",
            "observedCount": 1,
            "observedInterval": "01:00:00",
            "percentComplete": 100.0,
            "percentCoverage": 100.0,
            "datetimeFrom": {
                "utc": "2018-08-18T05:00:00Z",
                "local": "2018-08-17T22:00:00-07:00"
            },
            "datetimeTo": {
                "utc": "2018-08-18T06:00:00Z",
                "local": "2018-08-17T23:00:00-07:00"
            }
        }
    },
    {
        "value": 12.0,
        "flagInfo": {
            "hasFlags": false
        },
        "parameter": {
            "id": 2,
            "name": "pm25",
            "units": "\u00b5g/m\u00b3",
            "displayName": null
        },
        "period": {
            "label": "raw",
            "interval": "01:00:00",
            "datetimeFrom": {
                "utc": "2018-08-18T06:00:00Z",
                "local": "2018-08-17T23:00:00-07:00"
            },
            "datetimeTo": {
                "utc": "2018-08-18T07:00:00Z",
                "local": "2018-08-18T00:00:00-07:00"
            }
        },
        "coordinates": null,
        "summary": null,
        "coverage": {
            "expectedCount": 1,
            "expectedInterval": "01:00:00",
            "observedCount": 1,
            "observedInterval": "01:00:00",
            "percentComplete": 100.0,
            "percentCoverage": 100.0,
            "datetimeFrom": {
                "utc": "2018-08-18T06:00:00Z",
                "local": "2018-08-17T23:00:00-07:00"
            },
            "datetimeTo": {
                "utc": "2018-08-18T07:00:00Z",
                "local": "2018-08-18T00:00:00-07:00"
            }
        }
    }
]