[
    {
        "value": 15.0,
        "flagInfo": {
            "hasFlags": false
        },
        "parameter": {
            "id": 2,
            "name": "pm25",
            "units": "\u00b5g/m\u00b3",
            "displayName": null
        },
        "period": {
            "label": "raw",
            "interval": "01:00:00",
            "datetimeFrom": {
                "utc": "2018-07-14T18:00:00Z",
                "local": "2018-07-14T11:00:00-07:00"
            },
            "datetimeTo": {
                "utc": "2018-07-14T19:00:00Z",
                "local": "2018-07-14T12:00:00-07:00"
            }
        },
        "coordinates": null,
        "summary": null,
        "coverage": {
            "expectedCount": 1,
            "expectedInterval": "01:00:00",
            "observedCount": 1,
            "observedInterval": "01:00:00",
            "percentComplete": 100.0,
            "percentCoverage": 100.0,
            "datetimeFrom": {
                "utc": "2018-07-14T18:00:00Z",
                "local": "2018-07-14T11:00:00-07:00"
            },
            "datetimeTo": {
                "utc": "2018-07-14T19:00:00Z",
                "local": "2018-07-14T12:00:00-07:00"
            }
        }
    },
    {
        "value": 3.0,
        "flagInfo": {
            "hasFlags": false
        },
        "parameter": {
            "id": 2,
            "name": "pm25",
            "units": "\u00b5g/m\u00b3",
            "displayName": null
        },
        "period": {
            "label": "raw",
            "interval": "01:00:00",
            "datetimeFrom": {
                "utc": "2018-07-14T19:00:00Z",
                "local": "2018-07-14T12:00:00-07:00"
            },
            "datetimeTo": {
                "utc": "2018-07-14T20:00:00Z",
                "local": "2018-07-14T13:00:00-07:00"
            }
        },
        "coordinates": null,
        "summary": null,
        "coverage": {
            "expectedCount": 1,
            "expectedInterval": "01:00:00",
            "observedCount": 1,
            "observedInterval": "01:00:00",
            "percentComplete": 100.0,
            "percentCoverage": 100.0,
            "datetimeFrom": {
                "utc": "2018-07-14T19:00:00Z",
                "local": "2018-07-14T12:00:00-07:00"
            },
            "datetimeTo": {
                "utc": "2018-07-14T20:00:00Z",
                "local": "2018-07-14T13:00:00-07:00"
            }
        }
    },
    {
        "value": 5.0,
        "flagInfo": {
            "hasFlags": false
        },
        "parameter": {
            "id": 2,
            "name": "pm25",
            "units": "\u00b5g/m\u00b3",
            "displayName": null
        },
        "period": {
            "label": "raw",
            "interval": "01:00:00",
            "datetimeFrom": {
                "utc": "2018-07-14T20:00:00Z",
                "local": "2018-07-14T13:00:00-07:00"
            },
            "datetimeTo": {
                "utc": "2018-07-14T21:00:00Z",
                "local": "2018-07-14T14:00:00-07:00"
            }
        },
        "coordinates": null,
        "summary": null,
        "coverage": {
            "expectedCount": 1,
            "expectedInterval": "01:00:00",
            "observedCount": 1,
            "observedInterval": "01:00:00",
            "percentComplete": 100.0,
            "percentCoverage": 100.0,
            "datetimeFrom": {
                "utc": "2018-07-14T20:00:00Z",
                "local": "2018-07-14T13:00:00-07:00"
            },
            "datetimeTo": {
                "utc": "2018-07-14T21:00:00Z",
                "local": "2018-07-14T14:00:00-07:00"
            }
        }
    },
    {
        "value": 3.0,
        "flagInfo": {
            "hasFlags": false
        },
        "parameter": {
            "id": 2,
            "name": "pm25",
            "units": "\u00b5g/m\u00b3",
            "displayName": null
        },
        "period": {
            "label": "raw",
            "interval": "01:00:00",
            "datetimeFrom": {
                "utc": "2018-07-14T21:00:00Z",
                "local": "2018-07-14T14:00:00-07:00"
            },
            "datetimeTo": {
                "utc": "2018-07-14T22:00:00Z",
                "local": "2018-07-14T15:00:00-07:00"
            }
        },
        "coordinates": null,
        "summary": null,
        "coverage": {
            "expectedCount": 1,
            "expectedInterval": "01:00:00",
            "observedCount": 1,
            "observedInterval": "01:00:00",
            "percentComplete": 100.0,
            "percentCoverage": 100.0,
            "datetimeFrom": {
                "utc": "2018-07-14T21:00:00Z",
                "local": "2018-07-14T14:00:00-07:00"
            },
            "datetimeTo": {
                "utc": "2018-07-14T22:00:00Z",
                "local": "2018-07-14T15:00:00-07:00"
            }
        }
    },
    {
        "value": 2.0,
        "flagInfo": {
            "hasFlags": false
        },
        "parameter": {
            "id": 2,
            "name": "pm25",
            "units": "\u00b5g/m\u00b3",
            "displayName": null
        },
        "period": {
            "label": "raw",
            "interval": "01:00:00",
            "datetimeFrom": {
                "utc": "2018-07-14T22:00:00Z",
                "local": "2018-07-14T15:00:00-07:00"
            },
            "datetimeTo": {
                "utc": "2018-07-14T23:00:00Z",
                "local": "2018-07-14T16:00:00-07:00"
            }
        },
        "coordinates": null,
        "summary": null,
        "coverage": {
            "expectedCount": 1,
            "expectedInterval": "01:00:00",
            "observedCount": 1,
            "observedInterval": "01:00:00",
            "percentComplete": 100.0,
            "percentCoverage": 100.0,
            "datetimeFrom": {
                "utc": "2018-07-14T22:00:00Z",
                "local": "2018-07-14T15:00:00-07:00"
            },
            "datetimeTo": {
                "utc": "2018-07-14T23:00:00Z",
                "local": "2018-07-14T16:00:00-07:00"
            }
        }
    },
    {
        "value": 2.0,
        "flagInfo": {
            "hasFlags": false
        },
        "parameter": {
            "id": 2,
            "name": "pm25",
            "units": "\u00b5g/m\u00b3",
            "displayName": null
        },
        "period": {
            "label": "raw",
            "interval": "01:00:00",
            "datetimeFrom": {
                "utc": "2018-07-15T00:00:00Z",
                "local": "2018-07-14T17:00:00-07:00"
            },
            "datetimeTo": {
                "utc": "2018-07-15T01:00:00Z",
                "local": "2018-07-14T18:00:00-07:00"
            }
        },
        "coordinates": null,
        "summary": null,
        "coverage": {
            "expectedCount": 1,
            "expectedInterval": "01:00:00",
            "observedCount": 1,
            "observedInterval": "01:00:00",
            "percentComplete": 100.0,
            "percentCoverage": 100.0,
            "datetimeFrom": {
                "utc": "2018-07-15T00:00:00Z",
                "local": "2018-07-14T17:00:00-07:00"
            },
            "datetimeTo": {
                "utc": "2018-07-15T01:00:00Z",
                "local": "2018-07-14T18:00:00-07:00"
            }
        }
    },
    {
        "value": 6.0,
        "flagInfo": {
            "hasFlags": false
        },
        "parameter": {
            "id": 2,
            "name": "pm25",
            "units": "\u00b5g/m\u00b3",
            "displayName": null
        },
        "period": {
            "label": "raw",
            "interval": "01:00:00",
            "datetimeFrom": {
                "utc": "2018-07-15T01:00:00Z",
                "local": "2018-07-14T18:00:00-07:00"
            },
            "datetimeTo": {
                "utc": "2018-07-15T02:00:00Z",
                "local": "2018-07-14T19:00:00-07:00"
            }
        },
        "coordinates": null,
        "summary": null,
        "coverage": {
            "expectedCount": 1,
            "expectedInterval": "01:00:00",
            "observedCount": 1,
            "observedInterval": "01:00:00",
            "percentComplete": 100.0,
            "percentCoverage": 100.0,
            "datetimeFrom": {
                "utc": "2018-07-15T01:00:00Z",
                "local": "2018-07-14T18:00:00-07:00"
            },
            "datetimeTo": {
                "utc": "2018-07-15T02:00:00Z",
                "local": "2018-07-14T19:00:00-07:00"
            }
        }
    },
    {
        "value": 8.0,
        "flagInfo": {
            "hasFlags": false
        },
        "parameter": {
            "id": 2,
            "name": "pm25",
            "units": "\u00b5g/m\u00b3",
            "displayName": null
        },
        "period": {
            "label": "raw",
            "interval": "01:00:00",
            "datetimeFrom": {
                "utc": "2018-07-15T02:00:00Z",
                "local": "2018-07-14T19:00:00-07:00"
            },
            "datetimeTo": {
                "utc": "2018-07-15T03:00:00Z",
                "local": "2018-07-14T20:00:00-07:00"
            }
        },
        "coordinates": null,
        "summary": null,
        "coverage": {
            "expectedCount": 1,
            "expectedInterval": "01:00:00",
            "observedCount": 1,
            "observedInterval": "01:00:00",
            "percentComplete": 100.0,
            "percentCoverage": 100.0,
            "datetimeFrom": {
                "utc": "2018-07-15T02:00:00Z",
                "local": "2018-07-14T19:00:00-07:00"
            },
            "datetimeTo": {
                "utc": "2018-07-15T03:00:00Z",
                "local": "2018-07-14T20:00:00-07:00"
            }
        }
    },
    {
        "value": 19.0,
        "flagInfo": {
            "hasFlags": false
        },
        "parameter": {
            "id": 2,
            "name": "pm25",
            "units": "\u00b5g/m\u00b3",
            "displayName": null
        },
        "period": {
            "label": "raw",
            "interval": "01:00:00",
            "datetimeFrom": {
                "utc": "2018-07-15T03:00:00Z",
                "local": "2018-07-14T20:00:00-07:00"
            },
            "datetimeTo": {
                "utc": "2018-07-15T04:00:00Z",
                "local": "2018-07-14T21:00:00-07:00"
            }
        },
        "coordinates": null,
        "summary": null,
        "coverage": {
            "expectedCount": 1,
            "expectedInterval": "01:00:00",
            "observedCount": 1,
            "observedInterval": "01:00:00",
            "percentComplete": 100.0,
            "percentCoverage": 100.0,
            "datetimeFrom": {
                "utc": "2018-07-15T03:00:00Z",
                "local": "2018-07-14T20:00:00-07:00"
            },
            "datetimeTo": {
                "utc": "2018-07-15T04:00:00Z",
                "local": "2018-07-14T21:00:00-07:00"
            }
        }
    },
    {
        "value": 4.0,
        "flagInfo": {
            "hasFlags": false
        },
        "parameter": {
            "id": 2,
            "name": "pm25",
            "units": "\u00b5g/m\u00b3",
            "displayName": null
        },
        "period": {
            "label": "raw",
            "interval": "01:00:00",
            "datetimeFrom": {
                "utc": "2018-07-15T04:00:00Z",
                "local": "2018-07-14T21:00:00-07:00"
            },
            "datetimeTo": {
                "utc": "2018-07-15T05:00:00Z",
                "local": "2018-07-14T22:00:00-07:00"
            }
        },
        "coordinates": null,
        "summary": null,
        "coverage": {
            "expectedCount": 1,
            "expectedInterval": "01:00:00",
            "observedCount": 1,
            "observedInterval": "01:00:00",
            "percentComplete": 100.0,
            "percentCoverage": 100.0,
            "datetimeFrom": {
                "utc": "2018-07-15T04:00:00Z",
                "local": "2018-07-14T21:00:00-07:00"
            },
            "datetimeTo": {
                "utc": "2018-07-15T05:00:00Z",
                "local": "2018-07-14T22:00:00-07:00"
            }
        }
    },
    {
        "value": 6.0,
        "flagInfo": {
            "hasFlags": false
        },
        "parameter": {
            "id": 2,
            "name": "pm25",
            "units": "\u00b5g/m\u00b3",
            "displayName": null
        },
        "period": {
            "label": "raw",
            "interval": "01:00:00",
            "datetimeFrom": {
                "utc": "2018-07-15T05:00:00Z",
                "local": "2018-07-14T22:00:00-07:00"
            },
            "datetimeTo": {
                "utc": "2018-07-15T06:00:00Z",
                "local": "2018-07-14T23:00:00-07:00"
            }
        },
        "coordinates": null,
        "summary": null,
        "coverage": {
            "expectedCount": 1,
            "expectedInterval": "01:00:00",
            "observedCount": 1,
            "observedInterval": "01:00:00",
            "percentComplete": 100.0,
            "percentCoverage": 100.0,
            "datetimeFrom": {
                "utc": "2018-07-15T05:00:00Z",
                "local": "2018-07-14T22:00:00-07:00"
            },
            "datetimeTo": {
                "utc": "2018-07-15T06:00:00Z",
                "local": "2018-07-14T23:00:00-07:00"
            }
        }
    }
]