[
    {
        "value": 8.0,
        "flagInfo": {
            "hasFlags": false
        },
        "parameter": {
            "id": 2,
            "name": "pm25",
            "units": "\u00b5g/m\u00b3",
            "displayName": null
        },
        "period": {
            "label": "raw",
            "interval": "01:00:00",
            "datetimeFrom": {
                "utc": "2017-10-26T04:00:00Z",
                "local": "2017-10-25T21:00:00-07:00"
            },
            "datetimeTo": {
                "utc": "2017-10-26T05:00:00Z",
                "local": "2017-10-25T22:00:00-07:00"
            }
        },
        "coordinates": null,
        "summary": null,
        "coverage": {
            "expectedCount": 1,
            "expectedInterval": "01:00:00",
            "observedCount": 1,
            "observedInterval": "01:00:00",
            "percentComplete": 100.0,
            "percentCoverage": 100.0,
            "datetimeFrom": {
                "utc": "2017-10-26T04:00:00Z",
                "local": "2017-10-25T21:00:00-07:00"
            },
            "datetimeTo": {
                "utc": "2017-10-26T05:00:00Z",
                "local": "2017-10-25T22:00:00-07:00"
            }
        }
    },
    {
        "value": 7.0,
        "flagInfo": {
            "hasFlags": false
        },
        "parameter": {
            "id": 2,
            "name": "pm25",
            "units": "\u00b5g/m\u00b3",
            "displayName": null
        },
        "period": {
            "label": "raw",
            "interval": "01:00:00",
            "datetimeFrom": {
                "utc": "2017-10-26T06:00:00Z",
                "local": "2017-10-25T23:00:00-07:00"
            },
            "datetimeTo": {
                "utc": "2017-10-26T07:00:00Z",
                "local": "2017-10-26T00:00:00-07:00"
            }
        },
        "coordinates": null,
        "summary": null,
        "coverage": {
            "expectedCount": 1,
            "expectedInterval": "01:00:00",
            "observedCount": 1,
            "observedInterval": "01:00:00",
            "percentComplete": 100.0,
            "percentCoverage": 100.0,
            "datetimeFrom": {
                "utc": "2017-10-26T06:00:00Z",
                "local": "2017-10-25T23:00:00-07:00"
            },
            "datetimeTo": {
                "utc": "2017-10-26T07:00:00Z",
                "local": "2017-10-26T00:00:00-07:00"
            }
        }
    },
    {
        "value": 6.0,
        "flagInfo": {
            "hasFlags": false
        },
        "parameter": {
            "id": 2,
            "name": "pm25",
            "units": "\u00b5g/m\u00b3",
            "displayName": null
        },
        "period": {
            "label": "raw",
            "interval": "01:00:00",
            "datetimeFrom": {
                "utc": "2017-10-26T10:00:00Z",
                "local": "2017-10-26T03:00:00-07:00"
            },
            "datetimeTo": {
                "utc": "2017-10-26T11:00:00Z",
                "local": "2017-10-26T04:00:00-07:00"
            }
        },
        "coordinates": null,
        "summary": null,
        "coverage": {
            "expectedCount": 1,
            "expectedInterval": "01:00:00",
            "observedCount": 1,
            "observedInterval": "01:00:00",
            "percentComplete": 100.0,
            "percentCoverage": 100.0,
            "datetimeFrom": {
                "utc": "2017-10-26T10:00:00Z",
                "local": "2017-10-26T03:00:00-07:00"
            },
            "datetimeTo": {
                "utc": "2017-10-26T11:00:00Z",
                "local": "2017-10-26T04:00:00-07:00"
            }
        }
    },
    {
        "value": 1.0,
        "flagInfo": {
            "hasFlags": false
        },
        "parameter": {
            "id": 2,
            "name": "pm25",
            "units": "\u00b5g/m\u00b3",
            "displayName": null
        },
        "period": {
            "label": "raw",
            "interval": "01:00:00",
            "datetimeFrom": {
                "utc": "2017-10-28T00:00:00Z",
                "local": "2017-10-27T17:00:00-07:00"
            },
            "datetimeTo": {
                "utc": "2017-10-28T01:00:00Z",
                "local": "2017-10-27T18:00:00-07:00"
            }
        },
        "coordinates": null,
        "summary": null,
        "coverage": {
            "expectedCount": 1,
            "expectedInterval": "01:00:00",
            "observedCount": 1,
            "observedInterval": "01:00:00",
            "percentComplete": 100.0,
            "percentCoverage": 100.0,
            "datetimeFrom": {
                "utc": "2017-10-28T00:00:00Z",
                "local": "2017-10-27T17:00:00-07:00"
            },
            "datetimeTo": {
                "utc": "2017-10-28T01:00:00Z",
                "local": "2017-10-27T18:00:00-07:00"
            }
        }
    },
    {
        "value": -3.0,
        "flagInfo": {
            "hasFlags": false
        },
        "parameter": {
            "id": 2,
            "name": "pm25",
            "units": "\u00b5g/m\u00b3",
            "displayName": null
        },
        "period": {
            "label": "raw",
            "interval": "01:00:00",
            "datetimeFrom": {
                "utc": "2017-10-28T03:00:00Z",
                "local": "2017-10-27T20:00:00-07:00"
            },
            "datetimeTo": {
                "utc": "2017-10-28T04:00:00Z",
                "local": "2017-10-27T21:00:00-07:00"
            }
        },
        "coordinates": null,
        "summary": null,
        "coverage": {
            "expectedCount": 1,
            "expectedInterval": "01:00:00",
            "observedCount": 1,
            "observedInterval": "01:00:00",
            "percentComplete": 100.0,
            "percentCoverage": 100.0,
            "datetimeFrom": {
                "utc": "2017-10-28T03:00:00Z",
                "local": "2017-10-27T20:00:00-07:00"
            },
            "datetimeTo": {
                "utc": "2017-10-28T04:00:00Z",
                "local": "2017-10-27T21:00:00-07:00"
            }
        }
    },
    {
        "value": 4.0,
        "flagInfo": {
            "hasFlags": false
        },
        "parameter": {
            "id": 2,
            "name": "pm25",
            "units": "\u00b5g/m\u00b3",
            "displayName": null
        },
        "period": {
            "label": "raw",
            "interval": "01:00:00",
            "datetimeFrom": {
                "utc": "2017-10-28T05:00:00Z",
                "local": "2017-10-27T22:00:00-07:00"
            },
            "datetimeTo": {
                "utc": "2017-10-28T06:00:00Z",
                "local": "2017-10-27T23:00:00-07:00"
            }
        },
        "coordinates": null,
        "summary": null,
        "coverage": {
            "expectedCount": 1,
            "expectedInterval": "01:00:00",
            "observedCount": 1,
            "observedInterval": "01:00:00",
            "percentComplete": 100.0,
            "percentCoverage": 100.0,
            "datetimeFrom": {
                "utc": "2017-10-28T05:00:00Z",
                "local": "2017-10-27T22:00:00-07:00"
            },
            "datetimeTo": {
                "utc": "2017-10-28T06:00:00Z",
                "local": "2017-10-27T23:00:00-07:00"
            }
        }
    },
    {
        "value": 7.0,
        "flagInfo": {
            "hasFlags": false
        },
        "parameter": {
            "id": 2,
            "name": "pm25",
            "units": "\u00b5g/m\u00b3",
            "displayName": null
        },
        "period": {
            "label": "raw",
            "interval": "01:00:00",
            "datetimeFrom": {
                "utc": "2017-10-28T17:00:00Z",
                "local": "2017-10-28T10:00:00-07:00"
            },
            "datetimeTo": {
                "utc": "2017-10-28T18:00:00Z",
                "local": "2017-10-28T11:00:00-07:00"
            }
        },
        "coordinates": null,
        "summary": null,
        "coverage": {
            "expectedCount": 1,
            "expectedInterval": "01:00:00",
            "observedCount": 1,
            "observedInterval": "01:00:00",
            "percentComplete": 100.0,
            "percentCoverage": 100.0,
            "datetimeFrom": {
                "utc": "2017-10-28T17:00:00Z",
                "local": "2017-10-28T10:00:00-07:00"
            },
            "datetimeTo": {
                "utc": "2017-10-28T18:00:00Z",
                "local": "2017-10-28T11:00:00-07:00"
            }
        }
    },
    {
        "value": 9.0,
        "flagInfo": {
            "hasFlags": false
        },
        "parameter": {
            "id": 2,
            "name": "pm25",
            "units": "\u00b5g/m\u00b3",
            "displayName": null
        },
        "period": {
            "label": "raw",
            "interval": "01:00:00",
            "datetimeFrom": {
                "utc": "2017-10-28T20:00:00Z",
                "local": "2017-10-28T13:00:00-07:00"
            },
            "datetimeTo": {
                "utc": "2017-10-28T21:00:00Z",
                "local": "2017-10-28T14:00:00-07:00"
            }
        },
        "coordinates": null,
        "summary": null,
        "coverage": {
            "expectedCount": 1,
            "expectedInterval": "01:00:00",
            "observedCount": 1,
            "observedInterval": "01:00:00",
            "percentComplete": 100.0,
            "percentCoverage": 100.0,
            "datetimeFrom": {
                "utc": "2017-10-28T20:00:00Z",
                "local": "2017-10-28T13:00:00-07:00"
            },
            "datetimeTo": {
                "utc": "2017-10-28T21:00:00Z",
                "local": "2017-10-28T14:00:00-07:00"
            }
        }
    },
    {
        "value": 5.0,
        "flagInfo": {
            "hasFlags": false
        },
        "parameter": {
            "id": 2,
            "name": "pm25",
            "units": "\u00b5g/m\u00b3",
            "displayName": null
        },
        "period": {
            "label": "raw",
            "interval": "01:00:00",
            "datetimeFrom": {
                "utc": "2017-10-28T22:00:00Z",
                "local": "2017-10-28T15:00:00-07:00"
            },
            "datetimeTo": {
                "utc": "2017-10-28T23:00:00Z",
                "local": "2017-10-28T16:00:00-07:00"
            }
        },
        "coordinates": null,
        "summary": null,
        "coverage": {
            "expectedCount": 1,
            "expectedInterval": "01:00:00",
            "observedCount": 1,
            "observedInterval": "01:00:00",
            "percentComplete": 100.0,
            "percentCoverage": 100.0,
            "datetimeFrom": {
                "utc": "2017-10-28T22:00:00Z",
                "local": "2017-10-28T15:00:00-07:00"
            },
            "datetimeTo": {
                "utc": "2017-10-28T23:00:00Z",
                "local": "2017-10-28T16:00:00-07:00"
            }
        }
    },
    {
        "value": 11.0,
        "flagInfo": {
            "hasFlags": false
        },
        "parameter": {
            "id": 2,
            "name": "pm25",
            "units": "\u00b5g/m\u00b3",
            "displayName": null
        },
        "period": {
            "label": "raw",
            "interval": "01:00:00",
            "datetimeFrom": {
                "utc": "2017-10-31T00:00:00Z",
                "local": "2017-10-30T17:00:00-07:00"
            },
            "datetimeTo": {
                "utc": "2017-10-31T01:00:00Z",
                "local": "2017-10-30T18:00:00-07:00"
            }
        },
        "coordinates": null,
        "summary": null,
        "coverage": {
            "expectedCount": 1,
            "expectedInterval": "01:00:00",
            "observedCount": 1,
            "observedInterval": "01:00:00",
            "percentComplete": 100.0,
            "percentCoverage": 100.0,
            "datetimeFrom": {
                "utc": "2017-10-31T00:00:00Z",
                "local": "2017-10-30T17:00:00-07:00"
            },
            "datetimeTo": {
                "utc": "2017-10-31T01:00:00Z",
                "local": "2017-10-30T18:00:00-07:00"
            }
        }
    },
    {
        "value": 16.0,
        "flagInfo": {
            "hasFlags": false
        },
        "parameter": {
            "id": 2,
            "name": "pm25",
            "units": "\u00b5g/m\u00b3",
            "displayName": null
        },
        "period": {
            "label": "raw",
            "interval": "01:00:00",
            "datetimeFrom": {
                "utc": "2017-10-31T01:00:00Z",
                "local": "2017-10-30T18:00:00-07:00"
            },
            "datetimeTo": {
                "utc": "2017-10-31T02:00:00Z",
                "local": "2017-10-30T19:00:00-07:00"
            }
        },
        "coordinates": null,
        "summary": null,
        "coverage": {
            "expectedCount": 1,
            "expectedInterval": "01:00:00",
            "observedCount": 1,
            "observedInterval": "01:00:00",
            "percentComplete": 100.0,
            "percentCoverage": 100.0,
            "datetimeFrom": {
                "utc": "2017-10-31T01:00:00Z",
                "local": "2017-10-30T18:00:00-07:00"
            },
            "datetimeTo": {
                "utc": "2017-10-31T02:00:00Z",
                "local": "2017-10-30T19:00:00-07:00"
            }
        }
    },
    {
        "value": 27.0,
        "flagInfo": {
            "hasFlags": false
        },
        "parameter": {
            "id": 2,
            "name": "pm25",
            "units": "\u00b5g/m\u00b3",
            "displayName": null
        },
        "period": {
            "label": "raw",
            "interval": "01:00:00",
            "datetimeFrom": {
                "utc": "2017-10-31T02:00:00Z",
                "local": "2017-10-30T19:00:00-07:00"
            },
            "datetimeTo": {
                "utc": "2017-10-31T03:00:00Z",
                "local": "2017-10-30T20:00:00-07:00"
            }
        },
        "coordinates": null,
        "summary": null,
        "coverage": {
            "expectedCount": 1,
            "expectedInterval": "01:00:00",
            "observedCount": 1,
            "observedInterval": "01:00:00",
            "percentComplete": 100.0,
            "percentCoverage": 100.0,
            "datetimeFrom": {
                "utc": "2017-10-31T02:00:00Z",
                "local": "2017-10-30T19:00:00-07:00"
            },
            "datetimeTo": {
                "utc": "2017-10-31T03:00:00Z",
                "local": "2017-10-30T20:00:00-07:00"
            }
        }
    },
    {
        "value": 2.0,
        "flagInfo": {
            "hasFlags": false
        },
        "parameter": {
            "id": 2,
            "name": "pm25",
            "units": "\u00b5g/m\u00b3",
            "displayName": null
        },
        "period": {
            "label": "raw",
            "interval": "01:00:00",
            "datetimeFrom": {
                "utc": "2017-10-31T03:00:00Z",
                "local": "2017-10-30T20:00:00-07:00"
            },
            "datetimeTo": {
                "utc": "2017-10-31T04:00:00Z",
                "local": "2017-10-30T21:00:00-07:00"
            }
        },
        "coordinates": null,
        "summary": null,
        "coverage": {
            "expectedCount": 1,
            "expectedInterval": "01:00:00",
            "observedCount": 1,
            "observedInterval": "01:00:00",
            "percentComplete": 100.0,
            "percentCoverage": 100.0,
            "datetimeFrom": {
                "utc": "2017-10-31T03:00:00Z",
                "local": "2017-10-30T20:00:00-07:00"
            },
            "datetimeTo": {
                "utc": "2017-10-31T04:00:00Z",
                "local": "2017-10-30T21:00:00-07:00"
            }
        }
    },
    {
        "value": 26.0,
        "flagInfo": {
            "hasFlags": false
        },
        "parameter": {
            "id": 2,
            "name": "pm25",
            "units": "\u00b5g/m\u00b3",
            "displayName": null
        },
        "period": {
            "label": "raw",
            "interval": "01:00:00",
            "datetimeFrom": {
                "utc": "2017-10-31T04:00:00Z",
                "local": "2017-10-30T21:00:00-07:00"
            },
            "datetimeTo": {
                "utc": "2017-10-31T05:00:00Z",
                "local": "2017-10-30T22:00:00-07:00"
            }
        },
        "coordinates": null,
        "summary": null,
        "coverage": {
            "expectedCount": 1,
            "expectedInterval": "01:00:00",
            "observedCount": 1,
            "observedInterval": "01:00:00",
            "percentComplete": 100.0,
            "percentCoverage": 100.0,
            "datetimeFrom": {
                "utc": "2017-10-31T04:00:00Z",
                "local": "2017-10-30T21:00:00-07:00"
            },
            "datetimeTo": {
                "utc": "2017-10-31T05:00:00Z",
                "local": "2017-10-30T22:00:00-07:00"
            }
        }
    },
    {
        "value": 16.0,
        "flagInfo": {
            "hasFlags": false
        },
        "parameter": {
            "id": 2,
            "name": "pm25",
            "units": "\u00b5g/m\u00b3",
            "displayName": null
        },
        "period": {
            "label": "raw",
            "interval": "01:00:00",
            "datetimeFrom": {
                "utc": "2017-10-31T06:00:00Z",
                "local": "2017-10-30T23:00:00-07:00"
            },
            "datetimeTo": {
                "utc": "2017-10-31T07:00:00Z",
                "local": "2017-10-31T00:00:00-07:00"
            }
        },
        "coordinates": null,
        "summary": null,
        "coverage": {
            "expectedCount": 1,
            "expectedInterval": "01:00:00",
            "observedCount": 1,
            "observedInterval": "01:00:00",
            "percentComplete": 100.0,
            "percentCoverage": 100.0,
            "datetimeFrom": {
                "utc": "2017-10-31T06:00:00Z",
                "local": "2017-10-30T23:00:00-07:00"
            },
            "datetimeTo": {
                "utc": "2017-10-31T07:00:00Z",
                "local": "2017-10-31T00:00:00-07:00"
            }
        }
    },
    {
        "value": 42.0,
        "flagInfo": {
            "hasFlags": false
        },
        "parameter": {
            "id": 2,
            "name": "pm25",
            "units": "\u00b5g/m\u00b3",
            "displayName": null
        },
        "period": {
            "label": "raw",
            "interval": "01:00:00",
            "datetimeFrom": {
                "utc": "2017-10-31T10:00:00Z",
                "local": "2017-10-31T03:00:00-07:00"
            },
            "datetimeTo": {
                "utc": "2017-10-31T11:00:00Z",
                "local": "2017-10-31T04:00:00-07:00"
            }
        },
        "coordinates": null,
        "summary": null,
        "coverage": {
            "expectedCount": 1,
            "expectedInterval": "01:00:00",
            "observedCount": 1,
            "observedInterval": "01:00:00",
            "percentComplete": 100.0,
            "percentCoverage": 100.0,
            "datetimeFrom": {
                "utc": "2017-10-31T10:00:00Z",
                "local": "2017-10-31T03:00:00-07:00"
            },
            "datetimeTo": {
                "utc": "2017-10-31T11:00:00Z",
                "local": "2017-10-31T04:00:00-07:00"
            }
        }
    },
    {
        "value": 9.0,
        "flagInfo": {
            "hasFlags": false
        },
        "parameter": {
            "id": 2,
            "name": "pm25",
            "units": "\u00b5g/m\u00b3",
            "displayName": null
        },
        "period": {
            "label": "raw",
            "interval": "01:00:00",
            "datetimeFrom": {
                "utc": "2017-11-01T00:00:00Z",
                "local": "2017-10-31T17:00:00-07:00"
            },
            "datetimeTo": {
                "utc": "2017-11-01T01:00:00Z",
                "local": "2017-10-31T18:00:00-07:00"
            }
        },
        "coordinates": null,
        "summary": null,
        "coverage": {
            "expectedCount": 1,
            "expectedInterval": "01:00:00",
            "observedCount": 1,
            "observedInterval": "01:00:00",
            "percentComplete": 100.0,
            "percentCoverage": 100.0,
            "datetimeFrom": {
                "utc": "2017-11-01T00:00:00Z",
                "local": "2017-10-31T17:00:00-07:00"
            },
            "datetimeTo": {
                "utc": "2017-11-01T01:00:00Z",
                "local": "2017-10-31T18:00:00-07:00"
            }
        }
    },
    {
        "value": 2.0,
        "flagInfo": {
            "hasFlags": false
        },
        "parameter": {
            "id": 2,
            "name": "pm25",
            "units": "\u00b5g/m\u00b3",
            "displayName": null
        },
        "period": {
            "label": "raw",
            "interval": "01:00:00",
            "datetimeFrom": {
                "utc": "2017-11-01T14:00:00Z",
                "local": "2017-11-01T07:00:00-07:00"
            },
            "datetimeTo": {
                "utc": "2017-11-01T15:00:00Z",
                "local": "2017-11-01T08:00:00-07:00"
            }
        },
        "coordinates": null,
        "summary": null,
        "coverage": {
            "expectedCount": 1,
            "expectedInterval": "01:00:00",
            "observedCount": 1,
            "observedInterval": "01:00:00",
            "percentComplete": 100.0,
            "percentCoverage": 100.0,
            "datetimeFrom": {
                "utc": "2017-11-01T14:00:00Z",
                "local": "2017-11-01T07:00:00-07:00"
            },
            "datetimeTo": {
                "utc": "2017-11-01T15:00:00Z",
                "local": "2017-11-01T08:00:00-07:00"
            }
        }
    },
    {
        "value": -2.0,
        "flagInfo": {
            "hasFlags": false
        },
        "parameter": {
            "id": 2,
            "name": "pm25",
            "units": "\u00b5g/m\u00b3",
            "displayName": null
        },
        "period": {
            "label": "raw",
            "interval": "01:00:00",
            "datetimeFrom": {
                "utc": "2017-11-01T16:00:00Z",
                "local": "2017-11-01T09:00:00-07:00"
            },
            "datetimeTo": {
                "utc": "2017-11-01T17:00:00Z",
                "local": "2017-11-01T10:00:00-07:00"
            }
        },
        "coordinates": null,
        "summary": null,
        "coverage": {
            "expectedCount": 1,
            "expectedInterval": "01:00:00",
            "observedCount": 1,
            "observedInterval": "01:00:00",
            "percentComplete": 100.0,
            "percentCoverage": 100.0,
            "datetimeFrom": {
                "utc": "2017-11-01T16:00:00Z",
                "local": "2017-11-01T09:00:00-07:00"
            },
            "datetimeTo": {
                "utc": "2017-11-01T17:00:00Z",
                "local": "2017-11-01T10:00:00-07:00"
            }
        }
    },
    {
        "value": 8.0,
        "flagInfo": {
            "hasFlags": false
        },
        "parameter": {
            "id": 2,
            "name": "pm25",
            "units": "\u00b5g/m\u00b3",
            "displayName": null
        },
        "period": {
            "label": "raw",
            "interval": "01:00:00",
            "datetimeFrom": {
                "utc": "2017-11-05T04:00:00Z",
                "local": "2017-11-04T21:00:00-07:00"
            },
            "datetimeTo": {
                "utc": "2017-11-05T05:00:00Z",
                "local": "2017-11-04T22:00:00-07:00"
            }
        },
        "coordinates": null,
        "summary": null,
        "coverage": {
            "expectedCount": 1,
            "expectedInterval": "01:00:00",
            "observedCount": 1,
            "observedInterval": "01:00:00",
            "percentComplete": 100.0,
            "percentCoverage": 100.0,
            "datetimeFrom": {
                "utc": "2017-11-05T04:00:00Z",
                "local": "2017-11-04T21:00:00-07:00"
            },
            "datetimeTo": {
                "utc": "2017-11-05T05:00:00Z",
                "local": "2017-11-04T22:00:00-07:00"
            }
        }
    },
    {
        "value": 8.0,
        "flagInfo": {
            "hasFlags": false
        },
        "parameter": {
            "id": 2,
            "name": "pm25",
            "units": "\u00b5g/m\u00b3",
            "displayName": null
        },
        "period": {
            "label": "raw",
            "interval": "01:00:00",
            "datetimeFrom": {
                "utc": "2017-11-05T19:00:00Z",
                "local": "2017-11-05T11:00:00-08:00"
            },
            "datetimeTo": {
                "utc": "2017-11-05T20:00:00Z",
                "local": "2017-11-05T12:00:00-08:00"
            }
        },
        "coordinates": null,
        "summary": null,
        "coverage": {
            "expectedCount": 1,
            "expectedInterval": "01:00:00",
            "observedCount": 1,
            "observedInterval": "01:00:00",
            "percentComplete": 100.0,
            "percentCoverage": 100.0,
            "datetimeFrom": {
                "utc": "2017-11-05T19:00:00Z",
                "local": "2017-11-05T11:00:00-08:00"
            },
            "datetimeTo": {
                "utc": "2017-11-05T20:00:00Z",
                "local": "2017-11-05T12:00:00-08:00"
            }
        }
    },
    {
        "value": -2.0,
        "flagInfo": {
            "hasFlags": false
        },
        "parameter": {
            "id": 2,
            "name": "pm25",
            "units": "\u00b5g/m\u00b3",
            "displayName": null
        },
        "period": {
            "label": "raw",
            "interval": "01:00:00",
            "datetimeFrom": {
                "utc": "2017-11-10T01:00:00Z",
                "local": "2017-11-09T17:00:00-08:00"
            },
            "datetimeTo": {
                "utc": "2017-11-10T02:00:00Z",
                "local": "2017-11-09T18:00:00-08:00"
            }
        },
        "coordinates": null,
        "summary": null,
        "coverage": {
            "expectedCount": 1,
            "expectedInterval": "01:00:00",
            "observedCount": 1,
            "observedInterval": "01:00:00",
            "percentComplete": 100.0,
            "percentCoverage": 100.0,
            "datetimeFrom": {
                "utc": "2017-11-10T01:00:00Z",
                "local": "2017-11-09T17:00:00-08:00"
            },
            "datetimeTo": {
                "utc": "2017-11-10T02:00:00Z",
                "local": "2017-11-09T18:00:00-08:00"
            }
        }
    },
    {
        "value": 2.0,
        "flagInfo": {
            "hasFlags": false
        },
        "parameter": {
            "id": 2,
            "name": "pm25",
            "units": "\u00b5g/m\u00b3",
            "displayName": null
        },
        "period": {
            "label": "raw",
            "interval": "01:00:00",
            "datetimeFrom": {
                "utc": "2017-11-13T08:00:00Z",
                "local": "2017-11-13T00:00:00-08:00"
            },
            "datetimeTo": {
                "utc": "2017-11-13T09:00:00Z",
                "local": "2017-11-13T01:00:00-08:00"
            }
        },
        "coordinates": null,
        "summary": null,
        "coverage": {
            "expectedCount": 1,
            "expectedInterval": "01:00:00",
            "observedCount": 1,
            "observedInterval": "01:00:00",
            "percentComplete": 100.0,
            "percentCoverage": 100.0,
            "datetimeFrom": {
                "utc": "2017-11-13T08:00:00Z",
                "local": "2017-11-13T00:00:00-08:00"
            },
            "datetimeTo": {
                "utc": "2017-11-13T09:00:00Z",
                "local": "2017-11-13T01:00:00-08:00"
            }
        }
    },
    {
        "value": 9.0,
        "flagInfo": {
            "hasFlags": false
        },
        "parameter": {
            "id": 2,
            "name": "pm25",
            "units": "\u00b5g/m\u00b3",
            "displayName": null
        },
        "period": {
            "label": "raw",
            "interval": "01:00:00",
            "datetimeFrom": {
                "utc": "2017-11-13T21:00:00Z",
                "local": "2017-11-13T13:00:00-08:00"
            },
            "datetimeTo": {
                "utc": "2017-11-13T22:00:00Z",
                "local": "2017-11-13T14:00:00-08:00"
            }
        },
        "coordinates": null,
        "summary": null,
        "coverage": {
            "expectedCount": 1,
            "expectedInterval": "01:00:00",
            "observedCount": 1,
            "observedInterval": "01:00:00",
            "percentComplete": 100.0,
            "percentCoverage": 100.0,
            "datetimeFrom": {
                "utc": "2017-11-13T21:00:00Z",
                "local": "2017-11-13T13:00:00-08:00"
            },
            "datetimeTo": {
                "utc": "2017-11-13T22:00:00Z",
                "local": "2017-11-13T14:00:00-08:00"
            }
        }
    },
    {
        "value": 6.0,
        "flagInfo": {
            "hasFlags": false
        },
        "parameter": {
            "id": 2,
            "name": "pm25",
            "units": "\u00b5g/m\u00b3",
            "displayName": null
        },
        "period": {
            "label": "raw",
            "interval": "01:00:00",
            "datetimeFrom": {
                "utc": "2017-11-15T07:00:00Z",
                "local": "2017-11-14T23:00:00-08:00"
            },
            "datetimeTo": {
                "utc": "2017-11-15T08:00:00Z",
                "local": "2017-11-15T00:00:00-08:00"
            }
        },
        "coordinates": null,
        "summary": null,
        "coverage": {
            "expectedCount": 1,
            "expectedInterval": "01:00:00",
            "observedCount": 1,
            "observedInterval": "01:00:00",
            "percentComplete": 100.0,
            "percentCoverage": 100.0,
            "datetimeFrom": {
                "utc": "2017-11-15T07:00:00Z",
                "local": "2017-11-14T23:00:00-08:00"
            },
            "datetimeTo": {
                "utc": "2017-11-15T08:00:00Z",
                "local": "2017-11-15T00:00:00-08:00"
            }
        }
    },
    {
        "value": 2.0,
        "flagInfo": {
            "hasFlags": false
        },
        "parameter": {
            "id": 2,
            "name": "pm25",
            "units": "\u00b5g/m\u00b3",
            "displayName": null
        },
        "period": {
            "label": "raw",
            "interval": "01:00:00",
            "datetimeFrom": {
                "utc": "2017-11-16T18:00:00Z",
                "local": "2017-11-16T10:00:00-08:00"
            },
            "datetimeTo": {
                "utc": "2017-11-16T19:00:00Z",
                "local": "2017-11-16T11:00:00-08:00"
            }
        },
        "coordinates": null,
        "summary": null,
        "coverage": {
            "expectedCount": 1,
            "expectedInterval": "01:00:00",
            "observedCount": 1,
            "observedInterval": "01:00:00",
            "percentComplete": 100.0,
            "percentCoverage": 100.0,
            "datetimeFrom": {
                "utc": "2017-11-16T18:00:00Z",
                "local": "2017-11-16T10:00:00-08:00"
            },
            "datetimeTo": {
                "utc": "2017-11-16T19:00:00Z",
                "local": "2017-11-16T11:00:00-08:00"
            }
        }
    },
    {
        "value": 3.0,
        "flagInfo": {
            "hasFlags": false
        },
        "parameter": {
            "id": 2,
            "name": "pm25",
            "units": "\u00b5g/m\u00b3",
            "displayName": null
        },
        "period": {
            "label": "raw",
            "interval": "01:00:00",
            "datetimeFrom": {
                "utc": "2017-11-16T19:00:00Z",
                "local": "2017-11-16T11:00:00-08:00"
            },
            "datetimeTo": {
                "utc": "2017-11-16T20:00:00Z",
                "local": "2017-11-16T12:00:00-08:00"
            }
        },
        "coordinates": null,
        "summary": null,
        "coverage": {
            "expectedCount": 1,
            "expectedInterval": "01:00:00",
            "observedCount": 1,
            "observedInterval": "01:00:00",
            "percentComplete": 100.0,
            "percentCoverage": 100.0,
            "datetimeFrom": {
                "utc": "2017-11-16T19:00:00Z",
                "local": "2017-11-16T11:00:00-08:00"
            },
            "datetimeTo": {
                "utc": "2017-11-16T20:00:00Z",
                "local": "2017-11-16T12:00:00-08:00"
            }
        }
    }
]