[
    {
        "value": 6.0,
        "flagInfo": {
            "hasFlags": false
        },
        "parameter": {
            "id": 2,
            "name": "pm25",
            "units": "\u00b5g/m\u00b3",
            "displayName": null
        },
        "period": {
            "label": "raw",
            "interval": "01:00:00",
            "datetimeFrom": {
                "utc": "2017-12-01T02:00:00Z",
                "local": "2017-11-30T18:00:00-08:00"
            },
            "datetimeTo": {
                "utc": "2017-12-01T03:00:00Z",
                "local": "2017-11-30T19:00:00-08:00"
            }
        },
        "coordinates": null,
        "summary": null,
        "coverage": {
            "expectedCount": 1,
            "expectedInterval": "01:00:00",
            "observedCount": 1,
            "observedInterval": "01:00:00",
            "percentComplete": 100.0,
            "percentCoverage": 100.0,
            "datetimeFrom": {
                "utc": "2017-12-01T02:00:00Z",
                "local": "2017-11-30T18:00:00-08:00"
            },
            "datetimeTo": {
                "utc": "2017-12-01T03:00:00Z",
                "local": "2017-11-30T19:00:00-08:00"
            }
        }
    },
    {
        "value": 5.0,
        "flagInfo": {
            "hasFlags": false
        },
        "parameter": {
            "id": 2,
            "name": "pm25",
            "units": "\u00b5g/m\u00b3",
            "displayName": null
        },
        "period": {
            "label": "raw",
            "interval": "01:00:00",
            "datetimeFrom": {
                "utc": "2017-12-01T11:00:00Z",
                "local": "2017-12-01T03:00:00-08:00"
            },
            "datetimeTo": {
                "utc": "2017-12-01T12:00:00Z",
                "local": "2017-12-01T04:00:00-08:00"
            }
        },
        "coordinates": null,
        "summary": null,
        "coverage": {
            "expectedCount": 1,
            "expectedInterval": "01:00:00",
            "observedCount": 1,
            "observedInterval": "01:00:00",
            "percentComplete": 100.0,
            "percentCoverage": 100.0,
            "datetimeFrom": {
                "utc": "2017-12-01T11:00:00Z",
                "local": "2017-12-01T03:00:00-08:00"
            },
            "datetimeTo": {
                "utc": "2017-12-01T12:00:00Z",
                "local": "2017-12-01T04:00:00-08:00"
            }
        }
    }
]