[
    {
        "value": 7.0,
        "flagInfo": {
            "hasFlags": false
        },
        "parameter": {
            "id": 2,
            "name": "pm25",
            "units": "\u00b5g/m\u00b3",
            "displayName": null
        },
        "period": {
            "label": "raw",
            "interval": "01:00:00",
            "datetimeFrom": {
                "utc": "2018-08-18T07:00:00Z",
                "local": "2018-08-18T00:00:00-07:00"
            },
            "datetimeTo": {
                "utc": "2018-08-18T08:00:00Z",
                "local": "2018-08-18T01:00:00-07:00"
            }
        },
        "coordinates": null,
        "summary": null,
        "coverage": {
            "expectedCount": 1,
            "expectedInterval": "01:00:00",
            "observedCount": 1,
            "observedInterval": "01:00:00",
            "percentComplete": 100.0,
            "percentCoverage": 100.0,
            "datetimeFrom": {
                "utc": "2018-08-18T07:00:00Z",
                "local": "2018-08-18T00:00:00-07:00"
            },
            "datetimeTo": {
                "utc": "2018-08-18T08:00:00Z",
                "local": "2018-08-18T01:00:00-07:00"
            }
        }
    },
    {
        "value": 6.0,
        "flagInfo": {
            "hasFlags": false
        },
        "parameter": {
            "id": 2,
            "name": "pm25",
            "units": "\u00b5g/m\u00b3",
            "displayName": null
        },
        "period": {
            "label": "raw",
            "interval": "01:00:00",
            "datetimeFrom": {
                "utc": "2018-08-18T08:00:00Z",
                "local": "2018-08-18T01:00:00-07:00"
            },
            "datetimeTo": {
                "utc": "2018-08-18T09:00:00Z",
                "local": "2018-08-18T02:00:00-07:00"
            }
        },
        "coordinates": null,
        "summary": null,
        "coverage": {
            "expectedCount": 1,
            "expectedInterval": "01:00:00",
            "observedCount": 1,
            "observedInterval": "01:00:00",
            "percentComplete": 100.0,
            "percentCoverage": 100.0,
            "datetimeFrom": {
                "utc": "2018-08-18T08:00:00Z",
                "local": "2018-08-18T01:00:00-07:00"
            },
            "datetimeTo": {
                "utc": "2018-08-18T09:00:00Z",
                "local": "2018-08-18T02:00:00-07:00"
            }
        }
    },
    {
        "value": 23.0,
        "flagInfo": {
            "hasFlags": false
        },
        "parameter": {
            "id": 2,
            "name": "pm25",
            "units": "\u00b5g/m\u00b3",
            "displayName": null
        },
        "period": {
            "label": "raw",
            "interval": "01:00:00",
            "datetimeFrom": {
                "utc": "2018-08-19T05:00:00Z",
                "local": "2018-08-18T22:00:00-07:00"
            },
            "datetimeTo": {
                "utc": "2018-08-19T06:00:00Z",
                "local": "2018-08-18T23:00:00-07:00"
            }
        },
        "coordinates": null,
        "summary": null,
        "coverage": {
            "expectedCount": 1,
            "expectedInterval": "01:00:00",
            "observedCount": 1,
            "observedInterval": "01:00:00",
            "percentComplete": 100.0,
            "percentCoverage": 100.0,
            "datetimeFrom": {
                "utc": "2018-08-19T05:00:00Z",
                "local": "2018-08-18T22:00:00-07:00"
            },
            "datetimeTo": {
                "utc": "2018-08-19T06:00:00Z",
                "local": "2018-08-18T23:00:00-07:00"
            }
        }
    },
    {
        "value": 22.0,
        "flagInfo": {
            "hasFlags": false
        },
        "parameter": {
            "id": 2,
            "name": "pm25",
            "units": "\u00b5g/m\u00b3",
            "displayName": null
        },
        "period": {
            "label": "raw",
            "interval": "01:00:00",
            "datetimeFrom": {
                "utc": "2018-08-19T06:00:00Z",
                "local": "2018-08-18T23:00:00-07:00"
            },
            "datetimeTo": {
                "utc": "2018-08-19T07:00:00Z",
                "local": "2018-08-19T00:00:00-07:00"
            }
        },
        "coordinates": null,
        "summary": null,
        "coverage": {
            "expectedCount": 1,
            "expectedInterval": "01:00:00",
            "observedCount": 1,
            "observedInterval": "01:00:00",
            "percentComplete": 100.0,
            "percentCoverage": 100.0,
            "datetimeFrom": {
                "utc": "2018-08-19T06:00:00Z",
                "local": "2018-08-18T23:00:00-07:00"
            },
            "datetimeTo": {
                "utc": "2018-08-19T07:00:00Z",
                "local": "2018-08-19T00:00:00-07:00"
            }
        }
    }
]