[
    {
        "value": 4.0,
        "flagInfo": {
            "hasFlags": false
        },
        "parameter": {
            "id": 2,
            "name": "pm25",
            "units": "\u00b5g/m\u00b3",
            "displayName": null
        },
        "period": {
            "label": "raw",
            "interval": "01:00:00",
            "datetimeFrom": {
                "utc": "2018-07-14T08:00:00Z",
                "local": "2018-07-14T01:00:00-07:00"
            },
            "datetimeTo": {
                "utc": "2018-07-14T09:00:00Z",
                "local": "2018-07-14T02:00:00-07:00"
            }
        },
        "coordinates": null,
        "summary": null,
        "coverage": {
            "expectedCount": 1,
            "expectedInterval": "01:00:00",
            "observedCount": 1,
            "observedInterval": "01:00:00",
            "percentComplete": 100.0,
            "percentCoverage": 100.0,
            "datetimeFrom": {
                "utc": "2018-07-14T08:00:00Z",
                "local": "2018-07-14T01:00:00-07:00"
            },
            "datetimeTo": {
                "utc": "2018-07-14T09:00:00Z",
                "local": "2018-07-14T02:00:00-07:00"
            }
        }
    },
    {
        "value": 9.0,
        "flagInfo": {
            "hasFlags": false
        },
        "parameter": {
            "id": 2,
            "name": "pm25",
            "units": "\u00b5g/m\u00b3",
            "displayName": null
        },
        "period": {
            "label": "raw",
            "interval": "01:00:00",
            "datetimeFrom": {
                "utc": "2018-07-14T09:00:00Z",
                "local": "2018-07-14T02:00:00-07:00"
            },
            "datetimeTo": {
                "utc": "2018-07-14T10:00:00Z",
                "local": "2018-07-14T03:00:00-07:00"
            }
        },
        "coordinates": null,
        "summary": null,
        "coverage": {
            "expectedCount": 1,
            "expectedInterval": "01:00:00",
            "observedCount": 1,
            "observedInterval": "01:00:00",
            "percentComplete": 100.0,
            "percentCoverage": 100.0,
            "datetimeFrom": {
                "utc": "2018-07-14T09:00:00Z",
                "local": "2018-07-14T02:00:00-07:00"
            },
            "datetimeTo": {
                "utc": "2018-07-14T10:00:00Z",
                "local": "2018-07-14T03:00:00-07:00"
            }
        }
    },
    {
        "value": 3.0,
        "flagInfo": {
            "hasFlags": false
        },
        "parameter": {
            "id": 2,
            "name": "pm25",
            "units": "\u00b5g/m\u00b3",
            "displayName": null
        },
        "period": {
            "label": "raw",
            "interval": "01:00:00",
            "datetimeFrom": {
                "utc": "2018-07-14T10:00:00Z",
                "local": "2018-07-14T03:00:00-07:00"
            },
            "datetimeTo": {
                "utc": "2018-07-14T11:00:00Z",
                "local": "2018-07-14T04:00:00-07:00"
            }
        },
        "coordinates": null,
        "summary": null,
        "coverage": {
            "expectedCount": 1,
            "expectedInterval": "01:00:00",
            "observedCount": 1,
            "observedInterval": "01:00:00",
            "percentComplete": 100.0,
            "percentCoverage": 100.0,
            "datetimeFrom": {
                "utc": "2018-07-14T10:00:00Z",
                "local": "2018-07-14T03:00:00-07:00"
            },
            "datetimeTo": {
                "utc": "2018-07-14T11:00:00Z",
                "local": "2018-07-14T04:00:00-07:00"
            }
        }
    },
    {
        "value": 3.0,
        "flagInfo": {
            "hasFlags": false
        },
        "parameter": {
            "id": 2,
            "name": "pm25",
            "units": "\u00b5g/m\u00b3",
            "displayName": null
        },
        "period": {
            "label": "raw",
            "interval": "01:00:00",
            "datetimeFrom": {
                "utc": "2018-07-14T11:00:00Z",
                "local": "2018-07-14T04:00:00-07:00"
            },
            "datetimeTo": {
                "utc": "2018-07-14T12:00:00Z",
                "local": "2018-07-14T05:00:00-07:00"
            }
        },
        "coordinates": null,
        "summary": null,
        "coverage": {
            "expectedCount": 1,
            "expectedInterval": "01:00:00",
            "observedCount": 1,
            "observedInterval": "01:00:00",
            "percentComplete": 100.0,
            "percentCoverage": 100.0,
            "datetimeFrom": {
                "utc": "2018-07-14T11:00:00Z",
                "local": "2018-07-14T04:00:00-07:00"
            },
            "datetimeTo": {
                "utc": "2018-07-14T12:00:00Z",
                "local": "2018-07-14T05:00:00-07:00"
            }
        }
    },
    {
        "value": 10.0,
        "flagInfo": {
            "hasFlags": false
        },
        "parameter": {
            "id": 2,
            "name": "pm25",
            "units": "\u00b5g/m\u00b3",
            "displayName": null
        },
        "period": {
            "label": "raw",
            "interval": "01:00:00",
            "datetimeFrom": {
                "utc": "2018-07-14T12:00:00Z",
                "local": "2018-07-14T05:00:00-07:00"
            },
            "datetimeTo": {
                "utc": "2018-07-14T13:00:00Z",
                "local": "2018-07-14T06:00:00-07:00"
            }
        },
        "coordinates": null,
        "summary": null,
        "coverage": {
            "expectedCount": 1,
            "expectedInterval": "01:00:00",
            "observedCount": 1,
            "observedInterval": "01:00:00",
            "percentComplete": 100.0,
            "percentCoverage": 100.0,
            "datetimeFrom": {
                "utc": "2018-07-14T12:00:00Z",
                "local": "2018-07-14T05:00:00-07:00"
            },
            "datetimeTo": {
                "utc": "2018-07-14T13:00:00Z",
                "local": "2018-07-14T06:00:00-07:00"
            }
        }
    },
    {
        "value": 9.0,
        "flagInfo": {
            "hasFlags": false
        },
        "parameter": {
            "id": 2,
            "name": "pm25",
            "units": "\u00b5g/m\u00b3",
            "displayName": null
        },
        "period": {
            "label": "raw",
            "interval": "01:00:00",
            "datetimeFrom": {
                "utc": "2018-07-14T13:00:00Z",
                "local": "2018-07-14T06:00:00-07:00"
            },
            "datetimeTo": {
                "utc": "2018-07-14T14:00:00Z",
                "local": "2018-07-14T07:00:00-07:00"
            }
        },
        "coordinates": null,
        "summary": null,
        "coverage": {
            "expectedCount": 1,
            "expectedInterval": "01:00:00",
            "observedCount": 1,
            "observedInterval": "01:00:00",
            "percentComplete": 100.0,
            "percentCoverage": 100.0,
            "datetimeFrom": {
                "utc": "2018-07-14T13:00:00Z",
                "local": "2018-07-14T06:00:00-07:00"
            },
            "datetimeTo": {
                "utc": "2018-07-14T14:00:00Z",
                "local": "2018-07-14T07:00:00-07:00"
            }
        }
    },
    {
        "value": 8.0,
        "flagInfo": {
            "hasFlags": false
        },
        "parameter": {
            "id": 2,
            "name": "pm25",
            "units": "\u00b5g/m\u00b3",
            "displayName": null
        },
        "period": {
            "label": "raw",
            "interval": "01:00:00",
            "datetimeFrom": {
                "utc": "2018-07-14T14:00:00Z",
                "local": "2018-07-14T07:00:00-07:00"
            },
            "datetimeTo": {
                "utc": "2018-07-14T15:00:00Z",
                "local": "2018-07-14T08:00:00-07:00"
            }
        },
        "coordinates": null,
        "summary": null,
        "coverage": {
            "expectedCount": 1,
            "expectedInterval": "01:00:00",
            "observedCount": 1,
            "observedInterval": "01:00:00",
            "percentComplete": 100.0,
            "percentCoverage": 100.0,
            "datetimeFrom": {
                "utc": "2018-07-14T14:00:00Z",
                "local": "2018-07-14T07:00:00-07:00"
            },
            "datetimeTo": {
                "utc": "2018-07-14T15:00:00Z",
                "local": "2018-07-14T08:00:00-07:00"
            }
        }
    },
    {
        "value": 1.0,
        "flagInfo": {
            "hasFlags": false
        },
        "parameter": {
            "id": 2,
            "name": "pm25",
            "units": "\u00b5g/m\u00b3",
            "displayName": null
        },
        "period": {
            "label": "raw",
            "interval": "01:00:00",
            "datetimeFrom": {
                "utc": "2018-07-14T15:00:00Z",
                "local": "2018-07-14T08:00:00-07:00"
            },
            "datetimeTo": {
                "utc": "2018-07-14T16:00:00Z",
                "local": "2018-07-14T09:00:00-07:00"
            }
        },
        "coordinates": null,
        "summary": null,
        "coverage": {
            "expectedCount": 1,
            "expectedInterval": "01:00:00",
            "observedCount": 1,
            "observedInterval": "01:00:00",
            "percentComplete": 100.0,
            "percentCoverage": 100.0,
            "datetimeFrom": {
                "utc": "2018-07-14T15:00:00Z",
                "local": "2018-07-14T08:00:00-07:00"
            },
            "datetimeTo": {
                "utc": "2018-07-14T16:00:00Z",
                "local": "2018-07-14T09:00:00-07:00"
            }
        }
    },
    {
        "value": 5.0,
        "flagInfo": {
            "hasFlags": false
        },
        "parameter": {
            "id": 2,
            "name": "pm25",
            "units": "\u00b5g/m\u00b3",
            "displayName": null
        },
        "period": {
            "label": "raw",
            "interval": "01:00:00",
            "datetimeFrom": {
                "utc": "2018-07-14T16:00:00Z",
                "local": "2018-07-14T09:00:00-07:00"
            },
            "datetimeTo": {
                "utc": "2018-07-14T17:00:00Z",
                "local": "2018-07-14T10:00:00-07:00"
            }
        },
        "coordinates": null,
        "summary": null,
        "coverage": {
            "expectedCount": 1,
            "expectedInterval": "01:00:00",
            "observedCount": 1,
            "observedInterval": "01:00:00",
            "percentComplete": 100.0,
            "percentCoverage": 100.0,
            "datetimeFrom": {
                "utc": "2018-07-14T16:00:00Z",
                "local": "2018-07-14T09:00:00-07:00"
            },
            "datetimeTo": {
                "utc": "2018-07-14T17:00:00Z",
                "local": "2018-07-14T10:00:00-07:00"
            }
        }
    },
    {
        "value": -2.0,
        "flagInfo": {
            "hasFlags": false
        },
        "parameter": {
            "id": 2,
            "name": "pm25",
            "units": "\u00b5g/m\u00b3",
            "displayName": null
        },
        "period": {
            "label": "raw",
            "interval": "01:00:00",
            "datetimeFrom": {
                "utc": "2018-07-14T17:00:00Z",
                "local": "2018-07-14T10:00:00-07:00"
            },
            "datetimeTo": {
                "utc": "2018-07-14T18:00:00Z",
                "local": "2018-07-14T11:00:00-07:00"
            }
        },
        "coordinates": null,
        "summary": null,
        "coverage": {
            "expectedCount": 1,
            "expectedInterval": "01:00:00",
            "observedCount": 1,
            "observedInterval": "01:00:00",
            "percentComplete": 100.0,
            "percentCoverage": 100.0,
            "datetimeFrom": {
                "utc": "2018-07-14T17:00:00Z",
                "local": "2018-07-14T10:00:00-07:00"
            },
            "datetimeTo": {
                "utc": "2018-07-14T18:00:00Z",
                "local": "2018-07-14T11:00:00-07:00"
            }
        }
    },
    {
        "value": 15.0,
        "flagInfo": {
            "hasFlags": false
        },
        "parameter": {
            "id": 2,
            "name": "pm25",
            "units": "\u00b5g/m\u00b3",
            "displayName": null
        },
        "period": {
            "label": "raw",
            "interval": "01:00:00",
            "datetimeFrom": {
                "utc": "2018-08-28T18:00:00Z",
                "local": "2018-08-28T11:00:00-07:00"
            },
            "datetimeTo": {
                "utc": "2018-08-28T19:00:00Z",
                "local": "2018-08-28T12:00:00-07:00"
            }
        },
        "coordinates": null,
        "summary": null,
        "coverage": {
            "expectedCount": 1,
            "expectedInterval": "01:00:00",
            "observedCount": 1,
            "observedInterval": "01:00:00",
            "percentComplete": 100.0,
            "percentCoverage": 100.0,
            "datetimeFrom": {
                "utc": "2018-08-28T18:00:00Z",
                "local": "2018-08-28T11:00:00-07:00"
            },
            "datetimeTo": {
                "utc": "2018-08-28T19:00:00Z",
                "local": "2018-08-28T12:00:00-07:00"
            }
        }
    },
    {
        "value": 9.0,
        "flagInfo": {
            "hasFlags": false
        },
        "parameter": {
            "id": 2,
            "name": "pm25",
            "units": "\u00b5g/m\u00b3",
            "displayName": null
        },
        "period": {
            "label": "raw",
            "interval": "01:00:00",
            "datetimeFrom": {
                "utc": "2018-08-28T19:00:00Z",
                "local": "2018-08-28T12:00:00-07:00"
            },
            "datetimeTo": {
                "utc": "2018-08-28T20:00:00Z",
                "local": "2018-08-28T13:00:00-07:00"
            }
        },
        "coordinates": null,
        "summary": null,
        "coverage": {
            "expectedCount": 1,
            "expectedInterval": "01:00:00",
            "observedCount": 1,
            "observedInterval": "01:00:00",
            "percentComplete": 100.0,
            "percentCoverage": 100.0,
            "datetimeFrom": {
                "utc": "2018-08-28T19:00:00Z",
                "local": "2018-08-28T12:00:00-07:00"
            },
            "datetimeTo": {
                "utc": "2018-08-28T20:00:00Z",
                "local": "2018-08-28T13:00:00-07:00"
            }
        }
    },
    {
        "value": 21.0,
        "flagInfo": {
            "hasFlags": false
        },
        "parameter": {
            "id": 2,
            "name": "pm25",
            "units": "\u00b5g/m\u00b3",
            "displayName": null
        },
        "period": {
            "label": "raw",
            "interval": "01:00:00",
            "datetimeFrom": {
                "utc": "2018-08-28T20:00:00Z",
                "local": "2018-08-28T13:00:00-07:00"
            },
            "datetimeTo": {
                "utc": "2018-08-28T21:00:00Z",
                "local": "2018-08-28T14:00:00-07:00"
            }
        },
        "coordinates": null,
        "summary": null,
        "coverage": {
            "expectedCount": 1,
            "expectedInterval": "01:00:00",
            "observedCount": 1,
            "observedInterval": "01:00:00",
            "percentComplete": 100.0,
            "percentCoverage": 100.0,
            "datetimeFrom": {
                "utc": "2018-08-28T20:00:00Z",
                "local": "2018-08-28T13:00:00-07:00"
            },
            "datetimeTo": {
                "utc": "2018-08-28T21:00:00Z",
                "local": "2018-08-28T14:00:00-07:00"
            }
        }
    },
    {
        "value": 18.0,
        "flagInfo": {
            "hasFlags": false
        },
        "parameter": {
            "id": 2,
            "name": "pm25",
            "units": "\u00b5g/m\u00b3",
            "displayName": null
        },
        "period": {
            "label": "raw",
            "interval": "01:00:00",
            "datetimeFrom": {
                "utc": "2018-08-28T21:00:00Z",
                "local": "2018-08-28T14:00:00-07:00"
            },
            "datetimeTo": {
                "utc": "2018-08-28T22:00:00Z",
                "local": "2018-08-28T15:00:00-07:00"
            }
        },
        "coordinates": null,
        "summary": null,
        "coverage": {
            "expectedCount": 1,
            "expectedInterval": "01:00:00",
            "observedCount": 1,
            "observedInterval": "01:00:00",
            "percentComplete": 100.0,
            "percentCoverage": 100.0,
            "datetimeFrom": {
                "utc": "2018-08-28T21:00:00Z",
                "local": "2018-08-28T14:00:00-07:00"
            },
            "datetimeTo": {
                "utc": "2018-08-28T22:00:00Z",
                "local": "2018-08-28T15:00:00-07:00"
            }
        }
    },
    {
        "value": 14.0,
        "flagInfo": {
            "hasFlags": false
        },
        "parameter": {
            "id": 2,
            "name": "pm25",
            "units": "\u00b5g/m\u00b3",
            "displayName": null
        },
        "period": {
            "label": "raw",
            "interval": "01:00:00",
            "datetimeFrom": {
                "utc": "2018-08-28T22:00:00Z",
                "local": "2018-08-28T15:00:00-07:00"
            },
            "datetimeTo": {
                "utc": "2018-08-28T23:00:00Z",
                "local": "2018-08-28T16:00:00-07:00"
            }
        },
        "coordinates": null,
        "summary": null,
        "coverage": {
            "expectedCount": 1,
            "expectedInterval": "01:00:00",
            "observedCount": 1,
            "observedInterval": "01:00:00",
            "percentComplete": 100.0,
            "percentCoverage": 100.0,
            "datetimeFrom": {
                "utc": "2018-08-28T22:00:00Z",
                "local": "2018-08-28T15:00:00-07:00"
            },
            "datetimeTo": {
                "utc": "2018-08-28T23:00:00Z",
                "local": "2018-08-28T16:00:00-07:00"
            }
        }
    },
    {
        "value": 12.0,
        "flagInfo": {
            "hasFlags": false
        },
        "parameter": {
            "id": 2,
            "name": "pm25",
            "units": "\u00b5g/m\u00b3",
            "displayName": null
        },
        "period": {
            "label": "raw",
            "interval": "01:00:00",
            "datetimeFrom": {
                "utc": "2018-08-28T23:00:00Z",
                "local": "2018-08-28T16:00:00-07:00"
            },
            "datetimeTo": {
                "utc": "2018-08-29T00:00:00Z",
                "local": "2018-08-28T17:00:00-07:00"
            }
        },
        "coordinates": null,
        "summary": null,
        "coverage": {
            "expectedCount": 1,
            "expectedInterval": "01:00:00",
            "observedCount": 1,
            "observedInterval": "01:00:00",
            "percentComplete": 100.0,
            "percentCoverage": 100.0,
            "datetimeFrom": {
                "utc": "2018-08-28T23:00:00Z",
                "local": "2018-08-28T16:00:00-07:00"
            },
            "datetimeTo": {
                "utc": "2018-08-29T00:00:00Z",
                "local": "2018-08-28T17:00:00-07:00"
            }
        }
    },
    {
        "value": 11.0,
        "flagInfo": {
            "hasFlags": false
        },
        "parameter": {
            "id": 2,
            "name": "pm25",
            "units": "\u00b5g/m\u00b3",
            "displayName": null
        },
        "period": {
            "label": "raw",
            "interval": "01:00:00",
            "datetimeFrom": {
                "utc": "2018-08-29T00:00:00Z",
                "local": "2018-08-28T17:00:00-07:00"
            },
            "datetimeTo": {
                "utc": "2018-08-29T01:00:00Z",
                "local": "2018-08-28T18:00:00-07:00"
            }
        },
        "coordinates": null,
        "summary": null,
        "coverage": {
            "expectedCount": 1,
            "expectedInterval": "01:00:00",
            "observedCount": 1,
            "observedInterval": "01:00:00",
            "percentComplete": 100.0,
            "percentCoverage": 100.0,
            "datetimeFrom": {
                "utc": "2018-08-29T00:00:00Z",
                "local": "2018-08-28T17:00:00-07:00"
            },
            "datetimeTo": {
                "utc": "2018-08-29T01:00:00Z",
                "local": "2018-08-28T18:00:00-07:00"
            }
        }
    },
    {
        "value": 12.0,
        "flagInfo": {
            "hasFlags": false
        },
        "parameter": {
            "id": 2,
            "name": "pm25",
            "units": "\u00b5g/m\u00b3",
            "displayName": null
        },
        "period": {
            "label": "raw",
            "interval": "01:00:00",
            "datetimeFrom": {
                "utc": "2018-08-29T01:00:00Z",
                "local": "2018-08-28T18:00:00-07:00"
            },
            "datetimeTo": {
                "utc": "2018-08-29T02:00:00Z",
                "local": "2018-08-28T19:00:00-07:00"
            }
        },
        "coordinates": null,
        "summary": null,
        "coverage": {
            "expectedCount": 1,
            "expectedInterval": "01:00:00",
            "observedCount": 1,
            "observedInterval": "01:00:00",
            "percentComplete": 100.0,
            "percentCoverage": 100.0,
            "datetimeFrom": {
                "utc": "2018-08-29T01:00:00Z",
                "local": "2018-08-28T18:00:00-07:00"
            },
            "datetimeTo": {
                "utc": "2018-08-29T02:00:00Z",
                "local": "2018-08-28T19:00:00-07:00"
            }
        }
    },
    {
        "value": 15.0,
        "flagInfo": {
            "hasFlags": false
        },
        "parameter": {
            "id": 2,
            "name": "pm25",
            "units": "\u00b5g/m\u00b3",
            "displayName": null
        },
        "period": {
            "label": "raw",
            "interval": "01:00:00",
            "datetimeFrom": {
                "utc": "2018-08-29T02:00:00Z",
                "local": "2018-08-28T19:00:00-07:00"
            },
            "datetimeTo": {
                "utc": "2018-08-29T03:00:00Z",
                "local": "2018-08-28T20:00:00-07:00"
            }
        },
        "coordinates": null,
        "summary": null,
        "coverage": {
            "expectedCount": 1,
            "expectedInterval": "01:00:00",
            "observedCount": 1,
            "observedInterval": "01:00:00",
            "percentComplete": 100.0,
            "percentCoverage": 100.0,
            "datetimeFrom": {
                "utc": "2018-08-29T02:00:00Z",
                "local": "2018-08-28T19:00:00-07:00"
            },
            "datetimeTo": {
                "utc": "2018-08-29T03:00:00Z",
                "local": "2018-08-28T20:00:00-07:00"
            }
        }
    },
    {
        "value": 12.0,
        "flagInfo": {
            "hasFlags": false
        },
        "parameter": {
            "id": 2,
            "name": "pm25",
            "units": "\u00b5g/m\u00b3",
            "displayName": null
        },
        "period": {
            "label": "raw",
            "interval": "01:00:00",
            "datetimeFrom": {
                "utc": "2018-08-29T03:00:00Z",
                "local": "2018-08-28T20:00:00-07:00"
            },
            "datetimeTo": {
                "utc": "2018-08-29T04:00:00Z",
                "local": "2018-08-28T21:00:00-07:00"
            }
        },
        "coordinates": null,
        "summary": null,
        "coverage": {
            "expectedCount": 1,
            "expectedInterval": "01:00:00",
            "observedCount": 1,
            "observedInterval": "01:00:00",
            "percentComplete": 100.0,
            "percentCoverage": 100.0,
            "datetimeFrom": {
                "utc": "2018-08-29T03:00:00Z",
                "local": "2018-08-28T20:00:00-07:00"
            },
            "datetimeTo": {
                "utc": "2018-08-29T04:00:00Z",
                "local": "2018-08-28T21:00:00-07:00"
            }
        }
    },
    {
        "value": 15.0,
        "flagInfo": {
            "hasFlags": false
        },
        "parameter": {
            "id": 2,
            "name": "pm25",
            "units": "\u00b5g/m\u00b3",
            "displayName": null
        },
        "period": {
            "label": "raw",
            "interval": "01:00:00",
            "datetimeFrom": {
                "utc": "2018-08-29T04:00:00Z",
                "local": "2018-08-28T21:00:00-07:00"
            },
            "datetimeTo": {
                "utc": "2018-08-29T05:00:00Z",
                "local": "2018-08-28T22:00:00-07:00"
            }
        },
        "coordinates": null,
        "summary": null,
        "coverage": {
            "expectedCount": 1,
            "expectedInterval": "01:00:00",
            "observedCount": 1,
            "observedInterval": "01:00:00",
            "percentComplete": 100.0,
            "percentCoverage": 100.0,
            "datetimeFrom": {
                "utc": "2018-08-29T04:00:00Z",
                "local": "2018-08-28T21:00:00-07:00"
            },
            "datetimeTo": {
                "utc": "2018-08-29T05:00:00Z",
                "local": "2018-08-28T22:00:00-07:00"
            }
        }
    },
    {
        "value": 15.0,
        "flagInfo": {
            "hasFlags": false
        },
        "parameter": {
            "id": 2,
            "name": "pm25",
            "units": "\u00b5g/m\u00b3",
            "displayName": null
        },
        "period": {
            "label": "raw",
            "interval": "01:00:00",
            "datetimeFrom": {
                "utc": "2018-08-29T05:00:00Z",
                "local": "2018-08-28T22:00:00-07:00"
            },
            "datetimeTo": {
                "utc": "2018-08-29T06:00:00Z",
                "local": "2018-08-28T23:00:00-07:00"
            }
        },
        "coordinates": null,
        "summary": null,
        "coverage": {
            "expectedCount": 1,
            "expectedInterval": "01:00:00",
            "observedCount": 1,
            "observedInterval": "01:00:00",
            "percentComplete": 100.0,
            "percentCoverage": 100.0,
            "datetimeFrom": {
                "utc": "2018-08-29T05:00:00Z",
                "local": "2018-08-28T22:00:00-07:00"
            },
            "datetimeTo": {
                "utc": "2018-08-29T06:00:00Z",
                "local": "2018-08-28T23:00:00-07:00"
            }
        }
    },
    {
        "value": 3.0,
        "flagInfo": {
            "hasFlags": false
        },
        "parameter": {
            "id": 2,
            "name": "pm25",
            "units": "\u00b5g/m\u00b3",
            "displayName": null
        },
        "period": {
            "label": "raw",
            "interval": "01:00:00",
            "datetimeFrom": {
                "utc": "2018-09-09T18:00:00Z",
                "local": "2018-09-09T11:00:00-07:00"
            },
            "datetimeTo": {
                "utc": "2018-09-09T19:00:00Z",
                "local": "2018-09-09T12:00:00-07:00"
            }
        },
        "coordinates": null,
        "summary": null,
        "coverage": {
            "expectedCount": 1,
            "expectedInterval": "01:00:00",
            "observedCount": 1,
            "observedInterval": "01:00:00",
            "percentComplete": 100.0,
            "percentCoverage": 100.0,
            "datetimeFrom": {
                "utc": "2018-09-09T18:00:00Z",
                "local": "2018-09-09T11:00:00-07:00"
            },
            "datetimeTo": {
                "utc": "2018-09-09T19:00:00Z",
                "local": "2018-09-09T12:00:00-07:00"
            }
        }
    },
    {
        "value": -3.0,
        "flagInfo": {
            "hasFlags": false
        },
        "parameter": {
            "id": 2,
            "name": "pm25",
            "units": "\u00b5g/m\u00b3",
            "displayName": null
        },
        "period": {
            "label": "raw",
            "interval": "01:00:00",
            "datetimeFrom": {
                "utc": "2018-09-09T19:00:00Z",
                "local": "2018-09-09T12:00:00-07:00"
            },
            "datetimeTo": {
                "utc": "2018-09-09T20:00:00Z",
                "local": "2018-09-09T13:00:00-07:00"
            }
        },
        "coordinates": null,
        "summary": null,
        "coverage": {
            "expectedCount": 1,
            "expectedInterval": "01:00:00",
            "observedCount": 1,
            "observedInterval": "01:00:00",
            "percentComplete": 100.0,
            "percentCoverage": 100.0,
            "datetimeFrom": {
                "utc": "2018-09-09T19:00:00Z",
                "local": "2018-09-09T12:00:00-07:00"
            },
            "datetimeTo": {
                "utc": "2018-09-09T20:00:00Z",
                "local": "2018-09-09T13:00:00-07:00"
            }
        }
    },
    {
        "value": 11.0,
        "flagInfo": {
            "hasFlags": false
        },
        "parameter": {
            "id": 2,
            "name": "pm25",
            "units": "\u00b5g/m\u00b3",
            "displayName": null
        },
        "period": {
            "label": "raw",
            "interval": "01:00:00",
            "datetimeFrom": {
                "utc": "2018-09-09T20:00:00Z",
                "local": "2018-09-09T13:00:00-07:00"
            },
            "datetimeTo": {
                "utc": "2018-09-09T21:00:00Z",
                "local": "2018-09-09T14:00:00-07:00"
            }
        },
        "coordinates": null,
        "summary": null,
        "coverage": {
            "expectedCount": 1,
            "expectedInterval": "01:00:00",
            "observedCount": 1,
            "observedInterval": "01:00:00",
            "percentComplete": 100.0,
            "percentCoverage": 100.0,
            "datetimeFrom": {
                "utc": "2018-09-09T20:00:00Z",
                "local": "2018-09-09T13:00:00-07:00"
            },
            "datetimeTo": {
                "utc": "2018-09-09T21:00:00Z",
                "local": "2018-09-09T14:00:00-07:00"
            }
        }
    },
    {
        "value": 0.0,
        "flagInfo": {
            "hasFlags": false
        },
        "parameter": {
            "id": 2,
            "name": "pm25",
            "units": "\u00b5g/m\u00b3",
            "displayName": null
        },
        "period": {
            "label": "raw",
            "interval": "01:00:00",
            "datetimeFrom": {
                "utc": "2018-09-09T21:00:00Z",
                "local": "2018-09-09T14:00:00-07:00"
            },
            "datetimeTo": {
                "utc": "2018-09-09T22:00:00Z",
                "local": "2018-09-09T15:00:00-07:00"
            }
        },
        "coordinates": null,
        "summary": null,
        "coverage": {
            "expectedCount": 1,
            "expectedInterval": "01:00:00",
            "observedCount": 1,
            "observedInterval": "01:00:00",
            "percentComplete": 100.0,
            "percentCoverage": 100.0,
            "datetimeFrom": {
                "utc": "2018-09-09T21:00:00Z",
                "local": "2018-09-09T14:00:00-07:00"
            },
            "datetimeTo": {
                "utc": "2018-09-09T22:00:00Z",
                "local": "2018-09-09T15:00:00-07:00"
            }
        }
    },
    {
        "value": 14.0,
        "flagInfo": {
            "hasFlags": false
        },
        "parameter": {
            "id": 2,
            "name": "pm25",
            "units": "\u00b5g/m\u00b3",
            "displayName": null
        },
        "period": {
            "label": "raw",
            "interval": "01:00:00",
            "datetimeFrom": {
                "utc": "2018-09-09T22:00:00Z",
                "local": "2018-09-09T15:00:00-07:00"
            },
            "datetimeTo": {
                "utc": "2018-09-09T23:00:00Z",
                "local": "2018-09-09T16:00:00-07:00"
            }
        },
        "coordinates": null,
        "summary": null,
        "coverage": {
            "expectedCount": 1,
            "expectedInterval": "01:00:00",
            "observedCount": 1,
            "observedInterval": "01:00:00",
            "percentComplete": 100.0,
            "percentCoverage": 100.0,
            "datetimeFrom": {
                "utc": "2018-09-09T22:00:00Z",
                "local": "2018-09-09T15:00:00-07:00"
            },
            "datetimeTo": {
                "utc": "2018-09-09T23:00:00Z",
                "local": "2018-09-09T16:00:00-07:00"
            }
        }
    },
    {
        "value": 1.0,
        "flagInfo": {
            "hasFlags": false
        },
        "parameter": {
            "id": 2,
            "name": "pm25",
            "units": "\u00b5g/m\u00b3",
            "displayName": null
        },
        "period": {
            "label": "raw",
            "interval": "01:00:00",
            "datetimeFrom": {
                "utc": "2018-09-09T23:00:00Z",
                "local": "2018-09-09T16:00:00-07:00"
            },
            "datetimeTo": {
                "utc": "2018-09-10T00:00:00Z",
                "local": "2018-09-09T17:00:00-07:00"
            }
        },
        "coordinates": null,
        "summary": null,
        "coverage": {
            "expectedCount": 1,
            "expectedInterval": "01:00:00",
            "observedCount": 1,
            "observedInterval": "01:00:00",
            "percentComplete": 100.0,
            "percentCoverage": 100.0,
            "datetimeFrom": {
                "utc": "2018-09-09T23:00:00Z",
                "local": "2018-09-09T16:00:00-07:00"
            },
            "datetimeTo": {
                "utc": "2018-09-10T00:00:00Z",
                "local": "2018-09-09T17:00:00-07:00"
            }
        }
    },
    {
        "value": -1.0,
        "flagInfo": {
            "hasFlags": false
        },
        "parameter": {
            "id": 2,
            "name": "pm25",
            "units": "\u00b5g/m\u00b3",
            "displayName": null
        },
        "period": {
            "label": "raw",
            "interval": "01:00:00",
            "datetimeFrom": {
                "utc": "2018-09-10T00:00:00Z",
                "local": "2018-09-09T17:00:00-07:00"
            },
            "datetimeTo": {
                "utc": "2018-09-10T01:00:00Z",
                "local": "2018-09-09T18:00:00-07:00"
            }
        },
        "coordinates": null,
        "summary": null,
        "coverage": {
            "expectedCount": 1,
            "expectedInterval": "01:00:00",
            "observedCount": 1,
            "observedInterval": "01:00:00",
            "percentComplete": 100.0,
            "percentCoverage": 100.0,
            "datetimeFrom": {
                "utc": "2018-09-10T00:00:00Z",
                "local": "2018-09-09T17:00:00-07:00"
            },
            "datetimeTo": {
                "utc": "2018-09-10T01:00:00Z",
                "local": "2018-09-09T18:00:00-07:00"
            }
        }
    },
    {
        "value": 6.0,
        "flagInfo": {
            "hasFlags": false
        },
        "parameter": {
            "id": 2,
            "name": "pm25",
            "units": "\u00b5g/m\u00b3",
            "displayName": null
        },
        "period": {
            "label": "raw",
            "interval": "01:00:00",
            "datetimeFrom": {
                "utc": "2018-09-10T01:00:00Z",
                "local": "2018-09-09T18:00:00-07:00"
            },
            "datetimeTo": {
                "utc": "2018-09-10T02:00:00Z",
                "local": "2018-09-09T19:00:00-07:00"
            }
        },
        "coordinates": null,
        "summary": null,
        "coverage": {
            "expectedCount": 1,
            "expectedInterval": "01:00:00",
            "observedCount": 1,
            "observedInterval": "01:00:00",
            "percentComplete": 100.0,
            "percentCoverage": 100.0,
            "datetimeFrom": {
                "utc": "2018-09-10T01:00:00Z",
                "local": "2018-09-09T18:00:00-07:00"
            },
            "datetimeTo": {
                "utc": "2018-09-10T02:00:00Z",
                "local": "2018-09-09T19:00:00-07:00"
            }
        }
    },
    {
        "value": 4.0,
        "flagInfo": {
            "hasFlags": false
        },
        "parameter": {
            "id": 2,
            "name": "pm25",
            "units": "\u00b5g/m\u00b3",
            "displayName": null
        },
        "period": {
            "label": "raw",
            "interval": "01:00:00",
            "datetimeFrom": {
                "utc": "2018-09-10T02:00:00Z",
                "local": "2018-09-09T19:00:00-07:00"
            },
            "datetimeTo": {
                "utc": "2018-09-10T03:00:00Z",
                "local": "2018-09-09T20:00:00-07:00"
            }
        },
        "coordinates": null,
        "summary": null,
        "coverage": {
            "expectedCount": 1,
            "expectedInterval": "01:00:00",
            "observedCount": 1,
            "observedInterval": "01:00:00",
            "percentComplete": 100.0,
            "percentCoverage": 100.0,
            "datetimeFrom": {
                "utc": "2018-09-10T02:00:00Z",
                "local": "2018-09-09T19:00:00-07:00"
            },
            "datetimeTo": {
                "utc": "2018-09-10T03:00:00Z",
                "local": "2018-09-09T20:00:00-07:00"
            }
        }
    },
    {
        "value": 6.0,
        "flagInfo": {
            "hasFlags": false
        },
        "parameter": {
            "id": 2,
            "name": "pm25",
            "units": "\u00b5g/m\u00b3",
            "displayName": null
        },
        "period": {
            "label": "raw",
            "interval": "01:00:00",
            "datetimeFrom": {
                "utc": "2018-09-10T03:00:00Z",
                "local": "2018-09-09T20:00:00-07:00"
            },
            "datetimeTo": {
                "utc": "2018-09-10T04:00:00Z",
                "local": "2018-09-09T21:00:00-07:00"
            }
        },
        "coordinates": null,
        "summary": null,
        "coverage": {
            "expectedCount": 1,
            "expectedInterval": "01:00:00",
            "observedCount": 1,
            "observedInterval": "01:00:00",
            "percentComplete": 100.0,
            "percentCoverage": 100.0,
            "datetimeFrom": {
                "utc": "2018-09-10T03:00:00Z",
                "local": "2018-09-09T20:00:00-07:00"
            },
            "datetimeTo": {
                "utc": "2018-09-10T04:00:00Z",
                "local": "2018-09-09T21:00:00-07:00"
            }
        }
    },
    {
        "value": 5.0,
        "flagInfo": {
            "hasFlags": false
        },
        "parameter": {
            "id": 2,
            "name": "pm25",
            "units": "\u00b5g/m\u00b3",
            "displayName": null
        },
        "period": {
            "label": "raw",
            "interval": "01:00:00",
            "datetimeFrom": {
                "utc": "2018-09-10T04:00:00Z",
                "local": "2018-09-09T21:00:00-07:00"
            },
            "datetimeTo": {
                "utc": "2018-09-10T05:00:00Z",
                "local": "2018-09-09T22:00:00-07:00"
            }
        },
        "coordinates": null,
        "summary": null,
        "coverage": {
            "expectedCount": 1,
            "expectedInterval": "01:00:00",
            "observedCount": 1,
            "observedInterval": "01:00:00",
            "percentComplete": 100.0,
            "percentCoverage": 100.0,
            "datetimeFrom": {
                "utc": "2018-09-10T04:00:00Z",
                "local": "2018-09-09T21:00:00-07:00"
            },
            "datetimeTo": {
                "utc": "2018-09-10T05:00:00Z",
                "local": "2018-09-09T22:00:00-07:00"
            }
        }
    },
    {
        "value": 15.0,
        "flagInfo": {
            "hasFlags": false
        },
        "parameter": {
            "id": 2,
            "name": "pm25",
            "units": "\u00b5g/m\u00b3",
            "displayName": null
        },
        "period": {
            "label": "raw",
            "interval": "01:00:00",
            "datetimeFrom": {
                "utc": "2018-09-10T05:00:00Z",
                "local": "2018-09-09T22:00:00-07:00"
            },
            "datetimeTo": {
                "utc": "2018-09-10T06:00:00Z",
                "local": "2018-09-09T23:00:00-07:00"
            }
        },
        "coordinates": null,
        "summary": null,
        "coverage": {
            "expectedCount": 1,
            "expectedInterval": "01:00:00",
            "observedCount": 1,
            "observedInterval": "01:00:00",
            "percentComplete": 100.0,
            "percentCoverage": 100.0,
            "datetimeFrom": {
                "utc": "2018-09-10T05:00:00Z",
                "local": "2018-09-09T22:00:00-07:00"
            },
            "datetimeTo": {
                "utc": "2018-09-10T06:00:00Z",
                "local": "2018-09-09T23:00:00-07:00"
            }
        }
    },
    {
        "value": 1.0,
        "flagInfo": {
            "hasFlags": false
        },
        "parameter": {
            "id": 2,
            "name": "pm25",
            "units": "\u00b5g/m\u00b3",
            "displayName": null
        },
        "period": {
            "label": "raw",
            "interval": "01:00:00",
            "datetimeFrom": {
                "utc": "2018-10-03T07:00:00Z",
                "local": "2018-10-03T00:00:00-07:00"
            },
            "datetimeTo": {
                "utc": "2018-10-03T08:00:00Z",
                "local": "2018-10-03T01:00:00-07:00"
            }
        },
        "coordinates": null,
        "summary": null,
        "coverage": {
            "expectedCount": 1,
            "expectedInterval": "01:00:00",
            "observedCount": 1,
            "observedInterval": "01:00:00",
            "percentComplete": 100.0,
            "percentCoverage": 100.0,
            "datetimeFrom": {
                "utc": "2018-10-03T07:00:00Z",
                "local": "2018-10-03T00:00:00-07:00"
            },
            "datetimeTo": {
                "utc": "2018-10-03T08:00:00Z",
                "local": "2018-10-03T01:00:00-07:00"
            }
        }
    },
    {
        "value": 7.0,
        "flagInfo": {
            "hasFlags": false
        },
        "parameter": {
            "id": 2,
            "name": "pm25",
            "units": "\u00b5g/m\u00b3",
            "displayName": null
        },
        "period": {
            "label": "raw",
            "interval": "01:00:00",
            "datetimeFrom": {
                "utc": "2018-10-03T08:00:00Z",
                "local": "2018-10-03T01:00:00-07:00"
            },
            "datetimeTo": {
                "utc": "2018-10-03T09:00:00Z",
                "local": "2018-10-03T02:00:00-07:00"
            }
        },
        "coordinates": null,
        "summary": null,
        "coverage": {
            "expectedCount": 1,
            "expectedInterval": "01:00:00",
            "observedCount": 1,
            "observedInterval": "01:00:00",
            "percentComplete": 100.0,
            "percentCoverage": 100.0,
            "datetimeFrom": {
                "utc": "2018-10-03T08:00:00Z",
                "local": "2018-10-03T01:00:00-07:00"
            },
            "datetimeTo": {
                "utc": "2018-10-03T09:00:00Z",
                "local": "2018-10-03T02:00:00-07:00"
            }
        }
    },
    {
        "value": 21.0,
        "flagInfo": {
            "hasFlags": false
        },
        "parameter": {
            "id": 2,
            "name": "pm25",
            "units": "\u00b5g/m\u00b3",
            "displayName": null
        },
        "period": {
            "label": "raw",
            "interval": "01:00:00",
            "datetimeFrom": {
                "utc": "2018-10-03T09:00:00Z",
                "local": "2018-10-03T02:00:00-07:00"
            },
            "datetimeTo": {
                "utc": "2018-10-03T10:00:00Z",
                "local": "2018-10-03T03:00:00-07:00"
            }
        },
        "coordinates": null,
        "summary": null,
        "coverage": {
            "expectedCount": 1,
            "expectedInterval": "01:00:00",
            "observedCount": 1,
            "observedInterval": "01:00:00",
            "percentComplete": 100.0,
            "percentCoverage": 100.0,
            "datetimeFrom": {
                "utc": "2018-10-03T09:00:00Z",
                "local": "2018-10-03T02:00:00-07:00"
            },
            "datetimeTo": {
                "utc": "2018-10-03T10:00:00Z",
                "local": "2018-10-03T03:00:00-07:00"
            }
        }
    },
    {
        "value": 6.0,
        "flagInfo": {
            "hasFlags": false
        },
        "parameter": {
            "id": 2,
            "name": "pm25",
            "units": "\u00b5g/m\u00b3",
            "displayName": null
        },
        "period": {
            "label": "raw",
            "interval": "01:00:00",
            "datetimeFrom": {
                "utc": "2018-10-03T10:00:00Z",
                "local": "2018-10-03T03:00:00-07:00"
            },
            "datetimeTo": {
                "utc": "2018-10-03T11:00:00Z",
                "local": "2018-10-03T04:00:00-07:00"
            }
        },
        "coordinates": null,
        "summary": null,
        "coverage": {
            "expectedCount": 1,
            "expectedInterval": "01:00:00",
            "observedCount": 1,
            "observedInterval": "01:00:00",
            "percentComplete": 100.0,
            "percentCoverage": 100.0,
            "datetimeFrom": {
                "utc": "2018-10-03T10:00:00Z",
                "local": "2018-10-03T03:00:00-07:00"
            },
            "datetimeTo": {
                "utc": "2018-10-03T11:00:00Z",
                "local": "2018-10-03T04:00:00-07:00"
            }
        }
    },
    {
        "value": 8.0,
        "flagInfo": {
            "hasFlags": false
        },
        "parameter": {
            "id": 2,
            "name": "pm25",
            "units": "\u00b5g/m\u00b3",
            "displayName": null
        },
        "period": {
            "label": "raw",
            "interval": "01:00:00",
            "datetimeFrom": {
                "utc": "2018-10-03T11:00:00Z",
                "local": "2018-10-03T04:00:00-07:00"
            },
            "datetimeTo": {
                "utc": "2018-10-03T12:00:00Z",
                "local": "2018-10-03T05:00:00-07:00"
            }
        },
        "coordinates": null,
        "summary": null,
        "coverage": {
            "expectedCount": 1,
            "expectedInterval": "01:00:00",
            "observedCount": 1,
            "observedInterval": "01:00:00",
            "percentComplete": 100.0,
            "percentCoverage": 100.0,
            "datetimeFrom": {
                "utc": "2018-10-03T11:00:00Z",
                "local": "2018-10-03T04:00:00-07:00"
            },
            "datetimeTo": {
                "utc": "2018-10-03T12:00:00Z",
                "local": "2018-10-03T05:00:00-07:00"
            }
        }
    },
    {
        "value": 3.0,
        "flagInfo": {
            "hasFlags": false
        },
        "parameter": {
            "id": 2,
            "name": "pm25",
            "units": "\u00b5g/m\u00b3",
            "displayName": null
        },
        "period": {
            "label": "raw",
            "interval": "01:00:00",
            "datetimeFrom": {
                "utc": "2018-10-03T12:00:00Z",
                "local": "2018-10-03T05:00:00-07:00"
            },
            "datetimeTo": {
                "utc": "2018-10-03T13:00:00Z",
                "local": "2018-10-03T06:00:00-07:00"
            }
        },
        "coordinates": null,
        "summary": null,
        "coverage": {
            "expectedCount": 1,
            "expectedInterval": "01:00:00",
            "observedCount": 1,
            "observedInterval": "01:00:00",
            "percentComplete": 100.0,
            "percentCoverage": 100.0,
            "datetimeFrom": {
                "utc": "2018-10-03T12:00:00Z",
                "local": "2018-10-03T05:00:00-07:00"
            },
            "datetimeTo": {
                "utc": "2018-10-03T13:00:00Z",
                "local": "2018-10-03T06:00:00-07:00"
            }
        }
    },
    {
        "value": 7.0,
        "flagInfo": {
            "hasFlags": false
        },
        "parameter": {
            "id": 2,
            "name": "pm25",
            "units": "\u00b5g/m\u00b3",
            "displayName": null
        },
        "period": {
            "label": "raw",
            "interval": "01:00:00",
            "datetimeFrom": {
                "utc": "2018-10-03T13:00:00Z",
                "local": "2018-10-03T06:00:00-07:00"
            },
            "datetimeTo": {
                "utc": "2018-10-03T14:00:00Z",
                "local": "2018-10-03T07:00:00-07:00"
            }
        },
        "coordinates": null,
        "summary": null,
        "coverage": {
            "expectedCount": 1,
            "expectedInterval": "01:00:00",
            "observedCount": 1,
            "observedInterval": "01:00:00",
            "percentComplete": 100.0,
            "percentCoverage": 100.0,
            "datetimeFrom": {
                "utc": "2018-10-03T13:00:00Z",
                "local": "2018-10-03T06:00:00-07:00"
            },
            "datetimeTo": {
                "utc": "2018-10-03T14:00:00Z",
                "local": "2018-10-03T07:00:00-07:00"
            }
        }
    },
    {
        "value": 2.0,
        "flagInfo": {
            "hasFlags": false
        },
        "parameter": {
            "id": 2,
            "name": "pm25",
            "units": "\u00b5g/m\u00b3",
            "displayName": null
        },
        "period": {
            "label": "raw",
            "interval": "01:00:00",
            "datetimeFrom": {
                "utc": "2018-10-03T14:00:00Z",
                "local": "2018-10-03T07:00:00-07:00"
            },
            "datetimeTo": {
                "utc": "2018-10-03T15:00:00Z",
                "local": "2018-10-03T08:00:00-07:00"
            }
        },
        "coordinates": null,
        "summary": null,
        "coverage": {
            "expectedCount": 1,
            "expectedInterval": "01:00:00",
            "observedCount": 1,
            "observedInterval": "01:00:00",
            "percentComplete": 100.0,
            "percentCoverage": 100.0,
            "datetimeFrom": {
                "utc": "2018-10-03T14:00:00Z",
                "local": "2018-10-03T07:00:00-07:00"
            },
            "datetimeTo": {
                "utc": "2018-10-03T15:00:00Z",
                "local": "2018-10-03T08:00:00-07:00"
            }
        }
    },
    {
        "value": 6.0,
        "flagInfo": {
            "hasFlags": false
        },
        "parameter": {
            "id": 2,
            "name": "pm25",
            "units": "\u00b5g/m\u00b3",
            "displayName": null
        },
        "period": {
            "label": "raw",
            "interval": "01:00:00",
            "datetimeFrom": {
                "utc": "2018-10-03T15:00:00Z",
                "local": "2018-10-03T08:00:00-07:00"
            },
            "datetimeTo": {
                "utc": "2018-10-03T16:00:00Z",
                "local": "2018-10-03T09:00:00-07:00"
            }
        },
        "coordinates": null,
        "summary": null,
        "coverage": {
            "expectedCount": 1,
            "expectedInterval": "01:00:00",
            "observedCount": 1,
            "observedInterval": "01:00:00",
            "percentComplete": 100.0,
            "percentCoverage": 100.0,
            "datetimeFrom": {
                "utc": "2018-10-03T15:00:00Z",
                "local": "2018-10-03T08:00:00-07:00"
            },
            "datetimeTo": {
                "utc": "2018-10-03T16:00:00Z",
                "local": "2018-10-03T09:00:00-07:00"
            }
        }
    },
    {
        "value": 5.0,
        "flagInfo": {
            "hasFlags": false
        },
        "parameter": {
            "id": 2,
            "name": "pm25",
            "units": "\u00b5g/m\u00b3",
            "displayName": null
        },
        "period": {
            "label": "raw",
            "interval": "01:00:00",
            "datetimeFrom": {
                "utc": "2018-10-03T16:00:00Z",
                "local": "2018-10-03T09:00:00-07:00"
            },
            "datetimeTo": {
                "utc": "2018-10-03T17:00:00Z",
                "local": "2018-10-03T10:00:00-07:00"
            }
        },
        "coordinates": null,
        "summary": null,
        "coverage": {
            "expectedCount": 1,
            "expectedInterval": "01:00:00",
            "observedCount": 1,
            "observedInterval": "01:00:00",
            "percentComplete": 100.0,
            "percentCoverage": 100.0,
            "datetimeFrom": {
                "utc": "2018-10-03T16:00:00Z",
                "local": "2018-10-03T09:00:00-07:00"
            },
            "datetimeTo": {
                "utc": "2018-10-03T17:00:00Z",
                "local": "2018-10-03T10:00:00-07:00"
            }
        }
    },
    {
        "value": 7.0,
        "flagInfo": {
            "hasFlags": false
        },
        "parameter": {
            "id": 2,
            "name": "pm25",
            "units": "\u00b5g/m\u00b3",
            "displayName": null
        },
        "period": {
            "label": "raw",
            "interval": "01:00:00",
            "datetimeFrom": {
                "utc": "2018-10-03T18:00:00Z",
                "local": "2018-10-03T11:00:00-07:00"
            },
            "datetimeTo": {
                "utc": "2018-10-03T19:00:00Z",
                "local": "2018-10-03T12:00:00-07:00"
            }
        },
        "coordinates": null,
        "summary": null,
        "coverage": {
            "expectedCount": 1,
            "expectedInterval": "01:00:00",
            "observedCount": 1,
            "observedInterval": "01:00:00",
            "percentComplete": 100.0,
            "percentCoverage": 100.0,
            "datetimeFrom": {
                "utc": "2018-10-03T18:00:00Z",
                "local": "2018-10-03T11:00:00-07:00"
            },
            "datetimeTo": {
                "utc": "2018-10-03T19:00:00Z",
                "local": "2018-10-03T12:00:00-07:00"
            }
        }
    }
]