[
    {
        "value": -3.0,
        "flagInfo": {
            "hasFlags": false
        },
        "parameter": {
            "id": 2,
            "name": "pm25",
            "units": "\u00b5g/m\u00b3",
            "displayName": null
        },
        "period": {
            "label": "raw",
            "interval": "01:00:00",
            "datetimeFrom": {
                "utc": "2018-02-04T18:00:00Z",
                "local": "2018-02-04T10:00:00-08:00"
            },
            "datetimeTo": {
                "utc": "2018-02-04T19:00:00Z",
                "local": "2018-02-04T11:00:00-08:00"
            }
        },
        "coordinates": null,
        "summary": null,
        "coverage": {
            "expectedCount": 1,
            "expectedInterval": "01:00:00",
            "observedCount": 1,
            "observedInterval": "01:00:00",
            "percentComplete": 100.0,
            "percentCoverage": 100.0,
            "datetimeFrom": {
                "utc": "2018-02-04T18:00:00Z",
                "local": "2018-02-04T10:00:00-08:00"
            },
            "datetimeTo": {
                "utc": "2018-02-04T19:00:00Z",
                "local": "2018-02-04T11:00:00-08:00"
            }
        }
    },
    {
        "value": 24.0,
        "flagInfo": {
            "hasFlags": false
        },
        "parameter": {
            "id": 2,
            "name": "pm25",
            "units": "\u00b5g/m\u00b3",
            "displayName": null
        },
        "period": {
            "label": "raw",
            "interval": "01:00:00",
            "datetimeFrom": {
                "utc": "2018-02-04T22:00:00Z",
                "local": "2018-02-04T14:00:00-08:00"
            },
            "datetimeTo": {
                "utc": "2018-02-04T23:00:00Z",
                "local": "2018-02-04T15:00:00-08:00"
            }
        },
        "coordinates": null,
        "summary": null,
        "coverage": {
            "expectedCount": 1,
            "expectedInterval": "01:00:00",
            "observedCount": 1,
            "observedInterval": "01:00:00",
            "percentComplete": 100.0,
            "percentCoverage": 100.0,
            "datetimeFrom": {
                "utc": "2018-02-04T22:00:00Z",
                "local": "2018-02-04T14:00:00-08:00"
            },
            "datetimeTo": {
                "utc": "2018-02-04T23:00:00Z",
                "local": "2018-02-04T15:00:00-08:00"
            }
        }
    },
    {
        "value": 37.0,
        "flagInfo": {
            "hasFlags": false
        },
        "parameter": {
            "id": 2,
            "name": "pm25",
            "units": "\u00b5g/m\u00b3",
            "displayName": null
        },
        "period": {
            "label": "raw",
            "interval": "01:00:00",
            "datetimeFrom": {
                "utc": "2018-02-05T01:00:00Z",
                "local": "2018-02-04T17:00:00-08:00"
            },
            "datetimeTo": {
                "utc": "2018-02-05T02:00:00Z",
                "local": "2018-02-04T18:00:00-08:00"
            }
        },
        "coordinates": null,
        "summary": null,
        "coverage": {
            "expectedCount": 1,
            "expectedInterval": "01:00:00",
            "observedCount": 1,
            "observedInterval": "01:00:00",
            "percentComplete": 100.0,
            "percentCoverage": 100.0,
            "datetimeFrom": {
                "utc": "2018-02-05T01:00:00Z",
                "local": "2018-02-04T17:00:00-08:00"
            },
            "datetimeTo": {
                "utc": "2018-02-05T02:00:00Z",
                "local": "2018-02-04T18:00:00-08:00"
            }
        }
    },
    {
        "value": 48.0,
        "flagInfo": {
            "hasFlags": false
        },
        "parameter": {
            "id": 2,
            "name": "pm25",
            "units": "\u00b5g/m\u00b3",
            "displayName": null
        },
        "period": {
            "label": "raw",
            "interval": "01:00:00",
            "datetimeFrom": {
                "utc": "2018-02-05T02:00:00Z",
                "local": "2018-02-04T18:00:00-08:00"
            },
            "datetimeTo": {
                "utc": "2018-02-05T03:00:00Z",
                "local": "2018-02-04T19:00:00-08:00"
            }
        },
        "coordinates": null,
        "summary": null,
        "coverage": {
            "expectedCount": 1,
            "expectedInterval": "01:00:00",
            "observedCount": 1,
            "observedInterval": "01:00:00",
            "percentComplete": 100.0,
            "percentCoverage": 100.0,
            "datetimeFrom": {
                "utc": "2018-02-05T02:00:00Z",
                "local": "2018-02-04T18:00:00-08:00"
            },
            "datetimeTo": {
                "utc": "2018-02-05T03:00:00Z",
                "local": "2018-02-04T19:00:00-08:00"
            }
        }
    },
    {
        "value": 40.0,
        "flagInfo": {
            "hasFlags": false
        },
        "parameter": {
            "id": 2,
            "name": "pm25",
            "units": "\u00b5g/m\u00b3",
            "displayName": null
        },
        "period": {
            "label": "raw",
            "interval": "01:00:00",
            "datetimeFrom": {
                "utc": "2018-02-05T03:00:00Z",
                "local": "2018-02-04T19:00:00-08:00"
            },
            "datetimeTo": {
                "utc": "2018-02-05T04:00:00Z",
                "local": "2018-02-04T20:00:00-08:00"
            }
        },
        "coordinates": null,
        "summary": null,
        "coverage": {
            "expectedCount": 1,
            "expectedInterval": "01:00:00",
            "observedCount": 1,
            "observedInterval": "01:00:00",
            "percentComplete": 100.0,
            "percentCoverage": 100.0,
            "datetimeFrom": {
                "utc": "2018-02-05T03:00:00Z",
                "local": "2018-02-04T19:00:00-08:00"
            },
            "datetimeTo": {
                "utc": "2018-02-05T04:00:00Z",
                "local": "2018-02-04T20:00:00-08:00"
            }
        }
    },
    {
        "value": 47.0,
        "flagInfo": {
            "hasFlags": false
        },
        "parameter": {
            "id": 2,
            "name": "pm25",
            "units": "\u00b5g/m\u00b3",
            "displayName": null
        },
        "period": {
            "label": "raw",
            "interval": "01:00:00",
            "datetimeFrom": {
                "utc": "2018-02-05T05:00:00Z",
                "local": "2018-02-04T21:00:00-08:00"
            },
            "datetimeTo": {
                "utc": "2018-02-05T06:00:00Z",
                "local": "2018-02-04T22:00:00-08:00"
            }
        },
        "coordinates": null,
        "summary": null,
        "coverage": {
            "expectedCount": 1,
            "expectedInterval": "01:00:00",
            "observedCount": 1,
            "observedInterval": "01:00:00",
            "percentComplete": 100.0,
            "percentCoverage": 100.0,
            "datetimeFrom": {
                "utc": "2018-02-05T05:00:00Z",
                "local": "2018-02-04T21:00:00-08:00"
            },
            "datetimeTo": {
                "utc": "2018-02-05T06:00:00Z",
                "local": "2018-02-04T22:00:00-08:00"
            }
        }
    }
]