[
    {
        "value": 7.0,
        "flagInfo": {
            "hasFlags": false
        },
        "parameter": {
            "id": 2,
            "name": "pm25",
            "units": "\u00b5g/m\u00b3",
            "displayName": null
        },
        "period": {
            "label": "raw",
            "interval": "01:00:00",
            "datetimeFrom": {
                "utc": "2018-08-17T01:00:00Z",
                "local": "2018-08-16T18:00:00-07:00"
            },
            "datetimeTo": {
                "utc": "2018-08-17T02:00:00Z",
                "local": "2018-08-16T19:00:00-07:00"
            }
        },
        "coordinates": null,
        "summary": null,
        "coverage": {
            "expectedCount": 1,
            "expectedInterval": "01:00:00",
            "observedCount": 1,
            "observedInterval": "01:00:00",
            "percentComplete": 100.0,
            "percentCoverage": 100.0,
            "datetimeFrom": {
                "utc": "2018-08-17T01:00:00Z",
                "local": "2018-08-16T18:00:00-07:00"
            },
            "datetimeTo": {
                "utc": "2018-08-17T02:00:00Z",
                "local": "2018-08-16T19:00:00-07:00"
            }
        }
    },
    {
        "value": 17.0,
        "flagInfo": {
            "hasFlags": false
        },
        "parameter": {
            "id": 2,
            "name": "pm25",
            "units": "\u00b5g/m\u00b3",
            "displayName": null
        },
        "period": {
            "label": "raw",
            "interval": "01:00:00",
            "datetimeFrom": {
                "utc": "2018-08-17T02:00:00Z",
                "local": "2018-08-16T19:00:00-07:00"
            },
            "datetimeTo": {
                "utc": "2018-08-17T03:00:00Z",
                "local": "2018-08-16T20:00:00-07:00"
            }
        },
        "coordinates": null,
        "summary": null,
        "coverage": {
            "expectedCount": 1,
            "expectedInterval": "01:00:00",
            "observedCount": 1,
            "observedInterval": "01:00:00",
            "percentComplete": 100.0,
            "percentCoverage": 100.0,
            "datetimeFrom": {
                "utc": "2018-08-17T02:00:00Z",
                "local": "2018-08-16T19:00:00-07:00"
            },
            "datetimeTo": {
                "utc": "2018-08-17T03:00:00Z",
                "local": "2018-08-16T20:00:00-07:00"
            }
        }
    },
    {
        "value": 7.0,
        "flagInfo": {
            "hasFlags": false
        },
        "parameter": {
            "id": 2,
            "name": "pm25",
            "units": "\u00b5g/m\u00b3",
            "displayName": null
        },
        "period": {
            "label": "raw",
            "interval": "01:00:00",
            "datetimeFrom": {
                "utc": "2018-08-17T03:00:00Z",
                "local": "2018-08-16T20:00:00-07:00"
            },
            "datetimeTo": {
                "utc": "2018-08-17T04:00:00Z",
                "local": "2018-08-16T21:00:00-07:00"
            }
        },
        "coordinates": null,
        "summary": null,
        "coverage": {
            "expectedCount": 1,
            "expectedInterval": "01:00:00",
            "observedCount": 1,
            "observedInterval": "01:00:00",
            "percentComplete": 100.0,
            "percentCoverage": 100.0,
            "datetimeFrom": {
                "utc": "2018-08-17T03:00:00Z",
                "local": "2018-08-16T20:00:00-07:00"
            },
            "datetimeTo": {
                "utc": "2018-08-17T04:00:00Z",
                "local": "2018-08-16T21:00:00-07:00"
            }
        }
    },
    {
        "value": 9.0,
        "flagInfo": {
            "hasFlags": false
        },
        "parameter": {
            "id": 2,
            "name": "pm25",
            "units": "\u00b5g/m\u00b3",
            "displayName": null
        },
        "period": {
            "label": "raw",
            "interval": "01:00:00",
            "datetimeFrom": {
                "utc": "2018-08-17T06:00:00Z",
                "local": "2018-08-16T23:00:00-07:00"
            },
            "datetimeTo": {
                "utc": "2018-08-17T07:00:00Z",
                "local": "2018-08-17T00:00:00-07:00"
            }
        },
        "coordinates": null,
        "summary": null,
        "coverage": {
            "expectedCount": 1,
            "expectedInterval": "01:00:00",
            "observedCount": 1,
            "observedInterval": "01:00:00",
            "percentComplete": 100.0,
            "percentCoverage": 100.0,
            "datetimeFrom": {
                "utc": "2018-08-17T06:00:00Z",
                "local": "2018-08-16T23:00:00-07:00"
            },
            "datetimeTo": {
                "utc": "2018-08-17T07:00:00Z",
                "local": "2018-08-17T00:00:00-07:00"
            }
        }
    },
    {
        "value": -3.0,
        "flagInfo": {
            "hasFlags": false
        },
        "parameter": {
            "id": 2,
            "name": "pm25",
            "units": "\u00b5g/m\u00b3",
            "displayName": null
        },
        "period": {
            "label": "raw",
            "interval": "01:00:00",
            "datetimeFrom": {
                "utc": "2018-08-23T18:00:00Z",
                "local": "2018-08-23T11:00:00-07:00"
            },
            "datetimeTo": {
                "utc": "2018-08-23T19:00:00Z",
                "local": "2018-08-23T12:00:00-07:00"
            }
        },
        "coordinates": null,
        "summary": null,
        "coverage": {
            "expectedCount": 1,
            "expectedInterval": "01:00:00",
            "observedCount": 1,
            "observedInterval": "01:00:00",
            "percentComplete": 100.0,
            "percentCoverage": 100.0,
            "datetimeFrom": {
                "utc": "2018-08-23T18:00:00Z",
                "local": "2018-08-23T11:00:00-07:00"
            },
            "datetimeTo": {
                "utc": "2018-08-23T19:00:00Z",
                "local": "2018-08-23T12:00:00-07:00"
            }
        }
    },
    {
        "value": 8.0,
        "flagInfo": {
            "hasFlags": false
        },
        "parameter": {
            "id": 2,
            "name": "pm25",
            "units": "\u00b5g/m\u00b3",
            "displayName": null
        },
        "period": {
            "label": "raw",
            "interval": "01:00:00",
            "datetimeFrom": {
                "utc": "2018-08-23T19:00:00Z",
                "local": "2018-08-23T12:00:00-07:00"
            },
            "datetimeTo": {
                "utc": "2018-08-23T20:00:00Z",
                "local": "2018-08-23T13:00:00-07:00"
            }
        },
        "coordinates": null,
        "summary": null,
        "coverage": {
            "expectedCount": 1,
            "expectedInterval": "01:00:00",
            "observedCount": 1,
            "observedInterval": "01:00:00",
            "percentComplete": 100.0,
            "percentCoverage": 100.0,
            "datetimeFrom": {
                "utc": "2018-08-23T19:00:00Z",
                "local": "2018-08-23T12:00:00-07:00"
            },
            "datetimeTo": {
                "utc": "2018-08-23T20:00:00Z",
                "local": "2018-08-23T13:00:00-07:00"
            }
        }
    },
    {
        "value": 12.0,
        "flagInfo": {
            "hasFlags": false
        },
        "parameter": {
            "id": 2,
            "name": "pm25",
            "units": "\u00b5g/m\u00b3",
            "displayName": null
        },
        "period": {
            "label": "raw",
            "interval": "01:00:00",
            "datetimeFrom": {
                "utc": "2018-08-23T20:00:00Z",
                "local": "2018-08-23T13:00:00-07:00"
            },
            "datetimeTo": {
                "utc": "2018-08-23T21:00:00Z",
                "local": "2018-08-23T14:00:00-07:00"
            }
        },
        "coordinates": null,
        "summary": null,
        "coverage": {
            "expectedCount": 1,
            "expectedInterval": "01:00:00",
            "observedCount": 1,
            "observedInterval": "01:00:00",
            "percentComplete": 100.0,
            "percentCoverage": 100.0,
            "datetimeFrom": {
                "utc": "2018-08-23T20:00:00Z",
                "local": "2018-08-23T13:00:00-07:00"
            },
            "datetimeTo": {
                "utc": "2018-08-23T21:00:00Z",
                "local": "2018-08-23T14:00:00-07:00"
            }
        }
    },
    {
        "value": 8.0,
        "flagInfo": {
            "hasFlags": false
        },
        "parameter": {
            "id": 2,
            "name": "pm25",
            "units": "\u00b5g/m\u00b3",
            "displayName": null
        },
        "period": {
            "label": "raw",
            "interval": "01:00:00",
            "datetimeFrom": {
                "utc": "2018-08-23T21:00:00Z",
                "local": "2018-08-23T14:00:00-07:00"
            },
            "datetimeTo": {
                "utc": "2018-08-23T22:00:00Z",
                "local": "2018-08-23T15:00:00-07:00"
            }
        },
        "coordinates": null,
        "summary": null,
        "coverage": {
            "expectedCount": 1,
            "expectedInterval": "01:00:00",
            "observedCount": 1,
            "observedInterval": "01:00:00",
            "percentComplete": 100.0,
            "percentCoverage": 100.0,
            "datetimeFrom": {
                "utc": "2018-08-23T21:00:00Z",
                "local": "2018-08-23T14:00:00-07:00"
            },
            "datetimeTo": {
                "utc": "2018-08-23T22:00:00Z",
                "local": "2018-08-23T15:00:00-07:00"
            }
        }
    },
    {
        "value": 0.0,
        "flagInfo": {
            "hasFlags": false
        },
        "parameter": {
            "id": 2,
            "name": "pm25",
            "units": "\u00b5g/m\u00b3",
            "displayName": null
        },
        "period": {
            "label": "raw",
            "interval": "01:00:00",
            "datetimeFrom": {
                "utc": "2020-08-21T16:00:00Z",
                "local": "2020-08-21T09:00:00-07:00"
            },
            "datetimeTo": {
                "utc": "2020-08-21T17:00:00Z",
                "local": "2020-08-21T10:00:00-07:00"
            }
        },
        "coordinates": null,
        "summary": null,
        "coverage": {
            "expectedCount": 1,
            "expectedInterval": "01:00:00",
            "observedCount": 1,
            "observedInterval": "01:00:00",
            "percentComplete": 100.0,
            "percentCoverage": 100.0,
            "datetimeFrom": {
                "utc": "2020-08-21T16:00:00Z",
                "local": "2020-08-21T09:00:00-07:00"
            },
            "datetimeTo": {
                "utc": "2020-08-21T17:00:00Z",
                "local": "2020-08-21T10:00:00-07:00"
            }
        }
    }
]