[
    {
        "value": 7.0,
        "flagInfo": {
            "hasFlags": false
        },
        "parameter": {
            "id": 2,
            "name": "pm25",
            "units": "\u00b5g/m\u00b3",
            "displayName": null
        },
        "period": {
            "label": "raw",
            "interval": "01:00:00",
            "datetimeFrom": {
                "utc": "2018-08-26T10:00:00Z",
                "local": "2018-08-26T03:00:00-07:00"
            },
            "datetimeTo": {
                "utc": "2018-08-26T11:00:00Z",
                "local": "2018-08-26T04:00:00-07:00"
            }
        },
        "coordinates": null,
        "summary": null,
        "coverage": {
            "expectedCount": 1,
            "expectedInterval": "01:00:00",
            "observedCount": 1,
            "observedInterval": "01:00:00",
            "percentComplete": 100.0,
            "percentCoverage": 100.0,
            "datetimeFrom": {
                "utc": "2018-08-26T10:00:00Z",
                "local": "2018-08-26T03:00:00-07:00"
            },
            "datetimeTo": {
                "utc": "2018-08-26T11:00:00Z",
                "local": "2018-08-26T04:00:00-07:00"
            }
        }
    },
    {
        "value": 13.0,
        "flagInfo": {
            "hasFlags": false
        },
        "parameter": {
            "id": 2,
            "name": "pm25",
            "units": "\u00b5g/m\u00b3",
            "displayName": null
        },
        "period": {
            "label": "raw",
            "interval": "01:00:00",
            "datetimeFrom": {
                "utc": "2018-08-26T11:00:00Z",
                "local": "2018-08-26T04:00:00-07:00"
            },
            "datetimeTo": {
                "utc": "2018-08-26T12:00:00Z",
                "local": "2018-08-26T05:00:00-07:00"
            }
        },
        "coordinates": null,
        "summary": null,
        "coverage": {
            "expectedCount": 1,
            "expectedInterval": "01:00:00",
            "observedCount": 1,
            "observedInterval": "01:00:00",
            "percentComplete": 100.0,
            "percentCoverage": 100.0,
            "datetimeFrom": {
                "utc": "2018-08-26T11:00:00Z",
                "local": "2018-08-26T04:00:00-07:00"
            },
            "datetimeTo": {
                "utc": "2018-08-26T12:00:00Z",
                "local": "2018-08-26T05:00:00-07:00"
            }
        }
    },
    {
        "value": 10.0,
        "flagInfo": {
            "hasFlags": false
        },
        "parameter": {
            "id": 2,
            "name": "pm25",
            "units": "\u00b5g/m\u00b3",
            "displayName": null
        },
        "period": {
            "label": "raw",
            "interval": "01:00:00",
            "datetimeFrom": {
                "utc": "2018-08-26T12:00:00Z",
                "local": "2018-08-26T05:00:00-07:00"
            },
            "datetimeTo": {
                "utc": "2018-08-26T13:00:00Z",
                "local": "2018-08-26T06:00:00-07:00"
            }
        },
        "coordinates": null,
        "summary": null,
        "coverage": {
            "expectedCount": 1,
            "expectedInterval": "01:00:00",
            "observedCount": 1,
            "observedInterval": "01:00:00",
            "percentComplete": 100.0,
            "percentCoverage": 100.0,
            "datetimeFrom": {
                "utc": "2018-08-26T12:00:00Z",
                "local": "2018-08-26T05:00:00-07:00"
            },
            "datetimeTo": {
                "utc": "2018-08-26T13:00:00Z",
                "local": "2018-08-26T06:00:00-07:00"
            }
        }
    },
    {
        "value": 11.0,
        "flagInfo": {
            "hasFlags": false
        },
        "parameter": {
            "id": 2,
            "name": "pm25",
            "units": "\u00b5g/m\u00b3",
            "displayName": null
        },
        "period": {
            "label": "raw",
            "interval": "01:00:00",
            "datetimeFrom": {
                "utc": "2018-08-26T13:00:00Z",
                "local": "2018-08-26T06:00:00-07:00"
            },
            "datetimeTo": {
                "utc": "2018-08-26T14:00:00Z",
                "local": "2018-08-26T07:00:00-07:00"
            }
        },
        "coordinates": null,
        "summary": null,
        "coverage": {
            "expectedCount": 1,
            "expectedInterval": "01:00:00",
            "observedCount": 1,
            "observedInterval": "01:00:00",
            "percentComplete": 100.0,
            "percentCoverage": 100.0,
            "datetimeFrom": {
                "utc": "2018-08-26T13:00:00Z",
                "local": "2018-08-26T06:00:00-07:00"
            },
            "datetimeTo": {
                "utc": "2018-08-26T14:00:00Z",
                "local": "2018-08-26T07:00:00-07:00"
            }
        }
    },
    {
        "value": 8.0,
        "flagInfo": {
            "hasFlags": false
        },
        "parameter": {
            "id": 2,
            "name": "pm25",
            "units": "\u00b5g/m\u00b3",
            "displayName": null
        },
        "period": {
            "label": "raw",
            "interval": "01:00:00",
            "datetimeFrom": {
                "utc": "2018-08-26T14:00:00Z",
                "local": "2018-08-26T07:00:00-07:00"
            },
            "datetimeTo": {
                "utc": "2018-08-26T15:00:00Z",
                "local": "2018-08-26T08:00:00-07:00"
            }
        },
        "coordinates": null,
        "summary": null,
        "coverage": {
            "expectedCount": 1,
            "expectedInterval": "01:00:00",
            "observedCount": 1,
            "observedInterval": "01:00:00",
            "percentComplete": 100.0,
            "percentCoverage": 100.0,
            "datetimeFrom": {
                "utc": "2018-08-26T14:00:00Z",
                "local": "2018-08-26T07:00:00-07:00"
            },
            "datetimeTo": {
                "utc": "2018-08-26T15:00:00Z",
                "local": "2018-08-26T08:00:00-07:00"
            }
        }
    },
    {
        "value": 0.0,
        "flagInfo": {
            "hasFlags": false
        },
        "parameter": {
            "id": 2,
            "name": "pm25",
            "units": "\u00b5g/m\u00b3",
            "displayName": null
        },
        "period": {
            "label": "raw",
            "interval": "01:00:00",
            "datetimeFrom": {
                "utc": "2018-08-26T15:00:00Z",
                "local": "2018-08-26T08:00:00-07:00"
            },
            "datetimeTo": {
                "utc": "2018-08-26T16:00:00Z",
                "local": "2018-08-26T09:00:00-07:00"
            }
        },
        "coordinates": null,
        "summary": null,
        "coverage": {
            "expectedCount": 1,
            "expectedInterval": "01:00:00",
            "observedCount": 1,
            "observedInterval": "01:00:00",
            "percentComplete": 100.0,
            "percentCoverage": 100.0,
            "datetimeFrom": {
                "utc": "2018-08-26T15:00:00Z",
                "local": "2018-08-26T08:00:00-07:00"
            },
            "datetimeTo": {
                "utc": "2018-08-26T16:00:00Z",
                "local": "2018-08-26T09:00:00-07:00"
            }
        }
    },
    {
        "value": 13.0,
        "flagInfo": {
            "hasFlags": false
        },
        "parameter": {
            "id": 2,
            "name": "pm25",
            "units": "\u00b5g/m\u00b3",
            "displayName": null
        },
        "period": {
            "label": "raw",
            "interval": "01:00:00",
            "datetimeFrom": {
                "utc": "2018-08-26T17:00:00Z",
                "local": "2018-08-26T10:00:00-07:00"
            },
            "datetimeTo": {
                "utc": "2018-08-26T18:00:00Z",
                "local": "2018-08-26T11:00:00-07:00"
            }
        },
        "coordinates": null,
        "summary": null,
        "coverage": {
            "expectedCount": 1,
            "expectedInterval": "01:00:00",
            "observedCount": 1,
            "observedInterval": "01:00:00",
            "percentComplete": 100.0,
            "percentCoverage": 100.0,
            "datetimeFrom": {
                "utc": "2018-08-26T17:00:00Z",
                "local": "2018-08-26T10:00:00-07:00"
            },
            "datetimeTo": {
                "utc": "2018-08-26T18:00:00Z",
                "local": "2018-08-26T11:00:00-07:00"
            }
        }
    }
]