[
    {
        "value": 15.0,
        "flagInfo": {
            "hasFlags": false
        },
        "parameter": {
            "id": 2,
            "name": "pm25",
            "units": "\u00b5g/m\u00b3",
            "displayName": null
        },
        "period": {
            "label": "raw",
            "interval": "01:00:00",
            "datetimeFrom": {
                "utc": "2017-09-29T19:00:00Z",
                "local": "2017-09-29T12:00:00-07:00"
            },
            "datetimeTo": {
                "utc": "2017-09-29T20:00:00Z",
                "local": "2017-09-29T13:00:00-07:00"
            }
        },
        "coordinates": null,
        "summary": null,
        "coverage": {
            "expectedCount": 1,
            "expectedInterval": "01:00:00",
            "observedCount": 1,
            "observedInterval": "01:00:00",
            "percentComplete": 100.0,
            "percentCoverage": 100.0,
            "datetimeFrom": {
                "utc": "2017-09-29T19:00:00Z",
                "local": "2017-09-29T12:00:00-07:00"
            },
            "datetimeTo": {
                "utc": "2017-09-29T20:00:00Z",
                "local": "2017-09-29T13:00:00-07:00"
            }
        }
    },
    {
        "value": 13.0,
        "flagInfo": {
            "hasFlags": false
        },
        "parameter": {
            "id": 2,
            "name": "pm25",
            "units": "\u00b5g/m\u00b3",
            "displayName": null
        },
        "period": {
            "label": "raw",
            "interval": "01:00:00",
            "datetimeFrom": {
                "utc": "2017-09-29T23:00:00Z",
                "local": "2017-09-29T16:00:00-07:00"
            },
            "datetimeTo": {
                "utc": "2017-09-30T00:00:00Z",
                "local": "2017-09-29T17:00:00-07:00"
            }
        },
        "coordinates": null,
        "summary": null,
        "coverage": {
            "expectedCount": 1,
            "expectedInterval": "01:00:00",
            "observedCount": 1,
            "observedInterval": "01:00:00",
            "percentComplete": 100.0,
            "percentCoverage": 100.0,
            "datetimeFrom": {
                "utc": "2017-09-29T23:00:00Z",
                "local": "2017-09-29T16:00:00-07:00"
            },
            "datetimeTo": {
                "utc": "2017-09-30T00:00:00Z",
                "local": "2017-09-29T17:00:00-07:00"
            }
        }
    },
    {
        "value": 8.0,
        "flagInfo": {
            "hasFlags": false
        },
        "parameter": {
            "id": 2,
            "name": "pm25",
            "units": "\u00b5g/m\u00b3",
            "displayName": null
        },
        "period": {
            "label": "raw",
            "interval": "01:00:00",
            "datetimeFrom": {
                "utc": "2017-09-30T00:00:00Z",
                "local": "2017-09-29T17:00:00-07:00"
            },
            "datetimeTo": {
                "utc": "2017-09-30T01:00:00Z",
                "local": "2017-09-29T18:00:00-07:00"
            }
        },
        "coordinates": null,
        "summary": null,
        "coverage": {
            "expectedCount": 1,
            "expectedInterval": "01:00:00",
            "observedCount": 1,
            "observedInterval": "01:00:00",
            "percentComplete": 100.0,
            "percentCoverage": 100.0,
            "datetimeFrom": {
                "utc": "2017-09-30T00:00:00Z",
                "local": "2017-09-29T17:00:00-07:00"
            },
            "datetimeTo": {
                "utc": "2017-09-30T01:00:00Z",
                "local": "2017-09-29T18:00:00-07:00"
            }
        }
    },
    {
        "value": 2.0,
        "flagInfo": {
            "hasFlags": false
        },
        "parameter": {
            "id": 2,
            "name": "pm25",
            "units": "\u00b5g/m\u00b3",
            "displayName": null
        },
        "period": {
            "label": "raw",
            "interval": "01:00:00",
            "datetimeFrom": {
                "utc": "2017-09-30T01:00:00Z",
                "local": "2017-09-29T18:00:00-07:00"
            },
            "datetimeTo": {
                "utc": "2017-09-30T02:00:00Z",
                "local": "2017-09-29T19:00:00-07:00"
            }
        },
        "coordinates": null,
        "summary": null,
        "coverage": {
            "expectedCount": 1,
            "expectedInterval": "01:00:00",
            "observedCount": 1,
            "observedInterval": "01:00:00",
            "percentComplete": 100.0,
            "percentCoverage": 100.0,
            "datetimeFrom": {
                "utc": "2017-09-30T01:00:00Z",
                "local": "2017-09-29T18:00:00-07:00"
            },
            "datetimeTo": {
                "utc": "2017-09-30T02:00:00Z",
                "local": "2017-09-29T19:00:00-07:00"
            }
        }
    },
    {
        "value": 4.0,
        "flagInfo": {
            "hasFlags": false
        },
        "parameter": {
            "id": 2,
            "name": "pm25",
            "units": "\u00b5g/m\u00b3",
            "displayName": null
        },
        "period": {
            "label": "raw",
            "interval": "01:00:00",
            "datetimeFrom": {
                "utc": "2017-09-30T04:00:00Z",
                "local": "2017-09-29T21:00:00-07:00"
            },
            "datetimeTo": {
                "utc": "2017-09-30T05:00:00Z",
                "local": "2017-09-29T22:00:00-07:00"
            }
        },
        "coordinates": null,
        "summary": null,
        "coverage": {
            "expectedCount": 1,
            "expectedInterval": "01:00:00",
            "observedCount": 1,
            "observedInterval": "01:00:00",
            "percentComplete": 100.0,
            "percentCoverage": 100.0,
            "datetimeFrom": {
                "utc": "2017-09-30T04:00:00Z",
                "local": "2017-09-29T21:00:00-07:00"
            },
            "datetimeTo": {
                "utc": "2017-09-30T05:00:00Z",
                "local": "2017-09-29T22:00:00-07:00"
            }
        }
    },
    {
        "value": 4.0,
        "flagInfo": {
            "hasFlags": false
        },
        "parameter": {
            "id": 2,
            "name": "pm25",
            "units": "\u00b5g/m\u00b3",
            "displayName": null
        },
        "period": {
            "label": "raw",
            "interval": "01:00:00",
            "datetimeFrom": {
                "utc": "2017-09-30T05:00:00Z",
                "local": "2017-09-29T22:00:00-07:00"
            },
            "datetimeTo": {
                "utc": "2017-09-30T06:00:00Z",
                "local": "2017-09-29T23:00:00-07:00"
            }
        },
        "coordinates": null,
        "summary": null,
        "coverage": {
            "expectedCount": 1,
            "expectedInterval": "01:00:00",
            "observedCount": 1,
            "observedInterval": "01:00:00",
            "percentComplete": 100.0,
            "percentCoverage": 100.0,
            "datetimeFrom": {
                "utc": "2017-09-30T05:00:00Z",
                "local": "2017-09-29T22:00:00-07:00"
            },
            "datetimeTo": {
                "utc": "2017-09-30T06:00:00Z",
                "local": "2017-09-29T23:00:00-07:00"
            }
        }
    },
    {
        "value": 7.0,
        "flagInfo": {
            "hasFlags": false
        },
        "parameter": {
            "id": 2,
            "name": "pm25",
            "units": "\u00b5g/m\u00b3",
            "displayName": null
        },
        "period": {
            "label": "raw",
            "interval": "01:00:00",
            "datetimeFrom": {
                "utc": "2017-09-30T14:00:00Z",
                "local": "2017-09-30T07:00:00-07:00"
            },
            "datetimeTo": {
                "utc": "2017-09-30T15:00:00Z",
                "local": "2017-09-30T08:00:00-07:00"
            }
        },
        "coordinates": null,
        "summary": null,
        "coverage": {
            "expectedCount": 1,
            "expectedInterval": "01:00:00",
            "observedCount": 1,
            "observedInterval": "01:00:00",
            "percentComplete": 100.0,
            "percentCoverage": 100.0,
            "datetimeFrom": {
                "utc": "2017-09-30T14:00:00Z",
                "local": "2017-09-30T07:00:00-07:00"
            },
            "datetimeTo": {
                "utc": "2017-09-30T15:00:00Z",
                "local": "2017-09-30T08:00:00-07:00"
            }
        }
    },
    {
        "value": 7.0,
        "flagInfo": {
            "hasFlags": false
        },
        "parameter": {
            "id": 2,
            "name": "pm25",
            "units": "\u00b5g/m\u00b3",
            "displayName": null
        },
        "period": {
            "label": "raw",
            "interval": "01:00:00",
            "datetimeFrom": {
                "utc": "2017-09-30T15:00:00Z",
                "local": "2017-09-30T08:00:00-07:00"
            },
            "datetimeTo": {
                "utc": "2017-09-30T16:00:00Z",
                "local": "2017-09-30T09:00:00-07:00"
            }
        },
        "coordinates": null,
        "summary": null,
        "coverage": {
            "expectedCount": 1,
            "expectedInterval": "01:00:00",
            "observedCount": 1,
            "observedInterval": "01:00:00",
            "percentComplete": 100.0,
            "percentCoverage": 100.0,
            "datetimeFrom": {
                "utc": "2017-09-30T15:00:00Z",
                "local": "2017-09-30T08:00:00-07:00"
            },
            "datetimeTo": {
                "utc": "2017-09-30T16:00:00Z",
                "local": "2017-09-30T09:00:00-07:00"
            }
        }
    },
    {
        "value": 12.0,
        "flagInfo": {
            "hasFlags": false
        },
        "parameter": {
            "id": 2,
            "name": "pm25",
            "units": "\u00b5g/m\u00b3",
            "displayName": null
        },
        "period": {
            "label": "raw",
            "interval": "01:00:00",
            "datetimeFrom": {
                "utc": "2017-09-30T17:00:00Z",
                "local": "2017-09-30T10:00:00-07:00"
            },
            "datetimeTo": {
                "utc": "2017-09-30T18:00:00Z",
                "local": "2017-09-30T11:00:00-07:00"
            }
        },
        "coordinates": null,
        "summary": null,
        "coverage": {
            "expectedCount": 1,
            "expectedInterval": "01:00:00",
            "observedCount": 1,
            "observedInterval": "01:00:00",
            "percentComplete": 100.0,
            "percentCoverage": 100.0,
            "datetimeFrom": {
                "utc": "2017-09-30T17:00:00Z",
                "local": "2017-09-30T10:00:00-07:00"
            },
            "datetimeTo": {
                "utc": "2017-09-30T18:00:00Z",
                "local": "2017-09-30T11:00:00-07:00"
            }
        }
    },
    {
        "value": 8.0,
        "flagInfo": {
            "hasFlags": false
        },
        "parameter": {
            "id": 2,
            "name": "pm25",
            "units": "\u00b5g/m\u00b3",
            "displayName": null
        },
        "period": {
            "label": "raw",
            "interval": "01:00:00",
            "datetimeFrom": {
                "utc": "2017-09-30T18:00:00Z",
                "local": "2017-09-30T11:00:00-07:00"
            },
            "datetimeTo": {
                "utc": "2017-09-30T19:00:00Z",
                "local": "2017-09-30T12:00:00-07:00"
            }
        },
        "coordinates": null,
        "summary": null,
        "coverage": {
            "expectedCount": 1,
            "expectedInterval": "01:00:00",
            "observedCount": 1,
            "observedInterval": "01:00:00",
            "percentComplete": 100.0,
            "percentCoverage": 100.0,
            "datetimeFrom": {
                "utc": "2017-09-30T18:00:00Z",
                "local": "2017-09-30T11:00:00-07:00"
            },
            "datetimeTo": {
                "utc": "2017-09-30T19:00:00Z",
                "local": "2017-09-30T12:00:00-07:00"
            }
        }
    },
    {
        "value": 5.0,
        "flagInfo": {
            "hasFlags": false
        },
        "parameter": {
            "id": 2,
            "name": "pm25",
            "units": "\u00b5g/m\u00b3",
            "displayName": null
        },
        "period": {
            "label": "raw",
            "interval": "01:00:00",
            "datetimeFrom": {
                "utc": "2017-09-30T22:00:00Z",
                "local": "2017-09-30T15:00:00-07:00"
            },
            "datetimeTo": {
                "utc": "2017-09-30T23:00:00Z",
                "local": "2017-09-30T16:00:00-07:00"
            }
        },
        "coordinates": null,
        "summary": null,
        "coverage": {
            "expectedCount": 1,
            "expectedInterval": "01:00:00",
            "observedCount": 1,
            "observedInterval": "01:00:00",
            "percentComplete": 100.0,
            "percentCoverage": 100.0,
            "datetimeFrom": {
                "utc": "2017-09-30T22:00:00Z",
                "local": "2017-09-30T15:00:00-07:00"
            },
            "datetimeTo": {
                "utc": "2017-09-30T23:00:00Z",
                "local": "2017-09-30T16:00:00-07:00"
            }
        }
    },
    {
        "value": 10.0,
        "flagInfo": {
            "hasFlags": false
        },
        "parameter": {
            "id": 2,
            "name": "pm25",
            "units": "\u00b5g/m\u00b3",
            "displayName": null
        },
        "period": {
            "label": "raw",
            "interval": "01:00:00",
            "datetimeFrom": {
                "utc": "2017-09-30T23:00:00Z",
                "local": "2017-09-30T16:00:00-07:00"
            },
            "datetimeTo": {
                "utc": "2017-10-01T00:00:00Z",
                "local": "2017-09-30T17:00:00-07:00"
            }
        },
        "coordinates": null,
        "summary": null,
        "coverage": {
            "expectedCount": 1,
            "expectedInterval": "01:00:00",
            "observedCount": 1,
            "observedInterval": "01:00:00",
            "percentComplete": 100.0,
            "percentCoverage": 100.0,
            "datetimeFrom": {
                "utc": "2017-09-30T23:00:00Z",
                "local": "2017-09-30T16:00:00-07:00"
            },
            "datetimeTo": {
                "utc": "2017-10-01T00:00:00Z",
                "local": "2017-09-30T17:00:00-07:00"
            }
        }
    },
    {
        "value": 13.0,
        "flagInfo": {
            "hasFlags": false
        },
        "parameter": {
            "id": 2,
            "name": "pm25",
            "units": "\u00b5g/m\u00b3",
            "displayName": null
        },
        "period": {
            "label": "raw",
            "interval": "01:00:00",
            "datetimeFrom": {
                "utc": "2017-10-01T02:00:00Z",
                "local": "2017-09-30T19:00:00-07:00"
            },
            "datetimeTo": {
                "utc": "2017-10-01T03:00:00Z",
                "local": "2017-09-30T20:00:00-07:00"
            }
        },
        "coordinates": null,
        "summary": null,
        "coverage": {
            "expectedCount": 1,
            "expectedInterval": "01:00:00",
            "observedCount": 1,
            "observedInterval": "01:00:00",
            "percentComplete": 100.0,
            "percentCoverage": 100.0,
            "datetimeFrom": {
                "utc": "2017-10-01T02:00:00Z",
                "local": "2017-09-30T19:00:00-07:00"
            },
            "datetimeTo": {
                "utc": "2017-10-01T03:00:00Z",
                "local": "2017-09-30T20:00:00-07:00"
            }
        }
    },
    {
        "value": 9.0,
        "flagInfo": {
            "hasFlags": false
        },
        "parameter": {
            "id": 2,
            "name": "pm25",
            "units": "\u00b5g/m\u00b3",
            "displayName": null
        },
        "period": {
            "label": "raw",
            "interval": "01:00:00",
            "datetimeFrom": {
                "utc": "2017-10-01T04:00:00Z",
                "local": "2017-09-30T21:00:00-07:00"
            },
            "datetimeTo": {
                "utc": "2017-10-01T05:00:00Z",
                "local": "2017-09-30T22:00:00-07:00"
            }
        },
        "coordinates": null,
        "summary": null,
        "coverage": {
            "expectedCount": 1,
            "expectedInterval": "01:00:00",
            "observedCount": 1,
            "observedInterval": "01:00:00",
            "percentComplete": 100.0,
            "percentCoverage": 100.0,
            "datetimeFrom": {
                "utc": "2017-10-01T04:00:00Z",
                "local": "2017-09-30T21:00:00-07:00"
            },
            "datetimeTo": {
                "utc": "2017-10-01T05:00:00Z",
                "local": "2017-09-30T22:00:00-07:00"
            }
        }
    },
    {
        "value": 12.0,
        "flagInfo": {
            "hasFlags": false
        },
        "parameter": {
            "id": 2,
            "name": "pm25",
            "units": "\u00b5g/m\u00b3",
            "displayName": null
        },
        "period": {
            "label": "raw",
            "interval": "01:00:00",
            "datetimeFrom": {
                "utc": "2017-10-01T05:00:00Z",
                "local": "2017-09-30T22:00:00-07:00"
            },
            "datetimeTo": {
                "utc": "2017-10-01T06:00:00Z",
                "local": "2017-09-30T23:00:00-07:00"
            }
        },
        "coordinates": null,
        "summary": null,
        "coverage": {
            "expectedCount": 1,
            "expectedInterval": "01:00:00",
            "observedCount": 1,
            "observedInterval": "01:00:00",
            "percentComplete": 100.0,
            "percentCoverage": 100.0,
            "datetimeFrom": {
                "utc": "2017-10-01T05:00:00Z",
                "local": "2017-09-30T22:00:00-07:00"
            },
            "datetimeTo": {
                "utc": "2017-10-01T06:00:00Z",
                "local": "2017-09-30T23:00:00-07:00"
            }
        }
    },
    {
        "value": 15.0,
        "flagInfo": {
            "hasFlags": false
        },
        "parameter": {
            "id": 2,
            "name": "pm25",
            "units": "\u00b5g/m\u00b3",
            "displayName": null
        },
        "period": {
            "label": "raw",
            "interval": "01:00:00",
            "datetimeFrom": {
                "utc": "2017-10-01T06:00:00Z",
                "local": "2017-09-30T23:00:00-07:00"
            },
            "datetimeTo": {
                "utc": "2017-10-01T07:00:00Z",
                "local": "2017-10-01T00:00:00-07:00"
            }
        },
        "coordinates": null,
        "summary": null,
        "coverage": {
            "expectedCount": 1,
            "expectedInterval": "01:00:00",
            "observedCount": 1,
            "observedInterval": "01:00:00",
            "percentComplete": 100.0,
            "percentCoverage": 100.0,
            "datetimeFrom": {
                "utc": "2017-10-01T06:00:00Z",
                "local": "2017-09-30T23:00:00-07:00"
            },
            "datetimeTo": {
                "utc": "2017-10-01T07:00:00Z",
                "local": "2017-10-01T00:00:00-07:00"
            }
        }
    },
    {
        "value": 10.0,
        "flagInfo": {
            "hasFlags": false
        },
        "parameter": {
            "id": 2,
            "name": "pm25",
            "units": "\u00b5g/m\u00b3",
            "displayName": null
        },
        "period": {
            "label": "raw",
            "interval": "01:00:00",
            "datetimeFrom": {
                "utc": "2017-10-01T08:00:00Z",
                "local": "2017-10-01T01:00:00-07:00"
            },
            "datetimeTo": {
                "utc": "2017-10-01T09:00:00Z",
                "local": "2017-10-01T02:00:00-07:00"
            }
        },
        "coordinates": null,
        "summary": null,
        "coverage": {
            "expectedCount": 1,
            "expectedInterval": "01:00:00",
            "observedCount": 1,
            "observedInterval": "01:00:00",
            "percentComplete": 100.0,
            "percentCoverage": 100.0,
            "datetimeFrom": {
                "utc": "2017-10-01T08:00:00Z",
                "local": "2017-10-01T01:00:00-07:00"
            },
            "datetimeTo": {
                "utc": "2017-10-01T09:00:00Z",
                "local": "2017-10-01T02:00:00-07:00"
            }
        }
    },
    {
        "value": 4.0,
        "flagInfo": {
            "hasFlags": false
        },
        "parameter": {
            "id": 2,
            "name": "pm25",
            "units": "\u00b5g/m\u00b3",
            "displayName": null
        },
        "period": {
            "label": "raw",
            "interval": "01:00:00",
            "datetimeFrom": {
                "utc": "2017-10-01T09:00:00Z",
                "local": "2017-10-01T02:00:00-07:00"
            },
            "datetimeTo": {
                "utc": "2017-10-01T10:00:00Z",
                "local": "2017-10-01T03:00:00-07:00"
            }
        },
        "coordinates": null,
        "summary": null,
        "coverage": {
            "expectedCount": 1,
            "expectedInterval": "01:00:00",
            "observedCount": 1,
            "observedInterval": "01:00:00",
            "percentComplete": 100.0,
            "percentCoverage": 100.0,
            "datetimeFrom": {
                "utc": "2017-10-01T09:00:00Z",
                "local": "2017-10-01T02:00:00-07:00"
            },
            "datetimeTo": {
                "utc": "2017-10-01T10:00:00Z",
                "local": "2017-10-01T03:00:00-07:00"
            }
        }
    },
    {
        "value": 8.0,
        "flagInfo": {
            "hasFlags": false
        },
        "parameter": {
            "id": 2,
            "name": "pm25",
            "units": "\u00b5g/m\u00b3",
            "displayName": null
        },
        "period": {
            "label": "raw",
            "interval": "01:00:00",
            "datetimeFrom": {
                "utc": "2017-10-01T12:00:00Z",
                "local": "2017-10-01T05:00:00-07:00"
            },
            "datetimeTo": {
                "utc": "2017-10-01T13:00:00Z",
                "local": "2017-10-01T06:00:00-07:00"
            }
        },
        "coordinates": null,
        "summary": null,
        "coverage": {
            "expectedCount": 1,
            "expectedInterval": "01:00:00",
            "observedCount": 1,
            "observedInterval": "01:00:00",
            "percentComplete": 100.0,
            "percentCoverage": 100.0,
            "datetimeFrom": {
                "utc": "2017-10-01T12:00:00Z",
                "local": "2017-10-01T05:00:00-07:00"
            },
            "datetimeTo": {
                "utc": "2017-10-01T13:00:00Z",
                "local": "2017-10-01T06:00:00-07:00"
            }
        }
    },
    {
        "value": 6.0,
        "flagInfo": {
            "hasFlags": false
        },
        "parameter": {
            "id": 2,
            "name": "pm25",
            "units": "\u00b5g/m\u00b3",
            "displayName": null
        },
        "period": {
            "label": "raw",
            "interval": "01:00:00",
            "datetimeFrom": {
                "utc": "2017-10-01T13:00:00Z",
                "local": "2017-10-01T06:00:00-07:00"
            },
            "datetimeTo": {
                "utc": "2017-10-01T14:00:00Z",
                "local": "2017-10-01T07:00:00-07:00"
            }
        },
        "coordinates": null,
        "summary": null,
        "coverage": {
            "expectedCount": 1,
            "expectedInterval": "01:00:00",
            "observedCount": 1,
            "observedInterval": "01:00:00",
            "percentComplete": 100.0,
            "percentCoverage": 100.0,
            "datetimeFrom": {
                "utc": "2017-10-01T13:00:00Z",
                "local": "2017-10-01T06:00:00-07:00"
            },
            "datetimeTo": {
                "utc": "2017-10-01T14:00:00Z",
                "local": "2017-10-01T07:00:00-07:00"
            }
        }
    },
    {
        "value": 11.0,
        "flagInfo": {
            "hasFlags": false
        },
        "parameter": {
            "id": 2,
            "name": "pm25",
            "units": "\u00b5g/m\u00b3",
            "displayName": null
        },
        "period": {
            "label": "raw",
            "interval": "01:00:00",
            "datetimeFrom": {
                "utc": "2017-10-01T14:00:00Z",
                "local": "2017-10-01T07:00:00-07:00"
            },
            "datetimeTo": {
                "utc": "2017-10-01T15:00:00Z",
                "local": "2017-10-01T08:00:00-07:00"
            }
        },
        "coordinates": null,
        "summary": null,
        "coverage": {
            "expectedCount": 1,
            "expectedInterval": "01:00:00",
            "observedCount": 1,
            "observedInterval": "01:00:00",
            "percentComplete": 100.0,
            "percentCoverage": 100.0,
            "datetimeFrom": {
                "utc": "2017-10-01T14:00:00Z",
                "local": "2017-10-01T07:00:00-07:00"
            },
            "datetimeTo": {
                "utc": "2017-10-01T15:00:00Z",
                "local": "2017-10-01T08:00:00-07:00"
            }
        }
    },
    {
        "value": 7.0,
        "flagInfo": {
            "hasFlags": false
        },
        "parameter": {
            "id": 2,
            "name": "pm25",
            "units": "\u00b5g/m\u00b3",
            "displayName": null
        },
        "period": {
            "label": "raw",
            "interval": "01:00:00",
            "datetimeFrom": {
                "utc": "2017-10-01T16:00:00Z",
                "local": "2017-10-01T09:00:00-07:00"
            },
            "datetimeTo": {
                "utc": "2017-10-01T17:00:00Z",
                "local": "2017-10-01T10:00:00-07:00"
            }
        },
        "coordinates": null,
        "summary": null,
        "coverage": {
            "expectedCount": 1,
            "expectedInterval": "01:00:00",
            "observedCount": 1,
            "observedInterval": "01:00:00",
            "percentComplete": 100.0,
            "percentCoverage": 100.0,
            "datetimeFrom": {
                "utc": "2017-10-01T16:00:00Z",
                "local": "2017-10-01T09:00:00-07:00"
            },
            "datetimeTo": {
                "utc": "2017-10-01T17:00:00Z",
                "local": "2017-10-01T10:00:00-07:00"
            }
        }
    },
    {
        "value": 7.0,
        "flagInfo": {
            "hasFlags": false
        },
        "parameter": {
            "id": 2,
            "name": "pm25",
            "units": "\u00b5g/m\u00b3",
            "displayName": null
        },
        "period": {
            "label": "raw",
            "interval": "01:00:00",
            "datetimeFrom": {
                "utc": "2017-10-01T17:00:00Z",
                "local": "2017-10-01T10:00:00-07:00"
            },
            "datetimeTo": {
                "utc": "2017-10-01T18:00:00Z",
                "local": "2017-10-01T11:00:00-07:00"
            }
        },
        "coordinates": null,
        "summary": null,
        "coverage": {
            "expectedCount": 1,
            "expectedInterval": "01:00:00",
            "observedCount": 1,
            "observedInterval": "01:00:00",
            "percentComplete": 100.0,
            "percentCoverage": 100.0,
            "datetimeFrom": {
                "utc": "2017-10-01T17:00:00Z",
                "local": "2017-10-01T10:00:00-07:00"
            },
            "datetimeTo": {
                "utc": "2017-10-01T18:00:00Z",
                "local": "2017-10-01T11:00:00-07:00"
            }
        }
    },
    {
        "value": 7.0,
        "flagInfo": {
            "hasFlags": false
        },
        "parameter": {
            "id": 2,
            "name": "pm25",
            "units": "\u00b5g/m\u00b3",
            "displayName": null
        },
        "period": {
            "label": "raw",
            "interval": "01:00:00",
            "datetimeFrom": {
                "utc": "2017-10-01T18:00:00Z",
                "local": "2017-10-01T11:00:00-07:00"
            },
            "datetimeTo": {
                "utc": "2017-10-01T19:00:00Z",
                "local": "2017-10-01T12:00:00-07:00"
            }
        },
        "coordinates": null,
        "summary": null,
        "coverage": {
            "expectedCount": 1,
            "expectedInterval": "01:00:00",
            "observedCount": 1,
            "observedInterval": "01:00:00",
            "percentComplete": 100.0,
            "percentCoverage": 100.0,
            "datetimeFrom": {
                "utc": "2017-10-01T18:00:00Z",
                "local": "2017-10-01T11:00:00-07:00"
            },
            "datetimeTo": {
                "utc": "2017-10-01T19:00:00Z",
                "local": "2017-10-01T12:00:00-07:00"
            }
        }
    },
    {
        "value": 7.0,
        "flagInfo": {
            "hasFlags": false
        },
        "parameter": {
            "id": 2,
            "name": "pm25",
            "units": "\u00b5g/m\u00b3",
            "displayName": null
        },
        "period": {
            "label": "raw",
            "interval": "01:00:00",
            "datetimeFrom": {
                "utc": "2017-10-01T19:00:00Z",
                "local": "2017-10-01T12:00:00-07:00"
            },
            "datetimeTo": {
                "utc": "2017-10-01T20:00:00Z",
                "local": "2017-10-01T13:00:00-07:00"
            }
        },
        "coordinates": null,
        "summary": null,
        "coverage": {
            "expectedCount": 1,
            "expectedInterval": "01:00:00",
            "observedCount": 1,
            "observedInterval": "01:00:00",
            "percentComplete": 100.0,
            "percentCoverage": 100.0,
            "datetimeFrom": {
                "utc": "2017-10-01T19:00:00Z",
                "local": "2017-10-01T12:00:00-07:00"
            },
            "datetimeTo": {
                "utc": "2017-10-01T20:00:00Z",
                "local": "2017-10-01T13:00:00-07:00"
            }
        }
    },
    {
        "value": 7.0,
        "flagInfo": {
            "hasFlags": false
        },
        "parameter": {
            "id": 2,
            "name": "pm25",
            "units": "\u00b5g/m\u00b3",
            "displayName": null
        },
        "period": {
            "label": "raw",
            "interval": "01:00:00",
            "datetimeFrom": {
                "utc": "2017-10-01T20:00:00Z",
                "local": "2017-10-01T13:00:00-07:00"
            },
            "datetimeTo": {
                "utc": "2017-10-01T21:00:00Z",
                "local": "2017-10-01T14:00:00-07:00"
            }
        },
        "coordinates": null,
        "summary": null,
        "coverage": {
            "expectedCount": 1,
            "expectedInterval": "01:00:00",
            "observedCount": 1,
            "observedInterval": "01:00:00",
            "percentComplete": 100.0,
            "percentCoverage": 100.0,
            "datetimeFrom": {
                "utc": "2017-10-01T20:00:00Z",
                "local": "2017-10-01T13:00:00-07:00"
            },
            "datetimeTo": {
                "utc": "2017-10-01T21:00:00Z",
                "local": "2017-10-01T14:00:00-07:00"
            }
        }
    },
    {
        "value": 0.0,
        "flagInfo": {
            "hasFlags": false
        },
        "parameter": {
            "id": 2,
            "name": "pm25",
            "units": "\u00b5g/m\u00b3",
            "displayName": null
        },
        "period": {
            "label": "raw",
            "interval": "01:00:00",
            "datetimeFrom": {
                "utc": "2017-10-02T02:00:00Z",
                "local": "2017-10-01T19:00:00-07:00"
            },
            "datetimeTo": {
                "utc": "2017-10-02T03:00:00Z",
                "local": "2017-10-01T20:00:00-07:00"
            }
        },
        "coordinates": null,
        "summary": null,
        "coverage": {
            "expectedCount": 1,
            "expectedInterval": "01:00:00",
            "observedCount": 1,
            "observedInterval": "01:00:00",
            "percentComplete": 100.0,
            "percentCoverage": 100.0,
            "datetimeFrom": {
                "utc": "2017-10-02T02:00:00Z",
                "local": "2017-10-01T19:00:00-07:00"
            },
            "datetimeTo": {
                "utc": "2017-10-02T03:00:00Z",
                "local": "2017-10-01T20:00:00-07:00"
            }
        }
    },
    {
        "value": 0.0,
        "flagInfo": {
            "hasFlags": false
        },
        "parameter": {
            "id": 2,
            "name": "pm25",
            "units": "\u00b5g/m\u00b3",
            "displayName": null
        },
        "period": {
            "label": "raw",
            "interval": "01:00:00",
            "datetimeFrom": {
                "utc": "2017-10-02T03:00:00Z",
                "local": "2017-10-01T20:00:00-07:00"
            },
            "datetimeTo": {
                "utc": "2017-10-02T04:00:00Z",
                "local": "2017-10-01T21:00:00-07:00"
            }
        },
        "coordinates": null,
        "summary": null,
        "coverage": {
            "expectedCount": 1,
            "expectedInterval": "01:00:00",
            "observedCount": 1,
            "observedInterval": "01:00:00",
            "percentComplete": 100.0,
            "percentCoverage": 100.0,
            "datetimeFrom": {
                "utc": "2017-10-02T03:00:00Z",
                "local": "2017-10-01T20:00:00-07:00"
            },
            "datetimeTo": {
                "utc": "2017-10-02T04:00:00Z",
                "local": "2017-10-01T21:00:00-07:00"
            }
        }
    },
    {
        "value": 0.0,
        "flagInfo": {
            "hasFlags": false
        },
        "parameter": {
            "id": 2,
            "name": "pm25",
            "units": "\u00b5g/m\u00b3",
            "displayName": null
        },
        "period": {
            "label": "raw",
            "interval": "01:00:00",
            "datetimeFrom": {
                "utc": "2017-10-02T08:00:00Z",
                "local": "2017-10-02T01:00:00-07:00"
            },
            "datetimeTo": {
                "utc": "2017-10-02T09:00:00Z",
                "local": "2017-10-02T02:00:00-07:00"
            }
        },
        "coordinates": null,
        "summary": null,
        "coverage": {
            "expectedCount": 1,
            "expectedInterval": "01:00:00",
            "observedCount": 1,
            "observedInterval": "01:00:00",
            "percentComplete": 100.0,
            "percentCoverage": 100.0,
            "datetimeFrom": {
                "utc": "2017-10-02T08:00:00Z",
                "local": "2017-10-02T01:00:00-07:00"
            },
            "datetimeTo": {
                "utc": "2017-10-02T09:00:00Z",
                "local": "2017-10-02T02:00:00-07:00"
            }
        }
    },
    {
        "value": 0.0,
        "flagInfo": {
            "hasFlags": false
        },
        "parameter": {
            "id": 2,
            "name": "pm25",
            "units": "\u00b5g/m\u00b3",
            "displayName": null
        },
        "period": {
            "label": "raw",
            "interval": "01:00:00",
            "datetimeFrom": {
                "utc": "2017-10-02T13:00:00Z",
                "local": "2017-10-02T06:00:00-07:00"
            },
            "datetimeTo": {
                "utc": "2017-10-02T14:00:00Z",
                "local": "2017-10-02T07:00:00-07:00"
            }
        },
        "coordinates": null,
        "summary": null,
        "coverage": {
            "expectedCount": 1,
            "expectedInterval": "01:00:00",
            "observedCount": 1,
            "observedInterval": "01:00:00",
            "percentComplete": 100.0,
            "percentCoverage": 100.0,
            "datetimeFrom": {
                "utc": "2017-10-02T13:00:00Z",
                "local": "2017-10-02T06:00:00-07:00"
            },
            "datetimeTo": {
                "utc": "2017-10-02T14:00:00Z",
                "local": "2017-10-02T07:00:00-07:00"
            }
        }
    },
    {
        "value": 0.0,
        "flagInfo": {
            "hasFlags": false
        },
        "parameter": {
            "id": 2,
            "name": "pm25",
            "units": "\u00b5g/m\u00b3",
            "displayName": null
        },
        "period": {
            "label": "raw",
            "interval": "01:00:00",
            "datetimeFrom": {
                "utc": "2017-10-02T14:00:00Z",
                "local": "2017-10-02T07:00:00-07:00"
            },
            "datetimeTo": {
                "utc": "2017-10-02T15:00:00Z",
                "local": "2017-10-02T08:00:00-07:00"
            }
        },
        "coordinates": null,
        "summary": null,
        "coverage": {
            "expectedCount": 1,
            "expectedInterval": "01:00:00",
            "observedCount": 1,
            "observedInterval": "01:00:00",
            "percentComplete": 100.0,
            "percentCoverage": 100.0,
            "datetimeFrom": {
                "utc": "2017-10-02T14:00:00Z",
                "local": "2017-10-02T07:00:00-07:00"
            },
            "datetimeTo": {
                "utc": "2017-10-02T15:00:00Z",
                "local": "2017-10-02T08:00:00-07:00"
            }
        }
    },
    {
        "value": 0.0,
        "flagInfo": {
            "hasFlags": false
        },
        "parameter": {
            "id": 2,
            "name": "pm25",
            "units": "\u00b5g/m\u00b3",
            "displayName": null
        },
        "period": {
            "label": "raw",
            "interval": "01:00:00",
            "datetimeFrom": {
                "utc": "2017-10-02T23:00:00Z",
                "local": "2017-10-02T16:00:00-07:00"
            },
            "datetimeTo": {
                "utc": "2017-10-03T00:00:00Z",
                "local": "2017-10-02T17:00:00-07:00"
            }
        },
        "coordinates": null,
        "summary": null,
        "coverage": {
            "expectedCount": 1,
            "expectedInterval": "01:00:00",
            "observedCount": 1,
            "observedInterval": "01:00:00",
            "percentComplete": 100.0,
            "percentCoverage": 100.0,
            "datetimeFrom": {
                "utc": "2017-10-02T23:00:00Z",
                "local": "2017-10-02T16:00:00-07:00"
            },
            "datetimeTo": {
                "utc": "2017-10-03T00:00:00Z",
                "local": "2017-10-02T17:00:00-07:00"
            }
        }
    },
    {
        "value": 0.0,
        "flagInfo": {
            "hasFlags": false
        },
        "parameter": {
            "id": 2,
            "name": "pm25",
            "units": "\u00b5g/m\u00b3",
            "displayName": null
        },
        "period": {
            "label": "raw",
            "interval": "01:00:00",
            "datetimeFrom": {
                "utc": "2017-10-03T00:00:00Z",
                "local": "2017-10-02T17:00:00-07:00"
            },
            "datetimeTo": {
                "utc": "2017-10-03T01:00:00Z",
                "local": "2017-10-02T18:00:00-07:00"
            }
        },
        "coordinates": null,
        "summary": null,
        "coverage": {
            "expectedCount": 1,
            "expectedInterval": "01:00:00",
            "observedCount": 1,
            "observedInterval": "01:00:00",
            "percentComplete": 100.0,
            "percentCoverage": 100.0,
            "datetimeFrom": {
                "utc": "2017-10-03T00:00:00Z",
                "local": "2017-10-02T17:00:00-07:00"
            },
            "datetimeTo": {
                "utc": "2017-10-03T01:00:00Z",
                "local": "2017-10-02T18:00:00-07:00"
            }
        }
    },
    {
        "value": 0.0,
        "flagInfo": {
            "hasFlags": false
        },
        "parameter": {
            "id": 2,
            "name": "pm25",
            "units": "\u00b5g/m\u00b3",
            "displayName": null
        },
        "period": {
            "label": "raw",
            "interval": "01:00:00",
            "datetimeFrom": {
                "utc": "2017-10-03T01:00:00Z",
                "local": "2017-10-02T18:00:00-07:00"
            },
            "datetimeTo": {
                "utc": "2017-10-03T02:00:00Z",
                "local": "2017-10-02T19:00:00-07:00"
            }
        },
        "coordinates": null,
        "summary": null,
        "coverage": {
            "expectedCount": 1,
            "expectedInterval": "01:00:00",
            "observedCount": 1,
            "observedInterval": "01:00:00",
            "percentComplete": 100.0,
            "percentCoverage": 100.0,
            "datetimeFrom": {
                "utc": "2017-10-03T01:00:00Z",
                "local": "2017-10-02T18:00:00-07:00"
            },
            "datetimeTo": {
                "utc": "2017-10-03T02:00:00Z",
                "local": "2017-10-02T19:00:00-07:00"
            }
        }
    },
    {
        "value": 0.0,
        "flagInfo": {
            "hasFlags": false
        },
        "parameter": {
            "id": 2,
            "name": "pm25",
            "units": "\u00b5g/m\u00b3",
            "displayName": null
        },
        "period": {
            "label": "raw",
            "interval": "01:00:00",
            "datetimeFrom": {
                "utc": "2017-10-03T02:00:00Z",
                "local": "2017-10-02T19:00:00-07:00"
            },
            "datetimeTo": {
                "utc": "2017-10-03T03:00:00Z",
                "local": "2017-10-02T20:00:00-07:00"
            }
        },
        "coordinates": null,
        "summary": null,
        "coverage": {
            "expectedCount": 1,
            "expectedInterval": "01:00:00",
            "observedCount": 1,
            "observedInterval": "01:00:00",
            "percentComplete": 100.0,
            "percentCoverage": 100.0,
            "datetimeFrom": {
                "utc": "2017-10-03T02:00:00Z",
                "local": "2017-10-02T19:00:00-07:00"
            },
            "datetimeTo": {
                "utc": "2017-10-03T03:00:00Z",
                "local": "2017-10-02T20:00:00-07:00"
            }
        }
    },
    {
        "value": 0.0,
        "flagInfo": {
            "hasFlags": false
        },
        "parameter": {
            "id": 2,
            "name": "pm25",
            "units": "\u00b5g/m\u00b3",
            "displayName": null
        },
        "period": {
            "label": "raw",
            "interval": "01:00:00",
            "datetimeFrom": {
                "utc": "2017-10-03T08:00:00Z",
                "local": "2017-10-03T01:00:00-07:00"
            },
            "datetimeTo": {
                "utc": "2017-10-03T09:00:00Z",
                "local": "2017-10-03T02:00:00-07:00"
            }
        },
        "coordinates": null,
        "summary": null,
        "coverage": {
            "expectedCount": 1,
            "expectedInterval": "01:00:00",
            "observedCount": 1,
            "observedInterval": "01:00:00",
            "percentComplete": 100.0,
            "percentCoverage": 100.0,
            "datetimeFrom": {
                "utc": "2017-10-03T08:00:00Z",
                "local": "2017-10-03T01:00:00-07:00"
            },
            "datetimeTo": {
                "utc": "2017-10-03T09:00:00Z",
                "local": "2017-10-03T02:00:00-07:00"
            }
        }
    },
    {
        "value": 0.0,
        "flagInfo": {
            "hasFlags": false
        },
        "parameter": {
            "id": 2,
            "name": "pm25",
            "units": "\u00b5g/m\u00b3",
            "displayName": null
        },
        "period": {
            "label": "raw",
            "interval": "01:00:00",
            "datetimeFrom": {
                "utc": "2017-10-03T09:00:00Z",
                "local": "2017-10-03T02:00:00-07:00"
            },
            "datetimeTo": {
                "utc": "2017-10-03T10:00:00Z",
                "local": "2017-10-03T03:00:00-07:00"
            }
        },
        "coordinates": null,
        "summary": null,
        "coverage": {
            "expectedCount": 1,
            "expectedInterval": "01:00:00",
            "observedCount": 1,
            "observedInterval": "01:00:00",
            "percentComplete": 100.0,
            "percentCoverage": 100.0,
            "datetimeFrom": {
                "utc": "2017-10-03T09:00:00Z",
                "local": "2017-10-03T02:00:00-07:00"
            },
            "datetimeTo": {
                "utc": "2017-10-03T10:00:00Z",
                "local": "2017-10-03T03:00:00-07:00"
            }
        }
    },
    {
        "value": 0.0,
        "flagInfo": {
            "hasFlags": false
        },
        "parameter": {
            "id": 2,
            "name": "pm25",
            "units": "\u00b5g/m\u00b3",
            "displayName": null
        },
        "period": {
            "label": "raw",
            "interval": "01:00:00",
            "datetimeFrom": {
                "utc": "2017-10-03T21:00:00Z",
                "local": "2017-10-03T14:00:00-07:00"
            },
            "datetimeTo": {
                "utc": "2017-10-03T22:00:00Z",
                "local": "2017-10-03T15:00:00-07:00"
            }
        },
        "coordinates": null,
        "summary": null,
        "coverage": {
            "expectedCount": 1,
            "expectedInterval": "01:00:00",
            "observedCount": 1,
            "observedInterval": "01:00:00",
            "percentComplete": 100.0,
            "percentCoverage": 100.0,
            "datetimeFrom": {
                "utc": "2017-10-03T21:00:00Z",
                "local": "2017-10-03T14:00:00-07:00"
            },
            "datetimeTo": {
                "utc": "2017-10-03T22:00:00Z",
                "local": "2017-10-03T15:00:00-07:00"
            }
        }
    },
    {
        "value": 0.0,
        "flagInfo": {
            "hasFlags": false
        },
        "parameter": {
            "id": 2,
            "name": "pm25",
            "units": "\u00b5g/m\u00b3",
            "displayName": null
        },
        "period": {
            "label": "raw",
            "interval": "01:00:00",
            "datetimeFrom": {
                "utc": "2017-10-03T22:00:00Z",
                "local": "2017-10-03T15:00:00-07:00"
            },
            "datetimeTo": {
                "utc": "2017-10-03T23:00:00Z",
                "local": "2017-10-03T16:00:00-07:00"
            }
        },
        "coordinates": null,
        "summary": null,
        "coverage": {
            "expectedCount": 1,
            "expectedInterval": "01:00:00",
            "observedCount": 1,
            "observedInterval": "01:00:00",
            "percentComplete": 100.0,
            "percentCoverage": 100.0,
            "datetimeFrom": {
                "utc": "2017-10-03T22:00:00Z",
                "local": "2017-10-03T15:00:00-07:00"
            },
            "datetimeTo": {
                "utc": "2017-10-03T23:00:00Z",
                "local": "2017-10-03T16:00:00-07:00"
            }
        }
    },
    {
        "value": 0.0,
        "flagInfo": {
            "hasFlags": false
        },
        "parameter": {
            "id": 2,
            "name": "pm25",
            "units": "\u00b5g/m\u00b3",
            "displayName": null
        },
        "period": {
            "label": "raw",
            "interval": "01:00:00",
            "datetimeFrom": {
                "utc": "2017-10-04T00:00:00Z",
                "local": "2017-10-03T17:00:00-07:00"
            },
            "datetimeTo": {
                "utc": "2017-10-04T01:00:00Z",
                "local": "2017-10-03T18:00:00-07:00"
            }
        },
        "coordinates": null,
        "summary": null,
        "coverage": {
            "expectedCount": 1,
            "expectedInterval": "01:00:00",
            "observedCount": 1,
            "observedInterval": "01:00:00",
            "percentComplete": 100.0,
            "percentCoverage": 100.0,
            "datetimeFrom": {
                "utc": "2017-10-04T00:00:00Z",
                "local": "2017-10-03T17:00:00-07:00"
            },
            "datetimeTo": {
                "utc": "2017-10-04T01:00:00Z",
                "local": "2017-10-03T18:00:00-07:00"
            }
        }
    },
    {
        "value": 0.0,
        "flagInfo": {
            "hasFlags": false
        },
        "parameter": {
            "id": 2,
            "name": "pm25",
            "units": "\u00b5g/m\u00b3",
            "displayName": null
        },
        "period": {
            "label": "raw",
            "interval": "01:00:00",
            "datetimeFrom": {
                "utc": "2017-10-04T04:00:00Z",
                "local": "2017-10-03T21:00:00-07:00"
            },
            "datetimeTo": {
                "utc": "2017-10-04T05:00:00Z",
                "local": "2017-10-03T22:00:00-07:00"
            }
        },
        "coordinates": null,
        "summary": null,
        "coverage": {
            "expectedCount": 1,
            "expectedInterval": "01:00:00",
            "observedCount": 1,
            "observedInterval": "01:00:00",
            "percentComplete": 100.0,
            "percentCoverage": 100.0,
            "datetimeFrom": {
                "utc": "2017-10-04T04:00:00Z",
                "local": "2017-10-03T21:00:00-07:00"
            },
            "datetimeTo": {
                "utc": "2017-10-04T05:00:00Z",
                "local": "2017-10-03T22:00:00-07:00"
            }
        }
    }
]