[
    {
        "value": -1.0,
        "flagInfo": {
            "hasFlags": false
        },
        "parameter": {
            "id": 2,
            "name": "pm25",
            "units": "\u00b5g/m\u00b3",
            "displayName": null
        },
        "period": {
            "label": "raw",
            "interval": "01:00:00",
            "datetimeFrom": {
                "utc": "2017-11-14T13:00:00Z",
                "local": "2017-11-14T05:00:00-08:00"
            },
            "datetimeTo": {
                "utc": "2017-11-14T14:00:00Z",
                "local": "2017-11-14T06:00:00-08:00"
            }
        },
        "coordinates": null,
        "summary": null,
        "coverage": {
            "expectedCount": 1,
            "expectedInterval": "01:00:00",
            "observedCount": 1,
            "observedInterval": "01:00:00",
            "percentComplete": 100.0,
            "percentCoverage": 100.0,
            "datetimeFrom": {
                "utc": "2017-11-14T13:00:00Z",
                "local": "2017-11-14T05:00:00-08:00"
            },
            "datetimeTo": {
                "utc": "2017-11-14T14:00:00Z",
                "local": "2017-11-14T06:00:00-08:00"
            }
        }
    },
    {
        "value": 3.0,
        "flagInfo": {
            "hasFlags": false
        },
        "parameter": {
            "id": 2,
            "name": "pm25",
            "units": "\u00b5g/m\u00b3",
            "displayName": null
        },
        "period": {
            "label": "raw",
            "interval": "01:00:00",
            "datetimeFrom": {
                "utc": "2017-11-17T05:00:00Z",
                "local": "2017-11-16T21:00:00-08:00"
            },
            "datetimeTo": {
                "utc": "2017-11-17T06:00:00Z",
                "local": "2017-11-16T22:00:00-08:00"
            }
        },
        "coordinates": null,
        "summary": null,
        "coverage": {
            "expectedCount": 1,
            "expectedInterval": "01:00:00",
            "observedCount": 1,
            "observedInterval": "01:00:00",
            "percentComplete": 100.0,
            "percentCoverage": 100.0,
            "datetimeFrom": {
                "utc": "2017-11-17T05:00:00Z",
                "local": "2017-11-16T21:00:00-08:00"
            },
            "datetimeTo": {
                "utc": "2017-11-17T06:00:00Z",
                "local": "2017-11-16T22:00:00-08:00"
            }
        }
    },
    {
        "value": 2.0,
        "flagInfo": {
            "hasFlags": false
        },
        "parameter": {
            "id": 2,
            "name": "pm25",
            "units": "\u00b5g/m\u00b3",
            "displayName": null
        },
        "period": {
            "label": "raw",
            "interval": "01:00:00",
            "datetimeFrom": {
                "utc": "2017-11-17T13:00:00Z",
                "local": "2017-11-17T05:00:00-08:00"
            },
            "datetimeTo": {
                "utc": "2017-11-17T14:00:00Z",
                "local": "2017-11-17T06:00:00-08:00"
            }
        },
        "coordinates": null,
        "summary": null,
        "coverage": {
            "expectedCount": 1,
            "expectedInterval": "01:00:00",
            "observedCount": 1,
            "observedInterval": "01:00:00",
            "percentComplete": 100.0,
            "percentCoverage": 100.0,
            "datetimeFrom": {
                "utc": "2017-11-17T13:00:00Z",
                "local": "2017-11-17T05:00:00-08:00"
            },
            "datetimeTo": {
                "utc": "2017-11-17T14:00:00Z",
                "local": "2017-11-17T06:00:00-08:00"
            }
        }
    },
    {
        "value": -2.0,
        "flagInfo": {
            "hasFlags": false
        },
        "parameter": {
            "id": 2,
            "name": "pm25",
            "units": "\u00b5g/m\u00b3",
            "displayName": null
        },
        "period": {
            "label": "raw",
            "interval": "01:00:00",
            "datetimeFrom": {
                "utc": "2017-11-17T16:00:00Z",
                "local": "2017-11-17T08:00:00-08:00"
            },
            "datetimeTo": {
                "utc": "2017-11-17T17:00:00Z",
                "local": "2017-11-17T09:00:00-08:00"
            }
        },
        "coordinates": null,
        "summary": null,
        "coverage": {
            "expectedCount": 1,
            "expectedInterval": "01:00:00",
            "observedCount": 1,
            "observedInterval": "01:00:00",
            "percentComplete": 100.0,
            "percentCoverage": 100.0,
            "datetimeFrom": {
                "utc": "2017-11-17T16:00:00Z",
                "local": "2017-11-17T08:00:00-08:00"
            },
            "datetimeTo": {
                "utc": "2017-11-17T17:00:00Z",
                "local": "2017-11-17T09:00:00-08:00"
            }
        }
    },
    {
        "value": -1.0,
        "flagInfo": {
            "hasFlags": false
        },
        "parameter": {
            "id": 2,
            "name": "pm25",
            "units": "\u00b5g/m\u00b3",
            "displayName": null
        },
        "period": {
            "label": "raw",
            "interval": "01:00:00",
            "datetimeFrom": {
                "utc": "2017-11-18T02:00:00Z",
                "local": "2017-11-17T18:00:00-08:00"
            },
            "datetimeTo": {
                "utc": "2017-11-18T03:00:00Z",
                "local": "2017-11-17T19:00:00-08:00"
            }
        },
        "coordinates": null,
        "summary": null,
        "coverage": {
            "expectedCount": 1,
            "expectedInterval": "01:00:00",
            "observedCount": 1,
            "observedInterval": "01:00:00",
            "percentComplete": 100.0,
            "percentCoverage": 100.0,
            "datetimeFrom": {
                "utc": "2017-11-18T02:00:00Z",
                "local": "2017-11-17T18:00:00-08:00"
            },
            "datetimeTo": {
                "utc": "2017-11-18T03:00:00Z",
                "local": "2017-11-17T19:00:00-08:00"
            }
        }
    },
    {
        "value": 4.0,
        "flagInfo": {
            "hasFlags": false
        },
        "parameter": {
            "id": 2,
            "name": "pm25",
            "units": "\u00b5g/m\u00b3",
            "displayName": null
        },
        "period": {
            "label": "raw",
            "interval": "01:00:00",
            "datetimeFrom": {
                "utc": "2017-11-20T02:00:00Z",
                "local": "2017-11-19T18:00:00-08:00"
            },
            "datetimeTo": {
                "utc": "2017-11-20T03:00:00Z",
                "local": "2017-11-19T19:00:00-08:00"
            }
        },
        "coordinates": null,
        "summary": null,
        "coverage": {
            "expectedCount": 1,
            "expectedInterval": "01:00:00",
            "observedCount": 1,
            "observedInterval": "01:00:00",
            "percentComplete": 100.0,
            "percentCoverage": 100.0,
            "datetimeFrom": {
                "utc": "2017-11-20T02:00:00Z",
                "local": "2017-11-19T18:00:00-08:00"
            },
            "datetimeTo": {
                "utc": "2017-11-20T03:00:00Z",
                "local": "2017-11-19T19:00:00-08:00"
            }
        }
    },
    {
        "value": 12.0,
        "flagInfo": {
            "hasFlags": false
        },
        "parameter": {
            "id": 2,
            "name": "pm25",
            "units": "\u00b5g/m\u00b3",
            "displayName": null
        },
        "period": {
            "label": "raw",
            "interval": "01:00:00",
            "datetimeFrom": {
                "utc": "2017-11-20T03:00:00Z",
                "local": "2017-11-19T19:00:00-08:00"
            },
            "datetimeTo": {
                "utc": "2017-11-20T04:00:00Z",
                "local": "2017-11-19T20:00:00-08:00"
            }
        },
        "coordinates": null,
        "summary": null,
        "coverage": {
            "expectedCount": 1,
            "expectedInterval": "01:00:00",
            "observedCount": 1,
            "observedInterval": "01:00:00",
            "percentComplete": 100.0,
            "percentCoverage": 100.0,
            "datetimeFrom": {
                "utc": "2017-11-20T03:00:00Z",
                "local": "2017-11-19T19:00:00-08:00"
            },
            "datetimeTo": {
                "utc": "2017-11-20T04:00:00Z",
                "local": "2017-11-19T20:00:00-08:00"
            }
        }
    },
    {
        "value": 10.0,
        "flagInfo": {
            "hasFlags": false
        },
        "parameter": {
            "id": 2,
            "name": "pm25",
            "units": "\u00b5g/m\u00b3",
            "displayName": null
        },
        "period": {
            "label": "raw",
            "interval": "01:00:00",
            "datetimeFrom": {
                "utc": "2017-11-20T05:00:00Z",
                "local": "2017-11-19T21:00:00-08:00"
            },
            "datetimeTo": {
                "utc": "2017-11-20T06:00:00Z",
                "local": "2017-11-19T22:00:00-08:00"
            }
        },
        "coordinates": null,
        "summary": null,
        "coverage": {
            "expectedCount": 1,
            "expectedInterval": "01:00:00",
            "observedCount": 1,
            "observedInterval": "01:00:00",
            "percentComplete": 100.0,
            "percentCoverage": 100.0,
            "datetimeFrom": {
                "utc": "2017-11-20T05:00:00Z",
                "local": "2017-11-19T21:00:00-08:00"
            },
            "datetimeTo": {
                "utc": "2017-11-20T06:00:00Z",
                "local": "2017-11-19T22:00:00-08:00"
            }
        }
    },
    {
        "value": 5.0,
        "flagInfo": {
            "hasFlags": false
        },
        "parameter": {
            "id": 2,
            "name": "pm25",
            "units": "\u00b5g/m\u00b3",
            "displayName": null
        },
        "period": {
            "label": "raw",
            "interval": "01:00:00",
            "datetimeFrom": {
                "utc": "2017-11-20T18:00:00Z",
                "local": "2017-11-20T10:00:00-08:00"
            },
            "datetimeTo": {
                "utc": "2017-11-20T19:00:00Z",
                "local": "2017-11-20T11:00:00-08:00"
            }
        },
        "coordinates": null,
        "summary": null,
        "coverage": {
            "expectedCount": 1,
            "expectedInterval": "01:00:00",
            "observedCount": 1,
            "observedInterval": "01:00:00",
            "percentComplete": 100.0,
            "percentCoverage": 100.0,
            "datetimeFrom": {
                "utc": "2017-11-20T18:00:00Z",
                "local": "2017-11-20T10:00:00-08:00"
            },
            "datetimeTo": {
                "utc": "2017-11-20T19:00:00Z",
                "local": "2017-11-20T11:00:00-08:00"
            }
        }
    },
    {
        "value": 9.0,
        "flagInfo": {
            "hasFlags": false
        },
        "parameter": {
            "id": 2,
            "name": "pm25",
            "units": "\u00b5g/m\u00b3",
            "displayName": null
        },
        "period": {
            "label": "raw",
            "interval": "01:00:00",
            "datetimeFrom": {
                "utc": "2017-11-20T20:00:00Z",
                "local": "2017-11-20T12:00:00-08:00"
            },
            "datetimeTo": {
                "utc": "2017-11-20T21:00:00Z",
                "local": "2017-11-20T13:00:00-08:00"
            }
        },
        "coordinates": null,
        "summary": null,
        "coverage": {
            "expectedCount": 1,
            "expectedInterval": "01:00:00",
            "observedCount": 1,
            "observedInterval": "01:00:00",
            "percentComplete": 100.0,
            "percentCoverage": 100.0,
            "datetimeFrom": {
                "utc": "2017-11-20T20:00:00Z",
                "local": "2017-11-20T12:00:00-08:00"
            },
            "datetimeTo": {
                "utc": "2017-11-20T21:00:00Z",
                "local": "2017-11-20T13:00:00-08:00"
            }
        }
    },
    {
        "value": 6.0,
        "flagInfo": {
            "hasFlags": false
        },
        "parameter": {
            "id": 2,
            "name": "pm25",
            "units": "\u00b5g/m\u00b3",
            "displayName": null
        },
        "period": {
            "label": "raw",
            "interval": "01:00:00",
            "datetimeFrom": {
                "utc": "2017-11-22T04:00:00Z",
                "local": "2017-11-21T20:00:00-08:00"
            },
            "datetimeTo": {
                "utc": "2017-11-22T05:00:00Z",
                "local": "2017-11-21T21:00:00-08:00"
            }
        },
        "coordinates": null,
        "summary": null,
        "coverage": {
            "expectedCount": 1,
            "expectedInterval": "01:00:00",
            "observedCount": 1,
            "observedInterval": "01:00:00",
            "percentComplete": 100.0,
            "percentCoverage": 100.0,
            "datetimeFrom": {
                "utc": "2017-11-22T04:00:00Z",
                "local": "2017-11-21T20:00:00-08:00"
            },
            "datetimeTo": {
                "utc": "2017-11-22T05:00:00Z",
                "local": "2017-11-21T21:00:00-08:00"
            }
        }
    },
    {
        "value": 14.0,
        "flagInfo": {
            "hasFlags": false
        },
        "parameter": {
            "id": 2,
            "name": "pm25",
            "units": "\u00b5g/m\u00b3",
            "displayName": null
        },
        "period": {
            "label": "raw",
            "interval": "01:00:00",
            "datetimeFrom": {
                "utc": "2017-11-22T22:00:00Z",
                "local": "2017-11-22T14:00:00-08:00"
            },
            "datetimeTo": {
                "utc": "2017-11-22T23:00:00Z",
                "local": "2017-11-22T15:00:00-08:00"
            }
        },
        "coordinates": null,
        "summary": null,
        "coverage": {
            "expectedCount": 1,
            "expectedInterval": "01:00:00",
            "observedCount": 1,
            "observedInterval": "01:00:00",
            "percentComplete": 100.0,
            "percentCoverage": 100.0,
            "datetimeFrom": {
                "utc": "2017-11-22T22:00:00Z",
                "local": "2017-11-22T14:00:00-08:00"
            },
            "datetimeTo": {
                "utc": "2017-11-22T23:00:00Z",
                "local": "2017-11-22T15:00:00-08:00"
            }
        }
    },
    {
        "value": 2.0,
        "flagInfo": {
            "hasFlags": false
        },
        "parameter": {
            "id": 2,
            "name": "pm25",
            "units": "\u00b5g/m\u00b3",
            "displayName": null
        },
        "period": {
            "label": "raw",
            "interval": "01:00:00",
            "datetimeFrom": {
                "utc": "2017-11-25T11:00:00Z",
                "local": "2017-11-25T03:00:00-08:00"
            },
            "datetimeTo": {
                "utc": "2017-11-25T12:00:00Z",
                "local": "2017-11-25T04:00:00-08:00"
            }
        },
        "coordinates": null,
        "summary": null,
        "coverage": {
            "expectedCount": 1,
            "expectedInterval": "01:00:00",
            "observedCount": 1,
            "observedInterval": "01:00:00",
            "percentComplete": 100.0,
            "percentCoverage": 100.0,
            "datetimeFrom": {
                "utc": "2017-11-25T11:00:00Z",
                "local": "2017-11-25T03:00:00-08:00"
            },
            "datetimeTo": {
                "utc": "2017-11-25T12:00:00Z",
                "local": "2017-11-25T04:00:00-08:00"
            }
        }
    },
    {
        "value": -4.0,
        "flagInfo": {
            "hasFlags": false
        },
        "parameter": {
            "id": 2,
            "name": "pm25",
            "units": "\u00b5g/m\u00b3",
            "displayName": null
        },
        "period": {
            "label": "raw",
            "interval": "01:00:00",
            "datetimeFrom": {
                "utc": "2017-11-25T12:00:00Z",
                "local": "2017-11-25T04:00:00-08:00"
            },
            "datetimeTo": {
                "utc": "2017-11-25T13:00:00Z",
                "local": "2017-11-25T05:00:00-08:00"
            }
        },
        "coordinates": null,
        "summary": null,
        "coverage": {
            "expectedCount": 1,
            "expectedInterval": "01:00:00",
            "observedCount": 1,
            "observedInterval": "01:00:00",
            "percentComplete": 100.0,
            "percentCoverage": 100.0,
            "datetimeFrom": {
                "utc": "2017-11-25T12:00:00Z",
                "local": "2017-11-25T04:00:00-08:00"
            },
            "datetimeTo": {
                "utc": "2017-11-25T13:00:00Z",
                "local": "2017-11-25T05:00:00-08:00"
            }
        }
    },
    {
        "value": 8.0,
        "flagInfo": {
            "hasFlags": false
        },
        "parameter": {
            "id": 2,
            "name": "pm25",
            "units": "\u00b5g/m\u00b3",
            "displayName": null
        },
        "period": {
            "label": "raw",
            "interval": "01:00:00",
            "datetimeFrom": {
                "utc": "2017-11-28T08:00:00Z",
                "local": "2017-11-28T00:00:00-08:00"
            },
            "datetimeTo": {
                "utc": "2017-11-28T09:00:00Z",
                "local": "2017-11-28T01:00:00-08:00"
            }
        },
        "coordinates": null,
        "summary": null,
        "coverage": {
            "expectedCount": 1,
            "expectedInterval": "01:00:00",
            "observedCount": 1,
            "observedInterval": "01:00:00",
            "percentComplete": 100.0,
            "percentCoverage": 100.0,
            "datetimeFrom": {
                "utc": "2017-11-28T08:00:00Z",
                "local": "2017-11-28T00:00:00-08:00"
            },
            "datetimeTo": {
                "utc": "2017-11-28T09:00:00Z",
                "local": "2017-11-28T01:00:00-08:00"
            }
        }
    },
    {
        "value": -1.0,
        "flagInfo": {
            "hasFlags": false
        },
        "parameter": {
            "id": 2,
            "name": "pm25",
            "units": "\u00b5g/m\u00b3",
            "displayName": null
        },
        "period": {
            "label": "raw",
            "interval": "01:00:00",
            "datetimeFrom": {
                "utc": "2017-12-03T13:00:00Z",
                "local": "2017-12-03T05:00:00-08:00"
            },
            "datetimeTo": {
                "utc": "2017-12-03T14:00:00Z",
                "local": "2017-12-03T06:00:00-08:00"
            }
        },
        "coordinates": null,
        "summary": null,
        "coverage": {
            "expectedCount": 1,
            "expectedInterval": "01:00:00",
            "observedCount": 1,
            "observedInterval": "01:00:00",
            "percentComplete": 100.0,
            "percentCoverage": 100.0,
            "datetimeFrom": {
                "utc": "2017-12-03T13:00:00Z",
                "local": "2017-12-03T05:00:00-08:00"
            },
            "datetimeTo": {
                "utc": "2017-12-03T14:00:00Z",
                "local": "2017-12-03T06:00:00-08:00"
            }
        }
    }
]