[
    {
        "value": 9.0,
        "flagInfo": {
            "hasFlags": false
        },
        "parameter": {
            "id": 2,
            "name": "pm25",
            "units": "\u00b5g/m\u00b3",
            "displayName": null
        },
        "period": {
            "label": "raw",
            "interval": "01:00:00",
            "datetimeFrom": {
                "utc": "2018-07-13T08:00:00Z",
                "local": "2018-07-13T01:00:00-07:00"
            },
            "datetimeTo": {
                "utc": "2018-07-13T09:00:00Z",
                "local": "2018-07-13T02:00:00-07:00"
            }
        },
        "coordinates": null,
        "summary": null,
        "coverage": {
            "expectedCount": 1,
            "expectedInterval": "01:00:00",
            "observedCount": 1,
            "observedInterval": "01:00:00",
            "percentComplete": 100.0,
            "percentCoverage": 100.0,
            "datetimeFrom": {
                "utc": "2018-07-13T08:00:00Z",
                "local": "2018-07-13T01:00:00-07:00"
            },
            "datetimeTo": {
                "utc": "2018-07-13T09:00:00Z",
                "local": "2018-07-13T02:00:00-07:00"
            }
        }
    },
    {
        "value": 7.0,
        "flagInfo": {
            "hasFlags": false
        },
        "parameter": {
            "id": 2,
            "name": "pm25",
            "units": "\u00b5g/m\u00b3",
            "displayName": null
        },
        "period": {
            "label": "raw",
            "interval": "01:00:00",
            "datetimeFrom": {
                "utc": "2018-07-13T09:00:00Z",
                "local": "2018-07-13T02:00:00-07:00"
            },
            "datetimeTo": {
                "utc": "2018-07-13T10:00:00Z",
                "local": "2018-07-13T03:00:00-07:00"
            }
        },
        "coordinates": null,
        "summary": null,
        "coverage": {
            "expectedCount": 1,
            "expectedInterval": "01:00:00",
            "observedCount": 1,
            "observedInterval": "01:00:00",
            "percentComplete": 100.0,
            "percentCoverage": 100.0,
            "datetimeFrom": {
                "utc": "2018-07-13T09:00:00Z",
                "local": "2018-07-13T02:00:00-07:00"
            },
            "datetimeTo": {
                "utc": "2018-07-13T10:00:00Z",
                "local": "2018-07-13T03:00:00-07:00"
            }
        }
    },
    {
        "value": 8.0,
        "flagInfo": {
            "hasFlags": false
        },
        "parameter": {
            "id": 2,
            "name": "pm25",
            "units": "\u00b5g/m\u00b3",
            "displayName": null
        },
        "period": {
            "label": "raw",
            "interval": "01:00:00",
            "datetimeFrom": {
                "utc": "2018-07-13T10:00:00Z",
                "local": "2018-07-13T03:00:00-07:00"
            },
            "datetimeTo": {
                "utc": "2018-07-13T11:00:00Z",
                "local": "2018-07-13T04:00:00-07:00"
            }
        },
        "coordinates": null,
        "summary": null,
        "coverage": {
            "expectedCount": 1,
            "expectedInterval": "01:00:00",
            "observedCount": 1,
            "observedInterval": "01:00:00",
            "percentComplete": 100.0,
            "percentCoverage": 100.0,
            "datetimeFrom": {
                "utc": "2018-07-13T10:00:00Z",
                "local": "2018-07-13T03:00:00-07:00"
            },
            "datetimeTo": {
                "utc": "2018-07-13T11:00:00Z",
                "local": "2018-07-13T04:00:00-07:00"
            }
        }
    },
    {
        "value": 6.0,
        "flagInfo": {
            "hasFlags": false
        },
        "parameter": {
            "id": 2,
            "name": "pm25",
            "units": "\u00b5g/m\u00b3",
            "displayName": null
        },
        "period": {
            "label": "raw",
            "interval": "01:00:00",
            "datetimeFrom": {
                "utc": "2018-07-13T11:00:00Z",
                "local": "2018-07-13T04:00:00-07:00"
            },
            "datetimeTo": {
                "utc": "2018-07-13T12:00:00Z",
                "local": "2018-07-13T05:00:00-07:00"
            }
        },
        "coordinates": null,
        "summary": null,
        "coverage": {
            "expectedCount": 1,
            "expectedInterval": "01:00:00",
            "observedCount": 1,
            "observedInterval": "01:00:00",
            "percentComplete": 100.0,
            "percentCoverage": 100.0,
            "datetimeFrom": {
                "utc": "2018-07-13T11:00:00Z",
                "local": "2018-07-13T04:00:00-07:00"
            },
            "datetimeTo": {
                "utc": "2018-07-13T12:00:00Z",
                "local": "2018-07-13T05:00:00-07:00"
            }
        }
    },
    {
        "value": 4.0,
        "flagInfo": {
            "hasFlags": false
        },
        "parameter": {
            "id": 2,
            "name": "pm25",
            "units": "\u00b5g/m\u00b3",
            "displayName": null
        },
        "period": {
            "label": "raw",
            "interval": "01:00:00",
            "datetimeFrom": {
                "utc": "2018-07-13T12:00:00Z",
                "local": "2018-07-13T05:00:00-07:00"
            },
            "datetimeTo": {
                "utc": "2018-07-13T13:00:00Z",
                "local": "2018-07-13T06:00:00-07:00"
            }
        },
        "coordinates": null,
        "summary": null,
        "coverage": {
            "expectedCount": 1,
            "expectedInterval": "01:00:00",
            "observedCount": 1,
            "observedInterval": "01:00:00",
            "percentComplete": 100.0,
            "percentCoverage": 100.0,
            "datetimeFrom": {
                "utc": "2018-07-13T12:00:00Z",
                "local": "2018-07-13T05:00:00-07:00"
            },
            "datetimeTo": {
                "utc": "2018-07-13T13:00:00Z",
                "local": "2018-07-13T06:00:00-07:00"
            }
        }
    },
    {
        "value": 5.0,
        "flagInfo": {
            "hasFlags": false
        },
        "parameter": {
            "id": 2,
            "name": "pm25",
            "units": "\u00b5g/m\u00b3",
            "displayName": null
        },
        "period": {
            "label": "raw",
            "interval": "01:00:00",
            "datetimeFrom": {
                "utc": "2018-07-13T13:00:00Z",
                "local": "2018-07-13T06:00:00-07:00"
            },
            "datetimeTo": {
                "utc": "2018-07-13T14:00:00Z",
                "local": "2018-07-13T07:00:00-07:00"
            }
        },
        "coordinates": null,
        "summary": null,
        "coverage": {
            "expectedCount": 1,
            "expectedInterval": "01:00:00",
            "observedCount": 1,
            "observedInterval": "01:00:00",
            "percentComplete": 100.0,
            "percentCoverage": 100.0,
            "datetimeFrom": {
                "utc": "2018-07-13T13:00:00Z",
                "local": "2018-07-13T06:00:00-07:00"
            },
            "datetimeTo": {
                "utc": "2018-07-13T14:00:00Z",
                "local": "2018-07-13T07:00:00-07:00"
            }
        }
    },
    {
        "value": 6.0,
        "flagInfo": {
            "hasFlags": false
        },
        "parameter": {
            "id": 2,
            "name": "pm25",
            "units": "\u00b5g/m\u00b3",
            "displayName": null
        },
        "period": {
            "label": "raw",
            "interval": "01:00:00",
            "datetimeFrom": {
                "utc": "2018-07-13T14:00:00Z",
                "local": "2018-07-13T07:00:00-07:00"
            },
            "datetimeTo": {
                "utc": "2018-07-13T15:00:00Z",
                "local": "2018-07-13T08:00:00-07:00"
            }
        },
        "coordinates": null,
        "summary": null,
        "coverage": {
            "expectedCount": 1,
            "expectedInterval": "01:00:00",
            "observedCount": 1,
            "observedInterval": "01:00:00",
            "percentComplete": 100.0,
            "percentCoverage": 100.0,
            "datetimeFrom": {
                "utc": "2018-07-13T14:00:00Z",
                "local": "2018-07-13T07:00:00-07:00"
            },
            "datetimeTo": {
                "utc": "2018-07-13T15:00:00Z",
                "local": "2018-07-13T08:00:00-07:00"
            }
        }
    },
    {
        "value": 7.0,
        "flagInfo": {
            "hasFlags": false
        },
        "parameter": {
            "id": 2,
            "name": "pm25",
            "units": "\u00b5g/m\u00b3",
            "displayName": null
        },
        "period": {
            "label": "raw",
            "interval": "01:00:00",
            "datetimeFrom": {
                "utc": "2018-07-13T15:00:00Z",
                "local": "2018-07-13T08:00:00-07:00"
            },
            "datetimeTo": {
                "utc": "2018-07-13T16:00:00Z",
                "local": "2018-07-13T09:00:00-07:00"
            }
        },
        "coordinates": null,
        "summary": null,
        "coverage": {
            "expectedCount": 1,
            "expectedInterval": "01:00:00",
            "observedCount": 1,
            "observedInterval": "01:00:00",
            "percentComplete": 100.0,
            "percentCoverage": 100.0,
            "datetimeFrom": {
                "utc": "2018-07-13T15:00:00Z",
                "local": "2018-07-13T08:00:00-07:00"
            },
            "datetimeTo": {
                "utc": "2018-07-13T16:00:00Z",
                "local": "2018-07-13T09:00:00-07:00"
            }
        }
    },
    {
        "value": 1.0,
        "flagInfo": {
            "hasFlags": false
        },
        "parameter": {
            "id": 2,
            "name": "pm25",
            "units": "\u00b5g/m\u00b3",
            "displayName": null
        },
        "period": {
            "label": "raw",
            "interval": "01:00:00",
            "datetimeFrom": {
                "utc": "2018-07-13T16:00:00Z",
                "local": "2018-07-13T09:00:00-07:00"
            },
            "datetimeTo": {
                "utc": "2018-07-13T17:00:00Z",
                "local": "2018-07-13T10:00:00-07:00"
            }
        },
        "coordinates": null,
        "summary": null,
        "coverage": {
            "expectedCount": 1,
            "expectedInterval": "01:00:00",
            "observedCount": 1,
            "observedInterval": "01:00:00",
            "percentComplete": 100.0,
            "percentCoverage": 100.0,
            "datetimeFrom": {
                "utc": "2018-07-13T16:00:00Z",
                "local": "2018-07-13T09:00:00-07:00"
            },
            "datetimeTo": {
                "utc": "2018-07-13T17:00:00Z",
                "local": "2018-07-13T10:00:00-07:00"
            }
        }
    },
    {
        "value": 7.0,
        "flagInfo": {
            "hasFlags": false
        },
        "parameter": {
            "id": 2,
            "name": "pm25",
            "units": "\u00b5g/m\u00b3",
            "displayName": null
        },
        "period": {
            "label": "raw",
            "interval": "01:00:00",
            "datetimeFrom": {
                "utc": "2018-07-13T17:00:00Z",
                "local": "2018-07-13T10:00:00-07:00"
            },
            "datetimeTo": {
                "utc": "2018-07-13T18:00:00Z",
                "local": "2018-07-13T11:00:00-07:00"
            }
        },
        "coordinates": null,
        "summary": null,
        "coverage": {
            "expectedCount": 1,
            "expectedInterval": "01:00:00",
            "observedCount": 1,
            "observedInterval": "01:00:00",
            "percentComplete": 100.0,
            "percentCoverage": 100.0,
            "datetimeFrom": {
                "utc": "2018-07-13T17:00:00Z",
                "local": "2018-07-13T10:00:00-07:00"
            },
            "datetimeTo": {
                "utc": "2018-07-13T18:00:00Z",
                "local": "2018-07-13T11:00:00-07:00"
            }
        }
    }
]