[
    {
        "value": 14.0,
        "flagInfo": {
            "hasFlags": false
        },
        "parameter": {
            "id": 2,
            "name": "pm25",
            "units": "\u00b5g/m\u00b3",
            "displayName": null
        },
        "period": {
            "label": "raw",
            "interval": "01:00:00",
            "datetimeFrom": {
                "utc": "2017-10-13T13:00:00Z",
                "local": "2017-10-13T06:00:00-07:00"
            },
            "datetimeTo": {
                "utc": "2017-10-13T14:00:00Z",
                "local": "2017-10-13T07:00:00-07:00"
            }
        },
        "coordinates": null,
        "summary": null,
        "coverage": {
            "expectedCount": 1,
            "expectedInterval": "01:00:00",
            "observedCount": 1,
            "observedInterval": "01:00:00",
            "percentComplete": 100.0,
            "percentCoverage": 100.0,
            "datetimeFrom": {
                "utc": "2017-10-13T13:00:00Z",
                "local": "2017-10-13T06:00:00-07:00"
            },
            "datetimeTo": {
                "utc": "2017-10-13T14:00:00Z",
                "local": "2017-10-13T07:00:00-07:00"
            }
        }
    },
    {
        "value": 1.0,
        "flagInfo": {
            "hasFlags": false
        },
        "parameter": {
            "id": 2,
            "name": "pm25",
            "units": "\u00b5g/m\u00b3",
            "displayName": null
        },
        "period": {
            "label": "raw",
            "interval": "01:00:00",
            "datetimeFrom": {
                "utc": "2017-10-13T17:00:00Z",
                "local": "2017-10-13T10:00:00-07:00"
            },
            "datetimeTo": {
                "utc": "2017-10-13T18:00:00Z",
                "local": "2017-10-13T11:00:00-07:00"
            }
        },
        "coordinates": null,
        "summary": null,
        "coverage": {
            "expectedCount": 1,
            "expectedInterval": "01:00:00",
            "observedCount": 1,
            "observedInterval": "01:00:00",
            "percentComplete": 100.0,
            "percentCoverage": 100.0,
            "datetimeFrom": {
                "utc": "2017-10-13T17:00:00Z",
                "local": "2017-10-13T10:00:00-07:00"
            },
            "datetimeTo": {
                "utc": "2017-10-13T18:00:00Z",
                "local": "2017-10-13T11:00:00-07:00"
            }
        }
    }
]